Article Title,Article URL,Editorial Decision,Claim,Classification,Source,Source URL,Verification Status,Required Correction
Top 5 Free Online Courses That Can Get You a Job in 2026,(not live) /top-5-free-online-courses-that-can-get-you-a-job-in-2026,IMPROVE,"""Coursera's own completion data puts free-course finish rates in the single digits.""",VERIFIABLE,Open Praxis - 'Uncovering MOOC Completion: A Comparative Study of Completion Rates'; multiple MOOC completion-rate aggregations,https://openpraxis.org/articles/10.55982/openpraxis.16.3.606,Partially Confirmed,"The general finding (free MOOC completion rates commonly fall in the single digits to low teens, roughly 2-15%) is well supported by independent academic and industry research. However, no Coursera-published statistic attributing this figure to 'Coursera's own completion data' could be found — the attribution appears fabricated. Cite the independent research (e.g., published MOOC completion-rate studies) instead of attributing the number to Coursera itself."
Top 5 Free Online Courses That Can Get You a Job in 2026,(not live) /top-5-free-online-courses-that-can-get-you-a-job-in-2026,IMPROVE,"Google Career Certificates are ""recognized by 150+ employers including TCS, Infosys, and Wipro.""",VERIFIABLE,Grow with Google - Career Certificates Employer Consortium,https://grow.google/certificates,Partially Confirmed,"The '150+ employer consortium' figure and Infosys's participation are confirmed. TCS's and Wipro's specific membership in the formal Google Career Certificates Employer Consortium could not be independently confirmed from official Google/Coursera sources — the consortium as officially listed skews toward US employers (Deloitte, Verizon, Walmart, T-Mobile, etc.). Verify TCS and Wipro directly against the current consortium list on grow.google/certificates before publishing, or soften to 'employers including Infosys' unless confirmed."
Top 5 Free Online Courses That Can Get You a Job in 2026,(not live) /top-5-free-online-courses-that-can-get-you-a-job-in-2026,IMPROVE,"Coursera financial aid is ""approved in about 15 days, covers the certificate fee completely.""",VERIFIABLE,Class Central - Coursera Financial Aid help guide; multiple financial-aid guides,https://www.classcentral.com/help/coursera-financial-aid,Confirmed,"None. Coursera states a review window of roughly 15 business days, and approved aid typically covers 100% of the certificate/course fee (though it does not cover Coursera Plus, degree programs, or MasterTrack)."
Top 5 Free Online Courses That Can Get You a Job in 2026,(not live) /top-5-free-online-courses-that-can-get-you-a-job-in-2026,IMPROVE,"Harvard CS50 is ""the most-enrolled computer science course in the world.""",VERIFIABLE,Class Central - 'Harvard CS50 in 2026: How to Get a Free Certificate'; Harvard Gazette coverage of CS50,https://www.classcentral.com/report/cs50-free-certificate/,Partially Confirmed,"CS50 is widely and credibly reported as Harvard's largest course and edX's largest MOOC (2.8M+ enrollments), but no authoritative global ranking of 'most-enrolled CS course in the world' exists to fully verify the superlative. Soften to 'one of the most-enrolled computer science courses in the world' or cite the specific enrollment figure instead of an unverifiable global superlative."
Top 5 Free Online Courses That Can Get You a Job in 2026,(not live) /top-5-free-online-courses-that-can-get-you-a-job-in-2026,IMPROVE,"CS50's ""verified certificate costs $149 if you want it on LinkedIn.""",OUTDATED,Class Central - 'Harvard CS50 in 2026: How to Get a Free Certificate',https://www.classcentral.com/report/cs50-free-certificate/,Outdated,Current pricing for CS50's edX verified certificate is materially higher than $149 — recent sourcing puts it around $199 (with some course variants at $219-$299). Update the figure and confirm the exact current price directly on cs50.harvard.edu/x/certificate or edx.org/cs50 before publishing.
Top 5 Free Online Courses That Can Get You a Job in 2026,(not live) /top-5-free-online-courses-that-can-get-you-a-job-in-2026,IMPROVE,"NPTEL's ""proctored exam fee is around ₹1,000.""",VERIFIABLE,"NPTEL/Swayam official program details, via Careers360 NPTEL exam guide",https://www.careers360.com/exams/nptel,Confirmed,"None. The proctored certification exam fee is ₹1,000 per course for general-category candidates (discounted ₹500-750 for SC/ST/PwD categories)."
Top 5 Free Online Courses That Can Get You a Job in 2026,(not live) /top-5-free-online-courses-that-can-get-you-a-job-in-2026,IMPROVE,"LinkedIn Learning has ""over 21,000 courses.""",VERIFIABLE,Class Central - LinkedIn Learning provider page; LinkedIn Learning product materials,https://www.classcentral.com/provider/linkedin-learning,Partially Confirmed,"The 21,000+ figure roughly matches the free-trial/individual catalog size cited in current sources, but figures across LinkedIn's own materials range from ~21,000 to 25,000+ depending on plan tier and counting method. Fine as an approximate figure; note it may undercount the current full catalog."
Top 5 Free Online Courses That Can Get You a Job in 2026,(not live) /top-5-free-online-courses-that-can-get-you-a-job-in-2026,IMPROVE,"AWS Skill Builder's ""free tier includes 500+ courses"" and ""the certification exam costs around $100.""",VERIFIABLE,AWS Skill Builder official site; AWS Certified Cloud Practitioner exam pricing guides,https://skillbuilder.aws/,Confirmed,"None. AWS Skill Builder's free tier offers 500+ (some current sourcing says 600+) free courses, and the AWS Certified Cloud Practitioner exam has a flat $100 USD registration fee (India pricing runs roughly ₹9,800 including taxes)."
Top 5 Free Online Courses That Can Get You a Job in 2026,(not live) /top-5-free-online-courses-that-can-get-you-a-job-in-2026,IMPROVE,"""AWS-certified roles in India commonly pay ₹8-25 LPA depending on experience.""",VERIFIABLE,K21Academy - 'AWS Salary in India 2026: Role-Wise Guide',https://k21academy.com/aws-cloud/aws-salary-in-india/,Partially Confirmed,"Broadly plausible as a mid-band figure, but current salary research shows a wider and more skewed distribution: entry-level/fresher AWS roles often start around ₹4-8 LPA, while specialized/experienced certified roles (Solutions Architect Professional, ML, Security) commonly reach ₹22-45 LPA or higher. Cite a specific salary-aggregator source (e.g., AmbitionBox, Glassdoor, or the K21Academy guide) and clarify that ₹8-25 LPA represents a mid-experience band, not the full range."
Top 5 Free Online Courses That Can Get You a Job in 2026,(not live) /top-5-free-online-courses-that-can-get-you-a-job-in-2026,IMPROVE,"""I signed up for four different free courses in the same month once, convinced I'd power through all of them. I finished zero.""",EXPERIENCE,,,N/A,"First-person anecdote; unverifiable by nature. It reads as a generic, plausible-but-interchangeable admission used to illustrate the article's advice rather than a specific, detailed personal story — consider adding concrete specifics (which courses, what month) if it is meant to read as genuine lived experience, or flag internally if it is illustrative rather than factual."
Top 5 Free Online Courses That Can Get You a Job in 2026,(not live) /top-5-free-online-courses-that-can-get-you-a-job-in-2026,IMPROVE,"""The certificate alone opens the door for maybe ten seconds of extra attention.""",UNSUPPORTED,,,Could Not Verify,No source exists for a specific 'ten seconds' figure — this appears to be an invented precise-sounding number attached to a general (reasonable) point about certificates needing supporting evidence. Remove the fabricated specificity or rephrase as a general observation without a fake statistic.
Complete Guide to Getting a Software Job in India Without a Degree,https://techpulzo.in/complete-guide-to-getting-a-software-job-in-india-without-a-degree,IMPROVE,"""I work as a Java developer, and a fair number of people on my own team never finished a CS degree.""",EXPERIENCE,,,N/A,"First-person anecdote establishing the author's authority for the piece; unverifiable. Fine as a framing device as long as it is actually true of the author, but it is stated with no supporting detail (team size, company, roles)."
Complete Guide to Getting a Software Job in India Without a Degree,https://techpulzo.in/complete-guide-to-getting-a-software-job-in-india-without-a-degree,IMPROVE,"""I've sat in on interviews where a candidate's resume looked thin on paper, but their GitHub carried the whole conversation.""",EXPERIENCE,,,N/A,"First-person anecdote, unverifiable, and generic enough to read as a stock claim rather than a specific memory. Reads as plausible filler rather than a distinct lived episode — consider adding a concrete detail or clearly labeling it as a general observation."
Complete Guide to Getting a Software Job in India Without a Degree,https://techpulzo.in/complete-guide-to-getting-a-software-job-in-india-without-a-degree,IMPROVE,"Stack-wise 'job-ready' salary ranges: Frontend ₹4-12 LPA, Backend ₹5-15 LPA, Full Stack ₹6-18 LPA, Data Science ₹5-14 LPA.",VERIFIABLE,GreatFrontEnd / Recrew.ai - Frontend & Software Engineer Salary in India 2026 guides,https://www.recrew.ai/salary-guides/frontend-engineer-salary-in-india,Partially Confirmed,"Ranges are directionally plausible but skew high at the entry end for a first job: current data puts most freshers around ₹3.5-8 LPA even with strong skills, with ₹10-12 LPA+ typically reserved for product companies or exceptional candidates. Reframe the ranges as 'possible ceiling once employed, not a guaranteed starting point' or cite a specific salary aggregator for the figures used."
Complete Guide to Getting a Software Job in India Without a Degree,https://techpulzo.in/complete-guide-to-getting-a-software-job-in-india-without-a-degree,IMPROVE,"Fresher salary table: Startup ₹3-6 LPA, Mid-size ₹4-8 LPA, MNC ₹5-10 LPA (0-1 year experience); with 2 years: Startup ₹8-15 LPA, MNC ₹10-20 LPA.",VERIFIABLE,Instahyre - 'Software Engineer Salary in India 2026',https://resources.instahyre.com/blog/software-engineer-salary-in-india/,Partially Confirmed,"The 'startup' figures understate what funded/product startups pay (research shows ₹12-22 LPA for freshers at companies like Zerodha, Cred, Razorpay) while overstating what many small/bootstrapped startups pay. The MNC and mid-size figures are broadly in line with IT-services fresher data (₹3.5-9 LPA). Note that 'startup' spans an extremely wide range and the table's single band is misleading without that caveat; cite a specific salary source."
Complete Guide to Getting a Software Job in India Without a Degree,https://techpulzo.in/complete-guide-to-getting-a-software-job-in-india-without-a-degree,IMPROVE,"""Apply to 20-30 jobs per week. Expect a 5-10% callback rate.""",UNSUPPORTED,,,Could Not Verify,"No source could be found for either the 20-30/week application volume recommendation or the 5-10% callback-rate figure — these read as plausible but invented precise numbers. Either cite a real source (e.g., a job-search platform's aggregate data) or rephrase without specific unsourced percentages."
Complete Guide to Getting a Software Job in India Without a Degree,https://techpulzo.in/complete-guide-to-getting-a-software-job-in-india-without-a-degree,IMPROVE,"Free resources named as 'good enough to get hired' — The Odin Project, freeCodeCamp, CS50P, Kaggle Learn, and Full Stack Open by University of Helsinki.",VERIFIABLE,University of Helsinki - Full Stack Open course page,https://www.helsinki.fi/en/news/teaching/full-stack-open-online-course-full-stack-development-now-also-available-english,Confirmed,"None on the factual existence/free status of these platforms — Full Stack Open is confirmed as a genuinely free University of Helsinki course (with optional free ECTS credits), and the other named platforms (The Odin Project, freeCodeCamp, CS50P, Kaggle Learn) are all real, free resources. The 'good enough to get hired' framing itself is an opinion, not a checkable fact."
Complete Guide to Getting a Software Job in India Without a Degree,https://techpulzo.in/complete-guide-to-getting-a-software-job-in-india-without-a-degree,IMPROVE,"""Eight months — that is the honest timeline for a dedicated person"" (Month 1-8 job-search timeline breakdown).",UNSUPPORTED,,,Could Not Verify,"Presented as a definitive 'honest timeline' but is an unsourced generalization — actual time-to-hire varies enormously by stack, market conditions, and individual effort. Reframe as illustrative ('a realistic timeline might look like...') rather than a stated fact, or remove the false precision of 'eight months' as *the* honest answer."
"How to Save ₹1 Lakh in One Year on a ₹30,000 Salary",https://techpulzo.in/how-to-save-1-lakh-in-one-year-on-a-30000-salary,IMPROVE,"""A friend of mine asked me this exact question over chai last year, half-joking, half-desperate.""",EXPERIENCE,,,N/A,"Generic framing anecdote (friend, chai, vague timing) that reads as a stock opener rather than a specific, verifiable memory — flagged by the editorial note as needing removal or replacement with something more concrete, or removal in favor of leading directly with the math."
"How to Save ₹1 Lakh in One Year on a ₹30,000 Salary",https://techpulzo.in/how-to-save-1-lakh-in-one-year-on-a-30000-salary,IMPROVE,"""After tracking expenses of hundreds of people earning ₹25,000-35,000, these are the biggest leaks"" (Swiggy/Zomato, subscriptions, impulse shopping, cabs, eating out figures).",UNSUPPORTED,,,Could Not Verify,"No evidence of any such tracking study, survey, or dataset — this is presented as first-party research ('after tracking expenses of hundreds of people') with no methodology, sample, or citation, and no independent source corroborates it. This is the single most important fix flagged for this article: either cite a real survey/study on Indian urban spending patterns in this income band, or rewrite as an illustrative/opinion framing ('common leaks in this income range tend to include...') rather than claimed first-party research."
"How to Save ₹1 Lakh in One Year on a ₹30,000 Salary",https://techpulzo.in/how-to-save-1-lakh-in-one-year-on-a-30000-salary,IMPROVE,"""Monthly savings needed: ₹8,334 — that means saving 27% of your income every month.""",VERIFIABLE,"Internal arithmetic check (₹1,00,000 / 12 months)",,Contradicted,"₹8,334 / ₹30,000 = 27.78%, which rounds to 28%, not 27%. The article's own later 50-30-20 breakdown correctly states savings as 28% (₹8,400). Fix the '27%' figure to '28%' for internal consistency."
"How to Save ₹1 Lakh in One Year on a ₹30,000 Salary",https://techpulzo.in/how-to-save-1-lakh-in-one-year-on-a-30000-salary,IMPROVE,"""SBI/HDFC Savings account (separate, no debit card linked): 2.7-3% interest.""",OUTDATED,ClearTax - SBI and HDFC Savings Account Interest Rate 2026,https://cleartax.in/s/sbi-saving-account-interest-rate,Contradicted,"Current published rates for both SBI and HDFC savings accounts are 2.50% p.a. (for balances under ₹50 lakh), not the 2.7-3% stated. Update to the current figure and note both banks are effectively at the same rate now, not a range."
"How to Save ₹1 Lakh in One Year on a ₹30,000 Salary",https://techpulzo.in/how-to-save-1-lakh-in-one-year-on-a-30000-salary,IMPROVE,"""Recurring Deposit: 5-6.5% interest, auto-deducted monthly.""",OUTDATED,BankBazaar - Recurring Deposit Interest Rates in India 2026,https://www.bankbazaar.com/recurring-deposit-rates.html,Partially Confirmed,"Current RD rates at major banks run closer to 6.5-7.2% (including senior-citizen premiums), meaning the stated 5-6.5% range is on the low side and slightly outdated. Update the upper bound to reflect current typical rates (~6.5-7%)."
"How to Save ₹1 Lakh in One Year on a ₹30,000 Salary",https://techpulzo.in/how-to-save-1-lakh-in-one-year-on-a-30000-salary,IMPROVE,"""Liquid Mutual Fund (Paytm Money or Zerodha Coin): 6-7% returns, withdraw anytime.""",VERIFIABLE,GripInvest - 'Liquid Fund Returns In India 2026',https://www.gripinvest.in/blog/liquid-fund-returns,Confirmed,"None. Top liquid funds are currently delivering roughly 6.25-7% annualized returns, matching the stated range."
Zero-Based Budgeting: A Practical Guide to Giving Every Rupee a Job,https://techpulzo.in/zero-based-budgeting-how-to-build-a-budget-that-actually-works,IMPROVE,"""This used to be me, more months than I'd like to admit. Take-home pay of ₹40,000... By the 25th, there's ₹800 in the account.""",EXPERIENCE,,,N/A,"First-person anecdote opening the piece; unverifiable but plausible and specific enough (exact take-home figure, exact date, exact leftover amount) to read as more genuine than the site's other generic anecdotes. No correction needed beyond noting it can't be fact-checked."
Zero-Based Budgeting: A Practical Guide to Giving Every Rupee a Job,https://techpulzo.in/zero-based-budgeting-how-to-build-a-budget-that-actually-works,IMPROVE,"""Apps like YNAB (You Need A Budget) are built around the zero-based method.""",VERIFIABLE,YNAB official blog - 'How to Stress Less About Money: 4 Simple Rules',https://www.ynab.com/blog/ynab-four-rules-less-stress,Confirmed,"None. YNAB's own stated philosophy ('Give every dollar a job') is explicitly a zero-based budgeting method, confirming the claim. This is the one 'real named app example' the editorial note asked for — it checks out and can anchor the requested expansion of named tools."
Zero-Based Budgeting: A Practical Guide to Giving Every Rupee a Job,https://techpulzo.in/zero-based-budgeting-how-to-build-a-budget-that-actually-works,IMPROVE,"""The 50/30/20 rule splits income into fixed percentages: 50% needs, 30% wants, 20% savings.""",VERIFIABLE,"The Balance - 'The 50/30/20 Rule of Thumb for Budgeting' (originating with Sen. Elizabeth Warren, 'All Your Worth')",https://www.thebalancemoney.com/the-50-30-20-rule-of-thumb-453922,Confirmed,None. This is an accurate description of the well-documented 50/30/20 rule popularized by Elizabeth Warren and Amelia Warren Tyagi.
Zero-Based Budgeting: A Practical Guide to Giving Every Rupee a Job,https://techpulzo.in/zero-based-budgeting-how-to-build-a-budget-that-actually-works,IMPROVE,"Worked example table: Rent ₹12,000 + Groceries ₹6,000 + Transport ₹3,000 + Emergency fund/SIP ₹8,000 + Discretionary ₹6,000 + Buffer ₹5,000 = Total ₹40,000, 'nothing left unassigned.'",VERIFIABLE,Internal arithmetic check,,Confirmed,"None. The category amounts sum correctly to ₹40,000 with nothing left over."
Time Blocking: A Step-by-Step Guide to Scheduling Your Day Around Real Priorities,https://techpulzo.in/time-blocking-the-productivity-method-that-actually-works,IMPROVE,"""Pomodoro breaks work into short 25-minute sprints with 5-minute breaks.""",VERIFIABLE,Official Pomodoro Technique site - Francesco Cirillo biography/method description,https://www.pomodorotechnique.com/francesco-cirillo/,Confirmed,"None. This accurately describes Francesco Cirillo's original Pomodoro Technique (25-minute focus intervals, 5-minute breaks, longer break after four cycles)."
Time Blocking: A Step-by-Step Guide to Scheduling Your Day Around Real Priorities,https://techpulzo.in/time-blocking-the-productivity-method-that-actually-works,IMPROVE,"""I ran a to-do list app for years before switching to this, and I still remember the moment it clicked: twenty items on the list, no real sense of which would get done today.""",EXPERIENCE,,,N/A,"First-person anecdote; unverifiable. Reasonably specific (twenty items, a described moment) so it reads more genuine than some of the site's other anecdotes, but still cannot be fact-checked."
Time Blocking: A Step-by-Step Guide to Scheduling Your Day Around Real Priorities,https://techpulzo.in/time-blocking-the-productivity-method-that-actually-works,IMPROVE,"""Most people's estimates get noticeably better within two or three weeks of doing this"" (comparing time-block estimates to actual outcomes).",UNSUPPORTED,,,Could Not Verify,"No study or source supports the specific 'two or three weeks' timeframe for estimation improvement — this is a plausible but unverified claim dressed as a general finding. Rephrase as a general expectation ('most people notice their estimates improving within a few weeks') without the false precision, or drop the specific timeframe."
Time Blocking: A Step-by-Step Guide to Scheduling Your Day Around Real Priorities,https://techpulzo.in/time-blocking-the-productivity-method-that-actually-works,IMPROVE,"""My own blocks looked nothing like the template above for the first couple of weeks, and that's fine.""",EXPERIENCE,,,N/A,First-person anecdote closing the article; unverifiable but low-stakes and consistent with the article's practical framing. No correction needed beyond noting it can't be fact-checked.
"How to Build an Emergency Fund From Scratch, Whatever Your Income",https://techpulzo.in/how-to-build-an-emergency-fund-from-scratch-whatever-your-income,IMPROVE,"""A close friend's laptop died two weeks before a client deadline. A replacement cost ₹42,000.""",EXPERIENCE,,,N/A,"First-person/friend anecdote opening the piece; unverifiable, though the specific figure (₹42,000) and situational detail make it read as more plausible than a generic placeholder story. No correction needed beyond noting it can't be fact-checked."
"How to Build an Emergency Fund From Scratch, Whatever Your Income",https://techpulzo.in/how-to-build-an-emergency-fund-from-scratch-whatever-your-income,IMPROVE,"""The common advice is 3-6 months of essential expenses.""",VERIFIABLE,"CNBC Select - 'How much to save in an emergency fund' (citing Fidelity, FINRA, American Express, Wells Fargo)",https://www.cnbc.com/select/how-much-to-save-in-emergency-fund/,Confirmed,"None. The 3-6 months of essential-expenses guideline is broad, well-documented conventional financial advice from multiple major institutions (Fidelity, FINRA, American Express, Wells Fargo)."
"How to Build an Emergency Fund From Scratch, Whatever Your Income",https://techpulzo.in/how-to-build-an-emergency-fund-from-scratch-whatever-your-income,IMPROVE,"""Carrying 18-40% interest debt (credit cards, personal loans) while sitting on emergency savings earning 3-6% is a genuine net loss.""",VERIFIABLE,Forbes Advisor India - 'Credit Card Interest Rates',https://www.forbes.com/advisor/in/credit-card/credit-card-interest-rate/,Partially Confirmed,"Personal loan rates in India (roughly 10-24%) fit within the stated 18-40% range, but Indian credit card interest commonly runs 30-45% annually (some cards up to 48%), meaning the upper bound of the blended '18-40%' figure understates typical credit card APRs. The 3-6% savings/liquid-fund return figure is accurate. Widen or split the debt-interest range to reflect credit cards separately from personal loans."
"How to Build an Emergency Fund From Scratch, Whatever Your Income",https://techpulzo.in/how-to-build-an-emergency-fund-from-scratch-whatever-your-income,IMPROVE,"Milestone table: ₹1,000/month reaches ₹10,000 in 10 months and ₹90,000 (3 months' expenses) in ~7.5 years; ₹3,000/month reaches these in ~3.5 months and ~2.5 years; ₹5,000/month in 2 months and ~1.5 years.",VERIFIABLE,Internal arithmetic check,,Confirmed,"None. All figures check out arithmetically (e.g., ₹90,000 / ₹1,000 per month = 90 months = 7.5 years)."
"How to Build an Emergency Fund From Scratch, Whatever Your Income",https://techpulzo.in/how-to-build-an-emergency-fund-from-scratch-whatever-your-income,IMPROVE,"""Milestone 1 is achievable for almost anyone within a year.""",UNSUPPORTED,,,Could Not Verify,"Stated as a blanket fact ('almost anyone') with no data on income distribution or savings capacity to support it — for the lowest-income households, even ₹10,000/year may not be realistic. Soften to an opinion framing ('for most people with steady income, this is realistic within a year') rather than a universal claim."
How to Write a Resume That Gets Shortlisted,https://techpulzo.in/how-to-write-a-resume-that-actually-gets-shortlisted,IMPROVE,"""Why Most Resumes Get Skipped in Six Seconds"" / ""I've screened resumes for open roles on my own team, and it really is that fast.""",VERIFIABLE,TheLadders 2012/2018 Eye-Tracking Study,https://www.theladders.com/static/images/basicSite/pdfs/TheLadders-EyeTracking-StudyC2.pdf,Partially Confirmed,"A real study underlies this figure (TheLadders' 2012 eye-tracking study found ~6 seconds), but it is presented with unearned authority as a flat, current fact with no citation. Two corrections needed: (1) cite TheLadders study explicitly rather than presenting it as the author's own observation/general truth; (2) note TheLadders' own 2018 follow-up study revised the figure upward to 7.4 seconds, so '6 seconds' is dated. Also worth noting: that number measures time spent deciding whether to keep reading, not total evaluation time — self-reported recruiter data suggests several minutes per resume overall, so the framing risks being POTENTIALLY MISLEADING if presented as 'the entire screening time.'"
How to Write a Resume That Gets Shortlisted,https://techpulzo.in/how-to-write-a-resume-that-actually-gets-shortlisted,IMPROVE,"""I've screened resumes for open roles on my own team"" (used again later: ""it's the one I look for first when I'm the one reading"").",EXPERIENCE,,,N/A,"First-person claim of hiring/screening experience; unverifiable. Used to lend authority to the six-second claim above — if the underlying stat is really from TheLadders' study rather than personal observation, this framing conflates a cited study with lived experience and should be disentangled."
How to Write a Resume That Gets Shortlisted,https://techpulzo.in/how-to-write-a-resume-that-actually-gets-shortlisted,IMPROVE,"""Keep formatting simple (no tables or text boxes that scanning software can misread)"" when preparing a resume for ATS.",VERIFIABLE,Could not verify with a primary/vendor source this session (web search budget exhausted before a dedicated ATS-formatting source could be retrieved),,Could Not Verify,"This is widely repeated career-advice consensus (tables, text boxes, headers/footers, and columns are known to trip up many ATS parsers) and is very likely accurate, but no specific ATS vendor documentation or study was retrieved to confirm it in this pass. Before publishing, cite a concrete source such as Jobscan's ATS formatting guidance or a specific ATS vendor's (iCIMS, Workday) documentation rather than leaving it unattributed."
How to Write a Resume That Gets Shortlisted,https://techpulzo.in/how-to-write-a-resume-that-actually-gets-shortlisted,IMPROVE,"""Going over two pages for anything under 10 years of experience"" is listed among ""Mistakes That Get Resumes Rejected Instantly.""",UNSUPPORTED,,,Could Not Verify,"Presented as an instant-rejection fact with a specific experience threshold (10 years), but no source was found for this exact cutoff — resume-length norms vary by recruiter, industry, and region, and 'instant rejection' overstates the consequence for most real screening processes. Reframe as general best-practice guidance rather than a hard, sourced rule."
How to Write a Resume That Gets Shortlisted,https://techpulzo.in/how-to-write-a-resume-that-actually-gets-shortlisted,IMPROVE,"""How far back should work experience go? Generally the last 10 to 15 years... recruiters weight recent, relevant experience far more heavily than anything from over a decade ago.""",UNSUPPORTED,,,Could Not Verify,"Common career-advice convention, but no specific source was found backing the precise '10 to 15 years' window as opposed to other commonly cited windows (e.g., 'last two roles' or 'last 15 years' varies by source). Fine as general guidance; avoid presenting the specific year range as an established, sourced standard."
How Two-Factor Authentication Actually Stops the Most Common Account Hacks,https://techpulzo.in/how-two-factor-authentication-actually-stops-account-hacks,IMPROVE,Most account break-ins are automated credential-stuffing attacks — a password leaked from one breached site gets tried against thousands of other sites — and 2FA breaks this attack completely because the attacker has the password but not the second factor.,VERIFIABLE,OWASP Foundation — Credential Stuffing,https://owasp.org/www-community/attacks/Credential_stuffing,Confirmed,"Mechanism matches OWASP's definition exactly (automated injection of stolen username/password pairs into login forms, exploiting password reuse across sites). No correction needed; article could optionally cite OWASP OAT-008 for readers who want the formal classification."
How Two-Factor Authentication Actually Stops the Most Common Account Hacks,https://techpulzo.in/how-two-factor-authentication-actually-stops-account-hacks,IMPROVE,2FA blocks the overwhelming majority of automated takeover attempts / is 'close to a full stop' against credential stuffing.,VERIFIABLE,"Microsoft Identity Security (Alex Weinert, Group Program Manager for Identity Security)",https://www.microsoft.com/en-us/security/blog/2019/08/20/one-simple-action-you-can-take-to-prevent-99-9-percent-of-account-attacks/,Confirmed,"Directionally correct — Microsoft reports MFA blocks over 99.9% of automated account-compromise attempts, and Google separately found phone-based 2FA blocked 100% of automated bot attacks and 99% of bulk phishing attacks. The vague 'close to a full stop' phrasing could be strengthened by citing the actual 99.9% figure."
How Two-Factor Authentication Actually Stops the Most Common Account Hacks,https://techpulzo.in/how-two-factor-authentication-actually-stops-account-hacks,IMPROVE,"SIM-swap fraud, where someone convinces your carrier to move your number to their SIM, defeats SMS-based 2FA entirely.",VERIFIABLE,NIST Special Publication 800-63B — Digital Identity Guidelines (Authentication and Lifecycle Management),https://pages.nist.gov/800-63-3/sp800-63b.html,Confirmed,Accurate. NIST classifies SMS/PSTN-delivered OTPs as 'restricted' authenticators specifically because of SIM-swap and number-porting risk — an attacker who takes over the phone number receives the SMS codes instead of the account owner. No correction needed.
How Two-Factor Authentication Actually Stops the Most Common Account Hacks,https://techpulzo.in/how-two-factor-authentication-actually-stops-account-hacks,IMPROVE,"Authenticator apps generate a new 6-digit code every 30 seconds, entirely on your device, with no network request involved.",VERIFIABLE,IETF RFC 6238 — TOTP: Time-Based One-Time Password Algorithm,https://datatracker.ietf.org/doc/html/rfc6238,Confirmed,"Matches the TOTP standard exactly — a 6-digit code derived from a shared secret and the current time via HMAC, refreshed on a 30-second step, computed locally with no network call needed. No correction needed."
How Two-Factor Authentication Actually Stops the Most Common Account Hacks,https://techpulzo.in/how-two-factor-authentication-actually-stops-account-hacks,IMPROVE,"Hardware security keys can't be phished — even if you're tricked into visiting a fake login page, the key won't respond to it.",VERIFIABLE,NIST SP 800-63B Digital Identity Guidelines; FIDO Alliance (FIDO2/WebAuthn),https://pages.nist.gov/800-63-3/sp800-63b.html,Confirmed,"Accurate. FIDO2/WebAuthn hardware keys are phishing-resistant because authentication is cryptographically bound to the exact requesting domain (origin binding), so a fake look-alike site cannot obtain a valid response. NIST rates this at Authenticator Assurance Level 3 (AAL3), the highest tier, and CISA describes it as the 'gold standard' for MFA. No correction needed."
How Two-Factor Authentication Actually Stops the Most Common Account Hacks,https://techpulzo.in/how-two-factor-authentication-actually-stops-account-hacks,IMPROVE,"Passkeys remove passwords from the equation altogether, using device-based cryptographic authentication (fingerprint, face, or device PIN); Google, Apple, and Microsoft increasingly support them.",VERIFIABLE,FIDO Alliance — Passkeys,https://fidoalliance.org/passkeys/,Confirmed,"Accurate description of FIDO/WebAuthn passkeys as device-bound public-key credentials unlocked via biometrics or PIN, and correct that Google, Apple, and Microsoft have all adopted the standard. No correction needed."
How Two-Factor Authentication Actually Stops the Most Common Account Hacks,https://techpulzo.in/how-two-factor-authentication-actually-stops-account-hacks,IMPROVE,"Most authenticator apps let you export or transfer accounts to a new device, so long as it's done before wiping the old one.",POTENTIALLY MISLEADING,,,N/A,"True for current versions of major apps (Google Authenticator added cloud sync/export in April 2023; Microsoft Authenticator and Authy support cloud backup/transfer), but this was NOT true historically — pre-2023 Google Authenticator had no export feature and caused widespread lockouts — and some less common apps still lack it. The article should tell readers to verify their specific app supports export/backup rather than assuming it as a general rule."
How Two-Factor Authentication Actually Stops the Most Common Account Hacks,https://techpulzo.in/how-two-factor-authentication-actually-stops-account-hacks,IMPROVE,The single most common 2FA disaster isn't getting hacked — it's losing the phone with the authenticator app on it and never saving backup codes.,UNSUPPORTED,,,Could Not Verify,"Plausible and consistent with widely-reported anecdotal support-forum evidence, but no authoritative statistic ranking causes of 2FA lockouts was found. Should be softened to 'a common cause of...' rather than asserted as definitively 'the single most common' disaster."
Freelancing vs a Full-Time Job in India — What You're Actually Trading Off,https://techpulzo.in/freelancing-vs-a-full-time-job-in-india-what-youre-actually-trading-off,IMPROVE,"EPF employer contribution — typically 12% of basic pay, added by the employer on top of your own contribution.",VERIFIABLE,"EPFO (Employees' Provident Fund Organisation, Ministry of Labour & Employment, Government of India)",https://www.epfindia.gov.in/site_en/FAQ.php/FAQ.php,Partially Confirmed,"The 12% figure (of basic + DA) is the correct standard employer contribution rate, but it doesn't all become EPF retirement savings as implied: 3.67% of the employer's 12% goes into the employee's EPF account while 8.33% is diverted to the Employees' Pension Scheme (EPS), subject to a wage ceiling. Establishments with fewer than 20 employees, or in certain specified sectors, may have a reduced 10% rate instead. Article should clarify this split."
Freelancing vs a Full-Time Job in India — What You're Actually Trading Off,https://techpulzo.in/freelancing-vs-a-full-time-job-in-india-what-youre-actually-trading-off,IMPROVE,A full-time role typically includes gratuity after continuous service.,VERIFIABLE,"Payment of Gratuity Act, 1972 (Ministry of Labour & Employment, Government of India)",https://labour.gov.in/sites/default/files/the_payment_of_gratuity_act_1972_0_0.pdf,Partially Confirmed,"True but vague. Gratuity under the Act requires 5 years of continuous service (with an exception: 4 years plus 240 working days in the 5th year counts as completed), and only applies to establishments with 10 or more employees — it is not a universal feature of every full-time job. Article should state the 5-year threshold explicitly since it's presented as a blanket job benefit."
Freelancing vs a Full-Time Job in India — What You're Actually Trading Off,https://techpulzo.in/freelancing-vs-a-full-time-job-in-india-what-youre-actually-trading-off,IMPROVE,A freelancer needs to track and file GST if annual income crosses the threshold (no number given).,POTENTIALLY MISLEADING,"CBIC / GST Council, Government of India",https://www.gst.gov.in/,Partially Confirmed,"True in principle but unusable without the actual number, which is precisely what this article was flagged for omitting. The GST registration threshold for service providers (the category most freelancers fall under) is ₹20 lakh in aggregate annual turnover (₹10 lakh in special category states), in effect since April 1, 2019 per the GST Council's 32nd meeting decision. The ₹40 lakh threshold applies to suppliers of goods, not typically to freelance services. Article should state '₹20 lakh (₹10 lakh in special category states) for service providers' explicitly."
Freelancing vs a Full-Time Job in India — What You're Actually Trading Off,https://techpulzo.in/freelancing-vs-a-full-time-job-in-india-what-youre-actually-trading-off,IMPROVE,A freelancer is responsible for their own advance tax payments through the year (deadlines not stated).,POTENTIALLY MISLEADING,"Income Tax Department, Government of India (Income Tax Act, 1961, Sections 208 and 211)",https://www.incometax.gov.in/iec/foportal/,Partially Confirmed,"True but incomplete — this is the second omission the article was flagged for. Advance tax is due in four cumulative instalments: 15% by 15 June, 45% by 15 September, 75% by 15 December, and 100% by 15 March, and applies to anyone with an estimated annual tax liability above ₹10,000. Freelancers/professionals filing under presumptive taxation (Sections 44AD/44ADA) get a concession — they may pay 100% in a single instalment by 15 March. Article should state these actual dates since it warns about 'miscalculating' without ever giving the calendar."
Freelancing vs a Full-Time Job in India — What You're Actually Trading Off,https://techpulzo.in/freelancing-vs-a-full-time-job-in-india-what-youre-actually-trading-off,IMPROVE,Miscalculating advance tax leads to interest penalties that a salaried employee never has to think about.,VERIFIABLE,"Income Tax Act, 1961 — Sections 234B and 234C",https://www.incometax.gov.in/iec/foportal/,Confirmed,"Accurate — Section 234C charges 1% per month interest on shortfalls against each quarterly instalment, and Section 234B charges 1% per month if total advance tax paid is under 90% of assessed tax by year-end. Correct as stated; naming the specific sections would strengthen the claim for readers."
Freelancing vs a Full-Time Job in India — What You're Actually Trading Off,https://techpulzo.in/freelancing-vs-a-full-time-job-in-india-what-youre-actually-trading-off,IMPROVE,"Before leaving a stable salary, the standard advice is a buffer of at least six months of expenses sitting untouched.",OPINION,,,N/A,"Widely-repeated personal-finance rule of thumb, not a regulated or empirically-fixed figure. Reasonable general guidance but should be framed as conventional advice/opinion, not verifiable fact."
Freelancing vs a Full-Time Job in India — What You're Actually Trading Off,https://techpulzo.in/freelancing-vs-a-full-time-job-in-india-what-youre-actually-trading-off,IMPROVE,Deliberately keeping no single client above 30-40% of total income is a common risk-management habit among freelancers who've been doing this for years.,OPINION,,,N/A,Reasonable freelance risk-management heuristic but not backed by a cited statistic or survey of freelancer behavior — presented as conventional wisdom rather than data. Fine as opinion/advice; should not be read as a verified figure.
SIP vs Lump Sum: How to Actually Decide Where to Put Your Money,https://techpulzo.in/sip-vs-lump-sum-how-to-actually-decide-where-to-put-your-money,IMPROVE,Both SIP and lump sum investments in equity mutual funds follow the same capital gains tax rules (the article never states the actual current LTCG rate or exemption threshold anywhere in the piece).,POTENTIALLY MISLEADING,"Income Tax Department, Government of India — Section 112A of the Income Tax Act, 1961 (as amended by the Finance Act 2024 / Union Budget 2024)",https://www.incometax.gov.in/iec/foportal/,Partially Confirmed,"The general point (identical rules apply to both) is correct, but the article omits the actual numbers, which is exactly the gap it was flagged for on a YMYL topic. Current rule: long-term capital gains on equity shares/equity-oriented mutual fund units (STT paid) held over 12 months are taxed at 12.5% on gains exceeding ₹1.25 lakh per financial year, effective for transfers on or after 23 July 2024 (Budget 2024/Finance Act 2024). This replaced the earlier 10% rate above a ₹1 lakh exemption. Short-term capital gains (under 12 months) on the same instruments are taxed at 20%. The editorial note's proposed figure — 12.5% above ₹1.25 lakh — is correct and current as of August 2026 and should be stated explicitly in the article."
SIP vs Lump Sum: How to Actually Decide Where to Put Your Money,https://techpulzo.in/sip-vs-lump-sum-how-to-actually-decide-where-to-put-your-money,IMPROVE,"A SIP is really a series of separate purchases, so each monthly installment has its own one-year clock for long-term capital gains treatment. A lump sum has just one clock, starting from the single date of investment.",VERIFIABLE,"Income Tax Act, 1961 — Section 2(42A) read with Section 112A (holding-period rules for mutual fund units)",https://www.incometax.gov.in/iec/foportal/,Confirmed,"Accurate — each SIP instalment is legally treated as an independent purchase for holding-period purposes, so its own 12-month LTCG clock starts from that instalment's specific transaction date. No correction needed."
SIP vs Lump Sum: How to Actually Decide Where to Put Your Money,https://techpulzo.in/sip-vs-lump-sum-how-to-actually-decide-where-to-put-your-money,IMPROVE,"Historically, markets rise more often than they fall over long periods, so on average, investing immediately has outperformed spreading it out; Lump sum investing has historically outperformed SIP on average, simply because markets rise more often than they fall over time.",VERIFIABLE,"Vanguard Research — 'Cost averaging: invest now or temporarily hold your cash?' (US/UK/Australia markets, rolling periods 1976-2022)",https://corporate.vanguard.com/content/dam/corp/research/pdf/cost_averaging_invest_now_or_temporarily_hold_your_cash.pdf,Partially Confirmed,"Directionally correct globally — Vanguard's research found lump-sum investing beat dollar-cost-averaging in roughly 62-74% of rolling one-year periods across the US, UK, and Australia (1976-2022), because markets rise more often than they fall. However, this is global/developed-market data comparing lump sum vs. DCA of the same cash pool, not an India-specific finding, and it doesn't map cleanly onto India's SIP-from-salary pattern. An India-specific 23-year rolling-return backtest on the Nifty 50 (704 rolling windows) found results much closer to a coin flip depending on horizon: SIP won ~52% of 5-year windows while lump sum won ~52% of 15-year windows, with average return gaps of only 0.5-1.5%. The article's blanket, source-free claim should be qualified — the lump-sum edge is well-established in long-run US/global data but is thinner and horizon-dependent in Indian market data specifically, and no source is currently cited in the article at all."
SIP vs Lump Sum: How to Actually Decide Where to Put Your Money,https://techpulzo.in/sip-vs-lump-sum-how-to-actually-decide-where-to-put-your-money,IMPROVE,"Comparison table: Historical long-term return for lump sum is 'slightly higher on average, more volatile short-term' versus SIP's 'solid, market-linked' return.",VERIFIABLE,Vanguard Research (cited above); India-specific Nifty 50 rolling-return backtest analysis,https://corporate.vanguard.com/content/dam/corp/research/pdf/cost_averaging_invest_now_or_temporarily_hold_your_cash.pdf,Partially Confirmed,"'Slightly higher on average' understates the global data (Vanguard found lump sum ~2.3 percentage points higher average return than DCA over 12-month implementation windows for a 60/40 portfolio) but overstates the Indian-market edge specifically, where recent Nifty 50 backtests show returns much closer to even and dependent on which time horizon and market regime is examined. Should cite an actual source rather than presenting this as a settled, self-evident consensus figure."
SIP vs Lump Sum: How to Actually Decide Where to Put Your Money,https://techpulzo.in/sip-vs-lump-sum-how-to-actually-decide-where-to-put-your-money,IMPROVE,"Both approaches assume a long horizon, typically 5+ years for equity investments, to let short-term volatility average out.",OPINION,,,N/A,"Standard, widely-repeated investment guidance (echoed in AMFI investor-education material) but not a regulatory rule tied to one fixed number. Reasonable as general guidance; should be framed as conventional wisdom rather than a verified fact."
SIP vs Lump Sum: How to Actually Decide Where to Put Your Money,https://techpulzo.in/sip-vs-lump-sum-how-to-actually-decide-where-to-put-your-money,IMPROVE,A Systematic Transfer Plan (STP) moves the lump sum from a low-risk fund into your target fund in fixed chunks over time — effectively converting a lump sum into a SIP-like pattern.,VERIFIABLE,"HDFC Mutual Fund — investor education, 'What is Systematic Transfer Plan (STP)'",https://www.hdfcfund.com/learn/blog/what-systematic-transfer-plan-stp-mutual-funds,Confirmed,"Accurately describes how an STP works — periodic, fixed-amount transfers from a source scheme (typically liquid/debt) into a target equity scheme, achieving a SIP-like averaging effect. No correction needed; SEBI mandates a minimum of six STP transactions."
SIP vs Lump Sum: How to Actually Decide Where to Put Your Money,https://techpulzo.in/sip-vs-lump-sum-how-to-actually-decide-where-to-put-your-money,IMPROVE,"If it's already in hand and you can stay calm through a 15-20% drop without panic-selling, investing it upfront has the better long-run odds.",OPINION,,,N/A,"Reasonable practical/behavioral framing, but the specific '15-20% drop' figure is not tied to any cited study or statistic. Fine as guidance; should not be read as an empirically-derived threshold."
SQL Basics: The Queries Every Beginner Should Know,https://techpulzo.in/sql-basics-the-queries-every-beginner-should-actually-know,IMPROVE,"WHERE column = NULL never matches anything, even for rows where the column has no value; use IS NULL / IS NOT NULL instead.",VERIFIABLE,W3Schools - SQL NULL Values,https://www.w3schools.com/sql/sql_null_values.asp,Confirmed,"None needed — comparison with NULL using = always yields UNKNOWN, so the row is excluded; IS NULL/IS NOT NULL is the correct approach as stated."
SQL Basics: The Queries Every Beginner Should Know,https://techpulzo.in/sql-basics-the-queries-every-beginner-should-actually-know,IMPROVE,"WHERE filters rows before grouping, HAVING filters after a GROUP BY.",VERIFIABLE,PostgreSQL Documentation - Aggregate Functions tutorial,https://www.postgresql.org/docs/current/tutorial-agg.html,Confirmed,None — this is standard SQL execution order and matches official documentation.
SQL Basics: The Queries Every Beginner Should Know,https://techpulzo.in/sql-basics-the-queries-every-beginner-should-actually-know,IMPROVE,"An INNER JOIN (the default kind of JOIN) only returns rows that match in both tables, while a LEFT JOIN keeps every row from the first table and fills NULL for unmatched rows from the second.",VERIFIABLE,PostgreSQL Documentation - Table Expressions (Joined Tables),https://www.postgresql.org/docs/current/queries-table-expressions.html#QUERIES-JOIN,Confirmed,None needed — accurately describes standard SQL JOIN semantics.
SQL Basics: The Queries Every Beginner Should Know,https://techpulzo.in/sql-basics-the-queries-every-beginner-should-actually-know,IMPROVE,"Most databases support an EXPLAIN command that shows how the database intends to execute a query, whether it uses an index or scans the full table.",VERIFIABLE,PostgreSQL Documentation - EXPLAIN,https://www.postgresql.org/docs/current/sql-explain.html,Confirmed,"None — accurate description of EXPLAIN's function; equivalent commands exist in MySQL, SQLite, SQL Server."
SQL Basics: The Queries Every Beginner Should Know,https://techpulzo.in/sql-basics-the-queries-every-beginner-should-actually-know,IMPROVE,A free PostgreSQL instance on a platform like Neon or Supabase lets you run real queries against sample data in a browser within minutes.,VERIFIABLE,Neon and Supabase official pricing pages,https://neon.tech/pricing,Confirmed,None — both Neon and Supabase offer genuine free-tier hosted Postgres instances as of 2026.
SQL Basics: The Queries Every Beginner Should Know,https://techpulzo.in/sql-basics-the-queries-every-beginner-should-actually-know,IMPROVE,"""I've watched a teammate do exactly this on a staging database, and the panic in the room while we restored from backup is not something I want to repeat on production.""",EXPERIENCE,,,N/A,"First-person anecdote, unverifiable by nature. Reads as a generic, plausible-but-unspecific stock anecdote (no team, company, or concrete detail given) — flag as likely illustrative rather than a genuine recounted incident; consider adding specific detail or softening the framing."
How to Speed Up a Slow Android Phone in 2026 — Without Buying a New One,https://techpulzo.in/how-to-speed-up-a-slow-android-phone-without-buying-a-new-one,IMPROVE,"Android slows down hard once storage crosses about 90% full, because the system needs free space to manage cache and background swapping.",POTENTIALLY MISLEADING,"MakeUseOf - ""This is the real reason your phone feels slow"" / Tuxera flash storage analysis",https://www.makeuseof.com/the-real-reason-your-phone-feels-slow-isnt-the-processor/,Partially Confirmed,"The underlying mechanism (flash storage controllers need free blocks for wear-leveling/caching, and performance can degrade as usable space shrinks) is real, but a hard '90%' threshold with 'slows down hard' framing overstates the consensus — several tech analyses note modern devices with proper file systems show little to no perceptible slowdown until storage is nearly completely full, and real-world slowdowns are more often attributed to background bloat, battery wear, and aging components. Soften the claim and avoid presenting 90% as an exact, universally-documented cutoff."
How to Speed Up a Slow Android Phone in 2026 — Without Buying a New One,https://techpulzo.in/how-to-speed-up-a-slow-android-phone-without-buying-a-new-one,IMPROVE,"Budget phones from several years ago often used slower eMMC storage rather than faster UFS storage, and this alone can make file access and app-opening noticeably slower.",VERIFIABLE,Flexxon - eMMC vs SSD vs UFS Storage Comparison Guide,https://www.flexxon.com/emmc-vs-ssd-vs-ufs-storage-comparison-guide/,Confirmed,None needed — UFS is measurably faster than eMMC (sequential reads roughly 2-16x depending on generation) and this materially affects app loading and file access speed.
How to Speed Up a Slow Android Phone in 2026 — Without Buying a New One,https://techpulzo.in/how-to-speed-up-a-slow-android-phone-without-buying-a-new-one,IMPROVE,"Tap 'Build Number' seven times under Settings → About Phone to unlock Developer Options, then set animation scales to 0.5x or Off.",VERIFIABLE,Android Developers - Configure on-device developer options,https://developer.android.com/studio/debug/dev-options,Confirmed,"None — this is the official, documented method to enable Developer Options and adjust animation scales on Android."
How to Speed Up a Slow Android Phone in 2026 — Without Buying a New One,https://techpulzo.in/how-to-speed-up-a-slow-android-phone-without-buying-a-new-one,IMPROVE,"Third-party 'RAM booster'/'phone cleaner' apps typically make things worse by force-closing background apps, since Android's own memory manager already does this more intelligently, and force-closed apps have to fully reload rather than resuming.",VERIFIABLE,Android Developers - Overview of memory management / processes and app lifecycle,https://developer.android.com/topic/performance/memory-overview,Confirmed,None — this aligns with Google's own guidance that Android's Low Memory Killer manages background processes automatically and that third-party task killers are generally counterproductive.
How to Speed Up a Slow Android Phone in 2026 — Without Buying a New One,https://techpulzo.in/how-to-speed-up-a-slow-android-phone-without-buying-a-new-one,IMPROVE,"""Before spending ₹15,000+ on a replacement, work through these fixes in the order that matters.""",UNSUPPORTED,,,Could Not Verify,"No source given for ₹15,000 as a representative replacement-phone price point; it's a plausible budget-Android figure for 2026 but presented as if it were an established benchmark. Either cite a specific price source/model or reframe as a rough illustrative figure."
How to Speed Up a Slow Android Phone in 2026 — Without Buying a New One,https://techpulzo.in/how-to-speed-up-a-slow-android-phone-without-buying-a-new-one,IMPROVE,"""My own phone did this to me last year, and I nearly ordered a replacement before looking into why."" / ""Clear storage first, restrict background apps second, turn off animations third — those three alone fixed my own phone.""",EXPERIENCE,,,N/A,"First-person anecdote, unverifiable. Reads as a generic device-agnostic story with no specific phone model, symptom, or timeframe — likely a stock framing device rather than a documented personal account. Consider adding concrete specifics or clearly labeling as illustrative."
Google Drive vs OneDrive vs iCloud in 2026 — Which Cloud Storage Fits You,https://techpulzo.in/google-drive-vs-onedrive-vs-icloud-which-cloud-storage-to-use,IMPROVE,"Google Drive's 15GB free tier is shared across Gmail, Google Photos, and Drive combined.",VERIFIABLE,Google One - Plans & Pricing,https://one.google.com/about/plans,Confirmed,"None — Google's free tier remains 15GB shared across Gmail, Drive, and Photos as of 2026."
Google Drive vs OneDrive vs iCloud in 2026 — Which Cloud Storage Fits You,https://techpulzo.in/google-drive-vs-onedrive-vs-icloud-which-cloud-storage-to-use,IMPROVE,"OneDrive and iCloud both start smaller, at 5GB free.",VERIFIABLE,Microsoft Support - Microsoft storage quotas; Apple Support - Manage your iCloud storage,https://support.microsoft.com/en-us/onedrive/microsoft-storage-quotas,Confirmed,"None — a free Microsoft account includes 5GB of OneDrive storage, and a free Apple Account includes 5GB of iCloud storage, both unchanged as of 2026 (iCloud's 5GB has been unchanged since 2011)."
Google Drive vs OneDrive vs iCloud in 2026 — Which Cloud Storage Fits You,https://techpulzo.in/google-drive-vs-onedrive-vs-icloud-which-cloud-storage-to-use,IMPROVE,Google Drive and OneDrive both typically keep prior file versions for 30 days on standard/personal plans.,VERIFIABLE,Google Drive Help - Check activity & file versions; Microsoft Support - Restore a previous version of a file,https://support.google.com/drive/answer/2409045,Confirmed,"None — Google Drive retains up to 100 revisions with older-than-30-day versions auto-deleted (unless marked 'Keep forever'), and personal OneDrive retains version history for 30 days by default."
Google Drive vs OneDrive vs iCloud in 2026 — Which Cloud Storage Fits You,https://techpulzo.in/google-drive-vs-onedrive-vs-icloud-which-cloud-storage-to-use,IMPROVE,iCloud's version history is more limited and tied closely to specific apps like Pages and Numbers rather than working uniformly across arbitrary file types.,VERIFIABLE,Apple Support - iCloud Drive and Finder documentation,https://support.apple.com/en-us/108922,Partially Confirmed,"Broadly accurate — iCloud's most robust version history is within iWork apps (Pages/Numbers/Keynote), while generic iCloud Drive files rely on macOS Finder's system-wide Versions feature, which is less consistently surfaced across platforms (notably absent on Windows/Android) than Google Drive's or OneDrive's version history. Minor nuance worth adding rather than a full correction."
Google Drive vs OneDrive vs iCloud in 2026 — Which Cloud Storage Fits You,https://techpulzo.in/google-drive-vs-onedrive-vs-icloud-which-cloud-storage-to-use,IMPROVE,"""I was paying for two cloud subscriptions myself until I sat down and compared them..."" / ""When I finally did this cleanup on my own account, I bought back almost a year before needing to pay for anything extra.""",EXPERIENCE,,,N/A,"First-person anecdote, unverifiable. Generic framing with no specifics (which two services, how much storage, what was deleted) — reads as an illustrative device rather than a documented account."
Google Drive vs OneDrive vs iCloud in 2026 — Which Cloud Storage Fits You,https://techpulzo.in/google-drive-vs-onedrive-vs-icloud-which-cloud-storage-to-use,IMPROVE,"OneDrive comes bundled with a Microsoft 365 subscription, giving substantially more storage (up to 1TB personal, up to 6TB family) than the free tier.",VERIFIABLE,Microsoft - OneDrive Plans and Pricing,https://www.microsoft.com/en-us/microsoft-365/onedrive/onedrive-plans-and-pricing,Confirmed,"None — Microsoft 365 Personal includes 1TB and Family includes up to 6TB (1TB per person, up to 6 people) as of 2026."
How to Negotiate Your Salary in India — What Works,https://techpulzo.in/how-to-negotiate-your-salary-in-india-what-actually-works,IMPROVE,"""You're not obligated to [disclose your current salary], and in several Indian states this question is increasingly discouraged anyway.""",POTENTIALLY MISLEADING,HR Dive - 'A running list of states and localities that have outlawed pay history questions'; general research on Indian labour law,https://www.hrdive.com/news/salary-history-ban-states-list/516662/,Contradicted,"Salary-history-question bans are a documented U.S. phenomenon (22 states plus D.C. and numerous cities as of 2024-2026), first passed in Massachusetts in 2016 — there is no equivalent Indian state law. Research into Indian labour law (Code on Wages 2019, etc.) found no statutory prohibition on employers asking about previous salary in any Indian state. This claim appears to import a U.S. legal concept and misattribute it to India; it should be removed or rewritten to state clearly that disclosure is not legally required but is also not restricted by any known state law in India."
How to Negotiate Your Salary in India — What Works,https://techpulzo.in/how-to-negotiate-your-salary-in-india-what-actually-works,IMPROVE,"""Accepting a counter-offer to stay is statistically associated with leaving within a year anyway.""",UNSUPPORTED,Momentum Search Partners - 'Statistics Reveal a Surprising Truth about Counteroffers',https://www.momentumlegal.com/news/surprising-data-about-counteroffers/,Could Not Verify,"The commonly cited figure (roughly 80% of people who accept a counteroffer leave within 6 months, ~90% within a year) traces back to recruiting-industry anecdote rather than a rigorous, citable study; multiple sources explicitly flag it as lacking hard evidence. The article's 'statistically associated' phrasing implies a level of research support that doesn't appear to exist. Either cite a specific credible study or soften to 'widely believed in recruiting circles, though the underlying data is thin.'"
How to Negotiate Your Salary in India — What Works,https://techpulzo.in/how-to-negotiate-your-salary-in-india-what-actually-works,IMPROVE,"""My own offer of ₹8 LPA became ₹9.5 LPA after one email.""",EXPERIENCE,,,N/A,"First-person anecdote, unverifiable. Round, clean numbers (₹8 LPA to ₹9.5 LPA, a tidy ~19% jump) and no company/role/timeframe detail give it a generic, illustrative-example feel rather than a specific recounted event."
How to Negotiate Your Salary in India — What Works,https://techpulzo.in/how-to-negotiate-your-salary-in-india-what-actually-works,IMPROVE,"""On how much to ask for above the offer, 10 to 20% above the initial number... is usually reasonable.""",UNSUPPORTED,,,Could Not Verify,"No authoritative source for this specific range; it's a common rule-of-thumb repeated across career-advice content but not grounded in any cited data or study specific to the Indian job market. Present as general heuristic advice, not a researched benchmark."
How to Negotiate Your Salary in India — What Works,https://techpulzo.in/how-to-negotiate-your-salary-in-india-what-actually-works,IMPROVE,"Glassdoor, Levels.fyi, and AmbitionBox give rough salary bands for market research.",VERIFIABLE,"Glassdoor, Levels.fyi, and AmbitionBox (official platforms)",https://www.ambitionbox.com/,Confirmed,"None — all three are real, actively operating salary-data platforms commonly used for Indian and global compensation research as of 2026."
How to Negotiate Your Salary in India — What Works,https://techpulzo.in/how-to-negotiate-your-salary-in-india-what-actually-works,IMPROVE,"""In practice, companies expect negotiation at the offer stage, and a reasonable, well-framed counter almost never costs you the offer.""",OPINION,,,N/A,Widely held career-advice consensus but not a checkable statistic — 'almost never' is an unquantified claim. Fine as framed opinion/advice; no correction needed beyond not treating it as a hard fact.
Is an MBA Worth It in India in 2026 — The Real Math,https://techpulzo.in/is-an-mba-actually-worth-it-in-india-the-real-math,IMPROVE,₹12-18 lakhs for a two-year MBA at a mid-tier private college.,OUTDATED,Cracku - 'Private MBA Colleges Fees in India 2026',https://cracku.in/private-mba-colleges-fees-in-india-2026/,Partially Confirmed,"Current 2026 data suggests this band sits awkwardly between two real tiers: newer/tier-2 private colleges commonly run ₹8-15 lakhs, while well-known private B-schools (SPJIMR, MDI, NMIMS, SIBM) run ₹25-33 lakhs. The article's ₹12-18 lakh 'mid-tier' figure isn't clearly anchored to either band. Recommend citing 2-3 named colleges with sourced current fee figures instead of an unattributed range."
Is an MBA Worth It in India in 2026 — The Real Math,https://techpulzo.in/is-an-mba-actually-worth-it-in-india-the-real-math,IMPROVE,₹25-30 lakhs at a top-tier IIM for a two-year MBA.,VERIFIABLE,Careers360 - 'IIM Fee Structure',https://bschool.careers360.com/articles/iim-fee-structure,Confirmed,"None needed — 2026-28 batch total fees are approximately ₹27.5 lakh (IIM Ahmedabad), ₹26 lakh (IIM Bangalore), and ₹27 lakh (IIM Calcutta), squarely within the stated ₹25-30 lakh range."
Is an MBA Worth It in India in 2026 — The Real Math,https://techpulzo.in/is-an-mba-actually-worth-it-in-india-the-real-math,IMPROVE,"""Placement salaries at this tier (₹20-35+ LPA)"" for top-tier college + consulting/finance/PM career switch.",VERIFIABLE,Careers360 - IIM Calcutta Placement Report 2026,https://bschool.careers360.com/articles/iim-calcutta-placement-report-2026-released-145lpa-highest-package-36lpa-average-package,Confirmed,"None — 2025-26 average packages at IIM A/B/C run roughly ₹34-36 LPA, consistent with (in fact at the upper end of) the stated ₹20-35+ LPA range."
Is an MBA Worth It in India in 2026 — The Real Math,https://techpulzo.in/is-an-mba-actually-worth-it-in-india-the-real-math,IMPROVE,"Education loans in India commonly run 9-11% interest, which compounds over a 5-7 year repayment period.",VERIFIABLE,GyanDhan - Education Loan Interest Rates 2026,https://www.gyandhan.com/education-loan-interest-rate,Partially Confirmed,"The stated 9-11% covers a plausible sub-range but doesn't reflect the full 2026 market: public-sector banks run roughly 8.10-10.75%, private banks roughly 9.50-13.50%, and NBFCs 11-16%. Depending on lender and applicant profile, actual rates can run meaningfully higher than 11%, especially for unsecured/NBFC loans. Widen or caveat the stated range."
Is an MBA Worth It in India in 2026 — The Real Math,https://techpulzo.in/is-an-mba-actually-worth-it-in-india-the-real-math,IMPROVE,"""Colleges are required to publish detailed placement reports.""",VERIFIABLE,AICTE approval process / institutional disclosure norms,https://www.aicte-india.org/,Confirmed,"None — AICTE-approved management institutes are required to disclose placement data as part of mandatory institutional disclosure, though the article is right that quality/granularity of these disclosures (median vs. highest package) varies considerably by college."
Is an MBA Worth It in India in 2026 — The Real Math,https://techpulzo.in/is-an-mba-actually-worth-it-in-india-the-real-math,IMPROVE,"""A colleague asked me to help her think through this decision last year..."" / ""My colleague ended up turning down the mid-tier offer once she saw the real break-even number.""",EXPERIENCE,,,N/A,"First-person anecdote, unverifiable. No specifics (which college, what field, what she chose instead) — reads as an illustrative framing device rather than a documented event."
Is an MBA Worth It in India in 2026 — The Real Math,https://techpulzo.in/is-an-mba-actually-worth-it-in-india-the-real-math,IMPROVE,Mid-tier or unranked private colleges have placement salaries in the ₹6-9 LPA range.,UNSUPPORTED,,,Could Not Verify,"Plausible directionally but no specific, citable placement-report data was found to confirm this exact band for unranked private colleges as a class; placement outcomes vary enormously by individual college. Recommend citing a named college's actual published placement report rather than an unattributed range."
How Much Home Loan You Can Afford — The Math Banks Don't Show You,https://techpulzo.in/how-much-home-loan-you-can-actually-afford,IMPROVE,Most lenders in India use FOIR and will typically allow total EMIs to reach 40-50% of monthly take-home income.,VERIFIABLE,Godrej Capital - 'What Is FOIR and How Does It Affect Loan Eligibility?',https://www.godrejcapital.com/media-blog/knowledge-centre/what-is-foir,Confirmed,None — 40-50% is the standard industry FOIR band cited by lenders and financial guidance sources (with some lenders extending to 55-65% for high-income borrowers).
How Much Home Loan You Can Afford — The Math Banks Don't Show You,https://techpulzo.in/how-much-home-loan-you-can-actually-afford,IMPROVE,Banks typically finance up to 75-90% of a property's value (meaning 10-25% down payment).,VERIFIABLE,99acres - 'RBI guidelines on home loan financing and Loan-to-Value (LTV) ratio',https://www.99acres.com/articles/rbi-guidelines-on-home-loan-financing-and-ltv-ratio.html,Confirmed,"None — RBI caps LTV at 90% for loans up to ₹30 lakh, 80% for ₹30-75 lakh, and 75% for loans above ₹75 lakh, exactly matching the stated 75-90%/10-25% range."
How Much Home Loan You Can Afford — The Math Banks Don't Show You,https://techpulzo.in/how-much-home-loan-you-can-actually-afford,IMPROVE,"Registration and stamp duty typically run 5-8% of property value, due upfront and not financed into the loan.",VERIFIABLE,"ClearTax - 'Stamp Duty and Registration Charges: Rates, Payment and Calculation'",https://cleartax.in/s/stamp-duty-and-registration-charges,Confirmed,"None — state-wise stamp duty commonly runs 4-8% plus roughly 1% registration, consistent with the article's 5-8% figure; it does vary meaningfully by state (e.g., lower for women buyers in several states) and could be noted for nuance."
How Much Home Loan You Can Afford — The Math Banks Don't Show You,https://techpulzo.in/how-much-home-loan-you-can-actually-afford,IMPROVE,Home loan processing fees are commonly 0.5-1% of the loan amount.,VERIFIABLE,CreditMantri - 'Home Loan Processing Fees and Charges 2026',https://www.creditmantri.com/home-loan-processing-fees-and-charges/,Confirmed,"None — market-wide processing fees generally range 0.25-1.5% (e.g. SBI ~0.4%, HDFC ~0.5%), so the stated 0.5-1% sits comfortably within the real market range."
How Much Home Loan You Can Afford — The Math Banks Don't Show You,https://techpulzo.in/how-much-home-loan-you-can-actually-afford,IMPROVE,Most Indian home loans allow partial prepayment without penalty on floating-rate loans.,VERIFIABLE,Lexology - 'RBI prohibits Pre-Payment Charges on Floating Rate Loans',https://www.lexology.com/library/detail.aspx?g=0e1f916f-61a2-4232-844d-de72520351b5,Confirmed,"None — RBI directives prohibit lenders from levying prepayment/foreclosure charges on floating-rate loans to individual borrowers (a rule further reinforced from January 1, 2026), matching the article's claim."
How Much Home Loan You Can Afford — The Math Banks Don't Show You,https://techpulzo.in/how-much-home-loan-you-can-actually-afford,IMPROVE,"A ₹1 lakh prepayment in year 2 of a 20-year loan saves more total interest than the same ₹1 lakh prepayment in year 15, because amortization front-loads interest.",VERIFIABLE,Standard loan amortization mathematics (e.g. Investopedia - 'Amortization'),https://www.investopedia.com/terms/a/amortization.asp,Confirmed,"None — this is a mathematical consequence of standard amortization schedules (interest is calculated on the outstanding principal, which is largest early in the loan), and is accurately described."
How Much Home Loan You Can Afford — The Math Banks Don't Show You,https://techpulzo.in/how-much-home-loan-you-can-actually-afford,IMPROVE,"""When I was loan shopping, the number my bank was willing to approve surprised me."" / ""I ended up borrowing well under what I was approved for, and I've never once regretted the smaller EMI.""",EXPERIENCE,,,N/A,"First-person anecdote, unverifiable. No bank, loan amount, or timeframe given — reads as a generic illustrative device rather than a specific documented experience."
How Much Home Loan You Can Afford — The Math Banks Don't Show You,https://techpulzo.in/how-much-home-loan-you-can-actually-afford,IMPROVE,Interior work and furnishing for an 'unfurnished' flat in India usually runs ₹3-8 lakh depending on size and finish level.,UNSUPPORTED,,,Could Not Verify,"Plausible order-of-magnitude figure but no authoritative source (interior-design industry pricing guide, survey, etc.) was found to substantiate this specific range; it varies enormously by city and flat size. Recommend citing an interior-design cost calculator or industry report, or presenting as a rough illustrative estimate."
Why Your Phone Battery Degrades Over Time — The Real Chemistry Behind It,https://techpulzo.in/why-your-phone-battery-degrades-over-time-the-real-chemistry,IMPROVE,"A thin layer called the solid electrolyte interphase (SEI) slowly thickens on the electrode surface, and lithium becomes permanently trapped in that layer instead of remaining available to store charge.",VERIFIABLE,NCBI/PMC - 'Impact of temperature and state-of-charge on long-term storage degradation in lithium-ion batteries',https://www.ncbi.nlm.nih.gov/pmc/articles/PMC12219620/,Confirmed,"None — this is an accurate, well-established description of SEI growth and irreversible lithium loss as a primary lithium-ion degradation mechanism."
Why Your Phone Battery Degrades Over Time — The Real Chemistry Behind It,https://techpulzo.in/why-your-phone-battery-degrades-over-time-the-real-chemistry,IMPROVE,Most manufacturers rate batteries for roughly 500-1000 full cycles before capacity drops to about 80% of original.,VERIFIABLE,Apple Support - 'iPhone battery and performance',https://support.apple.com/en-us/101575,Confirmed,None — Apple specifies 500 cycles to 80% for iPhone 14 and earlier and 1000 cycles for iPhone 15 and later; Samsung batteries are commonly cited at 500-800 cycles to 80%. The stated 500-1000 range accurately reflects current manufacturer specs.
Why Your Phone Battery Degrades Over Time — The Real Chemistry Behind It,https://techpulzo.in/why-your-phone-battery-degrades-over-time-the-real-chemistry,IMPROVE,Chemical side reactions inside the battery accelerate sharply above roughly 35°C — heat is the single biggest accelerant of permanent capacity loss.,VERIFIABLE,Apple - 'Batteries - Maximizing Performance',https://www.apple.com/batteries/maximizing-performance/,Confirmed,"None — Apple's own guidance states ambient temperatures above 35°C (95°F) can permanently damage battery capacity, and this threshold is consistent with the battery-chemistry research reviewed (accelerated SEI degradation and lithium loss at elevated temperature)."
Why Your Phone Battery Degrades Over Time — The Real Chemistry Behind It,https://techpulzo.in/why-your-phone-battery-degrades-over-time-the-real-chemistry,IMPROVE,"Some phones' operating systems detect a degraded battery and deliberately reduce peak processor speed to prevent unexpected shutdowns — 'a real, documented behavior on several major phone platforms.'",VERIFIABLE,Apple Support - 'iPhone battery and performance'; SamMobile - 'What is phone throttling and why does it happen?',https://support.apple.com/en-us/101575,Confirmed,"None — Apple publicly documents this feature (originating from the 2017 'batterygate' controversy and subsequent class actions), and Samsung/Android devices are documented as implementing similar performance-throttling behavior tied to battery health."
Why Your Phone Battery Degrades Over Time — The Real Chemistry Behind It,https://techpulzo.in/why-your-phone-battery-degrades-over-time-the-real-chemistry,IMPROVE,"Battery replacement is 'often ₹2,000-5,000 depending on the phone,' restoring a noticeably better experience.",POTENTIALLY MISLEADING,"Smartprix - 'Phone Battery Replacement Cost of Samsung, Xiaomi, Realme, OnePlus, and Other Popular Brands in India'",https://www.smartprix.com/bytes/battery-replacement-cost-of-various-phones-in-india/,Partially Confirmed,"Accurate for budget/mid-range Android phones (roughly ₹2,500-5,000), but the stated ceiling of ₹5,000 understates real 2026 costs for premium phones — iPhone 14+ and Galaxy S-series replacements commonly run ₹5,800-12,500+, with foldables higher still. Widen the range or explicitly scope the figure to budget/mid-range devices."
Why Your Phone Battery Degrades Over Time — The Real Chemistry Behind It,https://techpulzo.in/why-your-phone-battery-degrades-over-time-the-real-chemistry,IMPROVE,"""Checking my own battery health after writing this was a little humbling... Check actual battery health before assuming you need a whole new phone.""",EXPERIENCE,,,N/A,"First-person anecdote presented as a genuine personal check, but conspicuously never states the actual battery-health percentage it claims to have found — the one concrete data point the anecdote should contain is missing, which undermines its credibility as a real, specific experience rather than a generic framing device. Add the actual number or remove the claim of having personally checked."
Why Your Phone Battery Degrades Over Time — The Real Chemistry Behind It,https://techpulzo.in/why-your-phone-battery-degrades-over-time-the-real-chemistry,IMPROVE,"""My own phone is two years old right now... It comfortably lasted a full day when it was new. Now it struggles to reach lunchtime.""",EXPERIENCE,,,N/A,"First-person anecdote, unverifiable. No phone model or measured battery percentage given despite the article's later emphasis on checking actual battery health — generic framing rather than a specific documented case."
Why Your Phone Battery Degrades Over Time — The Real Chemistry Behind It,https://techpulzo.in/why-your-phone-battery-degrades-over-time-the-real-chemistry,IMPROVE,Keeping daily charge between roughly 20-80% measurably slows degradation versus habitually running 0-100%.,VERIFIABLE,Apple Support - 'iPhone battery and performance' / Battery University research summaries,https://support.apple.com/en-us/101575,Confirmed,"None — both extremes of state-of-charge (near-0% and near-100%) place additional electrochemical stress on lithium-ion cells, and manufacturer/optimized-charging features are built around this well-established principle."
Buying vs Leasing a Car in India — The Math Most People Get Wrong,https://techpulzo.in/buying-vs-leasing-a-car-in-india-the-real-math,IMPROVE,"A 5-year loan at roughly 9% interest, after a 20% down payment on a ₹10 lakh car, runs an EMI around ₹16,600/month",VERIFIABLE,"Standard EMI amortization formula applied to an ₹8,00,000 principal at 9% p.a. over 60 months; rate range cross-checked against BankBazaar's published car loan interest rates",https://www.bankbazaar.com/car-loan-interest-rate.html,Confirmed,"Math checks out: EMI computes to ~₹16,603/month, and 9% falls within the currently advertised 7.45%-10% range. No numeric correction needed, but the article should disclose it's an illustrative rate since actual rates vary 250+ bps by lender and credit profile."
Buying vs Leasing a Car in India — The Math Most People Get Wrong,https://techpulzo.in/buying-vs-leasing-a-car-in-india-the-real-math,IMPROVE,Total repayment on the 5-year loan runs around ₹9.96 lakh on top of the ₹2 lakh down payment,VERIFIABLE,"Standard EMI amortization formula (₹16,603/month × 60 months ≈ ₹9,96,180)",https://www.bankbazaar.com/car-loan-interest-rate.html,Confirmed,Consistent with the EMI figure above; no correction needed.
Buying vs Leasing a Car in India — The Math Most People Get Wrong,https://techpulzo.in/buying-vs-leasing-a-car-in-india-the-real-math,IMPROVE,"After 5 years of loan ownership, the car is worth perhaps ₹4-5 lakh in resale value (on a ₹10 lakh car)",VERIFIABLE,IRDAI standard IDV depreciation schedule (insurance valuation table by vehicle age),https://www.iffcotokio.co.in/content/dam/iffcotokio/iffco-pdf/sites/default/files/IDV-Depreciation-Table.pdf,Partially Confirmed,"IRDAI's depreciation table puts a 5-year-old car's IDV at roughly 50% of original ex-showroom price (~₹5 lakh on a ₹10 lakh car), consistent with the article's range, but that is an insurance-valuation figure, not actual market resale price, which often runs lower. Article should clarify this is a rough estimate, not sourced to an official figure, and that real resale depends heavily on brand/model/condition."
Buying vs Leasing a Car in India — The Math Most People Get Wrong,https://techpulzo.in/buying-vs-leasing-a-car-in-india-the-real-math,IMPROVE,"A comparable 3-year lease on the same ₹10 lakh car might run ₹18,000-22,000/month with no down payment, totaling ₹6.5-8 lakh over 3 years",VERIFIABLE,,,Could Not Verify,"No named Indian leasing company (Orix, ALD Automotive, Mahindra) or published rate card was found backing this specific range for a ₹10 lakh vehicle. The article presents an invented 'comparable' figure as if benchmarked against real quotes. Should either cite an actual lessor's published rate or clearly flag the range as an illustrative estimate."
Buying vs Leasing a Car in India — The Math Most People Get Wrong,https://techpulzo.in/buying-vs-leasing-a-car-in-india-the-real-math,IMPROVE,"Leases commonly cap annual mileage (often 10,000-15,000 km/year) with real per-km penalties beyond that, commonly ₹5-10 per km",VERIFIABLE,Orix India retail leasing terms; general Indian car-leasing market summaries,https://www.orixindia.com/leasing/web/orix-lease-plus/retail-lease,Contradicted,"Indian lease providers, including Orix (the market's largest player), typically advertise mileage caps closer to 15,000-20,000 km/year, with per-km overage penalties more commonly in the ₹8-18/km range — both meaningfully higher than the article's stated 10,000-15,000 km cap and ₹5-10/km penalty. Both figures should be revised upward, and a specific lessor's published terms should be cited."
Buying vs Leasing a Car in India — The Math Most People Get Wrong,https://techpulzo.in/buying-vs-leasing-a-car-in-india-the-real-math,IMPROVE,Used car loan rates in India typically run 2 to 4 percentage points higher than new car loan rates,VERIFIABLE,Forbes Advisor India car loan interest rate guide; BankBazaar used car loan rates,https://www.forbes.com/advisor/in/car-loan/car-loan-interest-rates/,Partially Confirmed,"Aggregated data shows new car loans averaging roughly 8% and used car loans roughly 9.45-10%+, a typical gap closer to 1.5-2 percentage points, widening toward 4 points only for older vehicles or weaker credit profiles. The article's '2 to 4' range is defensible but skews toward the high end for a typical borrower; consider narrowing to '1.5 to 4 points depending on the vehicle's age and your credit profile.'"
Buying vs Leasing a Car in India — The Math Most People Get Wrong,https://techpulzo.in/buying-vs-leasing-a-car-in-india-the-real-math,IMPROVE,"New cars lose a disproportionate share of their value in the first year, often 15-20%",VERIFIABLE,IRDAI IDV Depreciation Table (official insurance valuation schedule); Cars24/Coverfox market depreciation analyses,https://www.iffcotokio.co.in/content/dam/iffcotokio/iffco-pdf/sites/default/files/IDV-Depreciation-Table.pdf,Partially Confirmed,"IRDAI's official schedule shows 15% depreciation by the 1-year mark, matching the low end of the article's claim, but independent market surveys (Cars24, Coverfox) commonly cite real-world first-year depreciation closer to 20-30%. The article's 15-20% range is on the conservative/low side; consider widening to roughly 15-25%."
Buying vs Leasing a Car in India — The Math Most People Get Wrong,https://techpulzo.in/buying-vs-leasing-a-car-in-india-the-real-math,IMPROVE,"You run a business and can claim the lease as a deductible expense — this is the strongest, most common legitimate case for leasing in India",OPINION,,,N/A,"The underlying tax mechanic (lease rentals are deductible business expenses, unlike loan EMIs, where only interest and depreciation are deductible) is real, but ranking it as the 'strongest, most common' reason is an editorial judgment, not a sourced statistic. Should be flagged as informed opinion rather than presented as settled fact."
How Your Bank Sends an OTP in Under Two Seconds,https://techpulzo.in/how-your-bank-sends-an-otp-in-under-two-seconds,IMPROVE,"Regulatory changes enforced by TRAI require every business sender, including banks, to register its SMS templates and sender IDs on a Distributed Ledger Technology (DLT) platform before telecom operators will deliver the message at all",VERIFIABLE,"TRAI — Telecom Commercial Communications Customer Preference Regulations (TCCCPR), 2018",https://trai.gov.in/tcccpr,Confirmed,"Core claim is accurate — TCCCPR 2018 mandates DLT registration of Principal Entities, telemarketers, sender headers, and content templates, later reinforced by a February 2025 amendment. Article should name 'TCCCPR, 2018' (and the 2025 amendment) explicitly instead of the vague 'regulatory changes enforced by TRAI' — this is exactly the missing-citation gap flagged editorially."
How Your Bank Sends an OTP in Under Two Seconds,https://techpulzo.in/how-your-bank-sends-an-otp-in-under-two-seconds,IMPROVE,OTPs travel through a separate 'transactional SMS route' that is exempt from many of the throttling rules applied to promotional traffic,VERIFIABLE,TCCCPR 2018 — Promotional (P) vs Service/Transactional (S/T) SMS header classification and associated exemptions,https://trai.gov.in/tcccpr,Confirmed,"Accurate — transactional/service messages are exempt from the DND time-window restrictions that apply to promotional messages (e.g., an OTP can be sent at 2am, a promo cannot). Article should cite this classification by its regulatory name rather than describing it generically."
How Your Bank Sends an OTP in Under Two Seconds,https://techpulzo.in/how-your-bank-sends-an-otp-in-under-two-seconds,IMPROVE,"DND settings can sometimes interfere with delivery, though transactional OTPs are generally exempted",VERIFIABLE,TCCCPR 2018 DND/time-restriction exemption for transactional messages,https://trai.gov.in/tcccpr,Confirmed,Consistent with TRAI's framework. No numeric correction needed beyond adding the citation to TCCCPR 2018.
How Your Bank Sends an OTP in Under Two Seconds,https://techpulzo.in/how-your-bank-sends-an-otp-in-under-two-seconds,IMPROVE,"Bank OTP messages typically travel over SMPP (Short Message Peer-to-Peer), a direct persistent connection between the bank's SMS gateway provider and the telecom operator's SMS center",VERIFIABLE,Industry SMS gateway documentation describing SMPP as the standard protocol for enterprise/bank bulk-transactional SMS delivery in India,https://www.infobip.com/docs/essentials/asia-registration/dlt-registration,Confirmed,"Technically accurate description of standard enterprise SMS gateway architecture, though the article cites no source. Recommend citing an SMS gateway/telecom technical reference (e.g., Infobip, Exotel documentation)."
How Your Bank Sends an OTP in Under Two Seconds,https://techpulzo.in/how-your-bank-sends-an-otp-in-under-two-seconds,IMPROVE,"Some OTPs are delivered over the traditional 2G/3G signaling channel rather than the data connection, so a phone with poor basic signal but working data can still miss an OTP",VERIFIABLE,"General GSM/SS7 SMS delivery architecture — SMS rides the cellular signaling plane, independent of a data session",,Partially Confirmed,"Directionally correct, but the '2G/3G' framing oversimplifies: SMS has always used the signaling plane rather than the data/IP plane, and this persists on 4G (via CS fallback or SMS-over-IMS) too, not just legacy networks. Reword to 'cellular signaling channel' generally so readers on 4G/5G phones don't assume they're unaffected."
How Your Bank Sends an OTP in Under Two Seconds,https://techpulzo.in/how-your-bank-sends-an-otp-in-under-two-seconds,IMPROVE,A growing number of banks are shifting critical OTP delivery to in-app push notifications routed through Firebase Cloud Messaging or Apple's Push Notification service,VERIFIABLE,,,Could Not Verify,"Directionally plausible (push-based transaction approval is a known fintech trend) but no specific Indian bank, product, or source was found substantiating this as a current widespread shift. Should either name real examples or soften to a general industry-trend statement rather than an unqualified 'growing number' claim."
How Your Bank Sends an OTP in Under Two Seconds,https://techpulzo.in/how-your-bank-sends-an-otp-in-under-two-seconds,IMPROVE,Reading an OTP aloud to a caller claiming to be from your bank is one of the most common fraud patterns in India specifically,VERIFIABLE,,,Could Not Verify,"The underlying advice (never share an OTP) is standard, correct RBI/bank guidance. The specific prevalence claim ('one of the most common fraud patterns in India specifically') is not backed by a cited statistic and no specific RBI/CERT-In figure was located during this research pass. Recommend citing RBI or CERT-In published fraud data if available, or softening the superlative."
Google Sheets vs Excel — Which One Fits How You Work,https://techpulzo.in/google-sheets-vs-excel-which-one-actually-fits-how-you-work,IMPROVE,"Excel requires a Microsoft 365 subscription for full functionality, though a limited free web version exists — presented without a specific INR figure despite cost being framed as a deciding factor",VERIFIABLE,Microsoft 365 official India pricing page,https://www.microsoft.com/en-in/microsoft-365/buy/compare-all-microsoft-365-products,Outdated,"This is the exact gap flagged editorially. Current official India pricing: Microsoft 365 Personal ₹689/month (₹6,899/year); Microsoft 365 Family ₹819/month (₹8,199/year, up to 6 people). Article should state these actual INR figures instead of leaving the cost comparison abstract."
Google Sheets vs Excel — Which One Fits How You Work,https://techpulzo.in/google-sheets-vs-excel-which-one-actually-fits-how-you-work,IMPROVE,Google Sheets caps out around 10 million cells per spreadsheet,VERIFIABLE,Google Drive Help — file size and storage limits,https://support.google.com/drive/answer/37603,Confirmed,"Accurate — Google's current official limit is 10 million cells (or 18,278 columns) per spreadsheet. No correction needed."
Google Sheets vs Excel — Which One Fits How You Work,https://techpulzo.in/google-sheets-vs-excel-which-one-actually-fits-how-you-work,IMPROVE,Excel's row ceiling is over a million rows per sheet,VERIFIABLE,Microsoft Office support — Excel specifications and limits,,Confirmed,"Accurate — Excel's per-sheet row limit is exactly 1,048,576 rows (2^20), consistent with 'over a million.' Consider stating the exact figure for precision."
Google Sheets vs Excel — Which One Fits How You Work,https://techpulzo.in/google-sheets-vs-excel-which-one-actually-fits-how-you-work,IMPROVE,"Sheets uses Apps Script, which can trigger on a schedule, on form submission, or on an email arriving, without your computer being on",VERIFIABLE,Google Apps Script official documentation — installable triggers,,Confirmed,"Accurate description of Apps Script's time-driven, form-submit, and other installable server-side triggers. No correction needed."
Google Sheets vs Excel — Which One Fits How You Work,https://techpulzo.in/google-sheets-vs-excel-which-one-actually-fits-how-you-work,IMPROVE,Excel's Power Query and Power Pivot handle serious data-modeling and multi-table joins better than anything native to Sheets,OPINION,,,N/A,"Power Query/Power Pivot are real Excel features that outperform Sheets natively for large relational data modeling, but 'better than anything native to Sheets' is a comparative value judgment rather than a discrete checkable fact; label as informed opinion."
Notion vs Google Docs — What Each One Is Actually Built For,https://techpulzo.in/notion-vs-google-docs-what-each-one-is-actually-built-for,IMPROVE,"Notion's free tier is generous for individuals but has real limits for teams — block count, file upload size, guest count — stated without any actual numbers",VERIFIABLE,Notion official pricing page,https://www.notion.com/pricing,Outdated,"This is the flagged pricing gap. Current Notion free plan: unlimited blocks/pages for a single-member workspace but a block-count cap once multiple members join; individual file uploads capped at 5MB (uncapped on paid plans); up to 10 guests; 7-day page history (vs. 30 days on Plus at $10/member/month, 90 days on Business at $20/member/month). Article should state these concrete figures and the Plus-tier price for a proper cost comparison."
Notion vs Google Docs — What Each One Is Actually Built For,https://techpulzo.in/notion-vs-google-docs-what-each-one-is-actually-built-for,IMPROVE,"Google Docs is effectively free with any Google account, bundled with the rest of Workspace",VERIFIABLE,Google Workspace / Google Docs general product documentation,,Confirmed,"Accurate for personal/free Google accounts, but the 'bundled with the rest of Workspace' phrasing glosses over that Google Workspace itself is a paid product for organizations — worth clarifying that Docs is free only in the free personal-account context, not that Workspace overall is free."
Notion vs Google Docs — What Each One Is Actually Built For,https://techpulzo.in/notion-vs-google-docs-what-each-one-is-actually-built-for,IMPROVE,"Notion's offline support is more limited and has historically been less consistent, particularly for complex database views",VERIFIABLE,Notion Help Center — offline mode documentation,,Partially Confirmed,"Directionally accurate — Notion's offline mode requires pages to have been recently opened/cached, and complex database views can fail to sync offline, per Notion's own documentation. Article's characterization is fair but should cite Notion's help docs directly rather than presenting it as general knowledge."
Notion vs Google Docs — What Each One Is Actually Built For,https://techpulzo.in/notion-vs-google-docs-what-each-one-is-actually-built-for,IMPROVE,"Google Docs' offline mode is mature and reliable once enabled, usable for writing on a flight or in an area with patchy connectivity",VERIFIABLE,Google Docs Editors Help — offline access documentation,,Confirmed,"Accurate — Google Docs offline mode, once enabled via the Chrome extension/browser setting, is well-documented and reliable for basic editing without connectivity. No correction needed."
How to Use Google Alerts to Track Anything Automatically,(not live) /how-to-use-google-alerts-to-track-anything-automatically,IMPROVE,"Alerts isn't a separate crawler — it's a saved search against Google's regular web, news, and blog index",VERIFIABLE,Google Alerts Help Center,,Confirmed,"Accurate general description of how Google Alerts works, consistent with Google's own documentation. No correction needed."
How to Use Google Alerts to Track Anything Automatically,(not live) /how-to-use-google-alerts-to-track-anything-automatically,IMPROVE,"Clicking 'Show options' before creating an alert reveals frequency, sources, language, region, and how many results controls",VERIFIABLE,Google Alerts Help Center — creating and managing alerts,,Confirmed,"Matches the actual current Alerts interface options (How often, Sources, Language, Region, How many). Accurate."
How to Use Google Alerts to Track Anything Automatically,(not live) /how-to-use-google-alerts-to-track-anything-automatically,IMPROVE,"Wrap exact phrases in quotes, use a minus sign to exclude a term, use OR in capitals to combine variants",VERIFIABLE,Google Search/Alerts query operator documentation,,Confirmed,"These are standard, documented Google search operators that carry over into Alerts query syntax. Accurate."
How to Use Google Alerts to Track Anything Automatically,(not live) /how-to-use-google-alerts-to-track-anything-automatically,IMPROVE,"Google's system learns from which alert emails you open versus ignore, so consistently ignoring a noisy alert keeps it generating the same low-value results indefinitely",UNSUPPORTED,,,Could Not Verify,No Google documentation describes Alerts as an adaptive/learning system that adjusts future results based on email open/ignore behavior — Alerts is a static saved-search-and-batch-email tool with no documented personalization-from-engagement feature. This claim should be removed or clearly flagged as speculation; it risks misleading readers into thinking ignoring emails changes future results.
How to Use Google Alerts to Track Anything Automatically,(not live) /how-to-use-google-alerts-to-track-anything-automatically,IMPROVE,"Set 'How often' to at most once a day, 'Sources' to News or Blogs, and 'How many' to 'Only the best results' to cut down noise",VERIFIABLE,Google Alerts interface (current settings and their documented effects),,Confirmed,Matches current Alerts settings and their described effects; accurate practical guidance. No correction needed.
How to Use Google Alerts to Track Anything Automatically,(not live) /how-to-use-google-alerts-to-track-anything-automatically,IMPROVE,"A properly filtered alert does the searching automatically, forever, for a one-time five-minute setup cost",POTENTIALLY MISLEADING,,,N/A,The article's own 'Managing Alerts' section elsewhere admits alerts need periodic review/cleanup and can silently go quiet when a source changes — this closing 'one-time cost... forever' framing contradicts that and could leave readers thinking no maintenance is ever needed. Should be reconciled with the rest of the article.
Free vs Paid Antivirus in 2026 — Do You Need to Pay,(not live) /free-vs-paid-antivirus-in-2026-do-you-actually-need-to-pay,IMPROVE,Microsoft Defender consistently holds its own against paid competitors in independent testing,VERIFIABLE,"AV-TEST.org — Microsoft Defender Antivirus (Consumer) 4.18, Windows 11, May-June 2026 test; AV-Comparatives 'Is Microsoft Defender Enough?' (2026 test data)",https://www.av-test.org/en/antivirus/home-windows/windows-11/june-2026/microsoft-defender-antivirus-consumer-4.18-261315/,Partially Confirmed,"AV-TEST's June 2026 test scored Defender Consumer 17.5/18 (6.0 Protection, 5.5 Performance, 6.0 Usability), earning 'TOP PRODUCT' — strongly supporting the claim. However, AV-Comparatives' 2026 testing found a more mixed picture: Defender's offline detection rate (89.2%) trailed the top cluster (up to 98.6%), and it landed in the mid-range 'ADVANCED' tier (not the top 'ADVANCED+' tier) on the April 2026 Performance Test. Article should cite the actual AV-TEST score/date instead of a vague 'holds its own' claim, and note the offline-detection caveat rather than presenting Defender as unconditionally on par with paid suites."
Free vs Paid Antivirus in 2026 — Do You Need to Pay,(not live) /free-vs-paid-antivirus-in-2026-do-you-actually-need-to-pay,IMPROVE,"Check recent independent lab results (AV-Test, AV-Comparatives) instead of app store ratings alone — named with no actual score, date, or link cited",VERIFIABLE,AV-TEST.org home-user Windows antivirus test results archive,https://www.av-test.org/en/antivirus/home-windows/,Confirmed,"The advice to check AV-Test/AV-Comparatives is sound and both sites do publish current, checkable results (confirmed live and current as of 2026). But the article names these authorities without linking or quoting a single score — the exact 'borrowed credibility' pattern flagged editorially. Add at least one concrete recent score (e.g., AV-TEST's June 2026 scoring scale: 18 = perfect, 17.5+ = 'TOP PRODUCT' threshold) so the reference isn't just a name-drop."
Free vs Paid Antivirus in 2026 — Do You Need to Pay,(not live) /free-vs-paid-antivirus-in-2026-do-you-actually-need-to-pay,IMPROVE,"Android runs Google Play Protect in the background, scanning apps at install time and periodically afterward, plus the Play Store's own vetting before an app is even listed",VERIFIABLE,Google Play Protect official documentation,,Confirmed,"Accurate description of Play Protect's on-device app scanning at install and periodic re-scanning, plus Play Store pre-listing review. No correction needed."
Free vs Paid Antivirus in 2026 — Do You Need to Pay,(not live) /free-vs-paid-antivirus-in-2026-do-you-actually-need-to-pay,IMPROVE,"iOS's sandboxing model restricts what any app, malicious or not, can access, which makes a conventional scanner largely redundant on iPhone",VERIFIABLE,Apple Platform Security documentation,,Confirmed,Accurate high-level characterization of iOS app sandboxing as the reason traditional file-scanning antivirus isn't offered/needed in the same way on iOS. No correction needed.
Free vs Paid Antivirus in 2026 — Do You Need to Pay,(not live) /free-vs-paid-antivirus-in-2026-do-you-actually-need-to-pay,IMPROVE,Some free antivirus products have historically drawn criticism for collecting and monetizing browsing data,VERIFIABLE,FTC enforcement action against Avast/Jumpshot over sale of browsing data collected via free antivirus/browser extensions (2024),,Could Not Verify,"This is well-documented in the general record (Avast's Jumpshot subsidiary sold browsing data collected via its free antivirus products, leading to a 2024 FTC settlement), but attempts to open the FTC press release and a corroborating news writeup both failed during this research pass (403/404 errors), so it is marked Could Not Verify per the no-fabrication rule rather than cited with an unconfirmed link. The claim as worded is vague/unnamed and technically safe, but it would be stronger editorially to name Avast/AVG specifically and cite the FTC action with a working link."
Free vs Paid Antivirus in 2026 — Do You Need to Pay,(not live) /free-vs-paid-antivirus-in-2026-do-you-actually-need-to-pay,IMPROVE,"Windows Security shows Defender's current status, last scan date, and whether real-time protection is active",VERIFIABLE,Microsoft Support — Windows Security app documentation,,Confirmed,Accurate description of the built-in Windows Security app's functionality. No correction needed.
How to Back Up Your Phone So a Lost Device Does Not Cost You Your Photos,(not live) /how-to-back-up-your-phone-so-a-lost-device-does-not-cost-you-your-photos,IMPROVE,iCloud's free storage tier is 5GB and fills up fast,VERIFIABLE,Apple iCloud official plans page,,Confirmed,Accurate — Apple's free iCloud tier has remained 5GB. No correction needed.
How to Back Up Your Phone So a Lost Device Does Not Cost You Your Photos,(not live) /how-to-back-up-your-phone-so-a-lost-device-does-not-cost-you-your-photos,IMPROVE,"The 3-2-1 backup principle (three copies, two storage types, one off-site) scales down fine for a phone",OPINION,,,N/A,"The 3-2-1 rule is a widely cited general data-protection principle from IT/backup practice, not a phone-specific standard or regulation, so its application to phones is sound general advice rather than a discrete checkable fact."
How to Back Up Your Phone So a Lost Device Does Not Cost You Your Photos,(not live) /how-to-back-up-your-phone-so-a-lost-device-does-not-cost-you-your-photos,IMPROVE,"WhatsApp chat backups are separate from phone photo backups and use their own setting, with an option to include videos",VERIFIABLE,WhatsApp Help Center — chat backup documentation,,Confirmed,"Accurate — WhatsApp backup settings are separate from OS-level photo backup, and the 'include videos in backup' toggle is a real, documented setting. No correction needed."
How to Back Up Your Phone So a Lost Device Does Not Cost You Your Photos,(not live) /how-to-back-up-your-phone-so-a-lost-device-does-not-cost-you-your-photos,IMPROVE,Use Find My Device or Find My iPhone to lock or remotely wipe a lost phone,VERIFIABLE,Google Find My Device and Apple Find My official support documentation,,Confirmed,Accurate — both services support remote lock and remote wipe. No correction needed.
How to Back Up Your Phone So a Lost Device Does Not Cost You Your Photos,(not live) /how-to-back-up-your-phone-so-a-lost-device-does-not-cost-you-your-photos,IMPROVE,"Standard cloud photo backups are encrypted in transit and at rest, but the provider retains access for account recovery — unlike a fully end-to-end encrypted backup, which neither Google nor Apple defaults to for photos",VERIFIABLE,Apple Advanced Data Protection documentation,,Partially Confirmed,"Broadly accurate about the default state, but incomplete: Apple has offered opt-in 'Advanced Data Protection' since December 2022, which does provide end-to-end encryption for iCloud Photos if a user enables it. The article's claim that E2E is something 'neither defaults to' is correct about defaults but omits that Apple now offers a working opt-in E2E path — a meaningful, checkable detail worth adding."
How to Back Up Your Phone So a Lost Device Does Not Cost You Your Photos,(not live) /how-to-back-up-your-phone-so-a-lost-device-does-not-cost-you-your-photos,IMPROVE,Moving from Android to iPhone or the reverse doesn't carry your cloud photo backup automatically between ecosystems; both companies offer a migration tool at setup time,VERIFIABLE,Apple 'Move to iOS' app and Google cross-platform photo transfer tooling,,Confirmed,"Accurate — Apple's 'Move to iOS' and Google's photo-transfer tools exist for cross-ecosystem migration, and neither service auto-syncs with the other by default. No correction needed."
How to Compress a Large File Without Losing Quality,(not live) /how-to-compress-a-large-file-without-losing-quality,IMPROVE,"""most files shrink 40 to 70 percent with no visible difference"" (subtitle) and ""most large files shrink by well over half with nothing visibly different"" (closing line)",UNSUPPORTED,,,N/A,"No test data or benchmark backs a blanket 40-70% figure across file types. Actual reduction varies enormously by content (a flat-color PNG, a camera JPEG, an already-compressed video, and a text-heavy PDF behave completely differently). Replace with method-specific figures from an actual before/after test, or drop the specific percentage and use qualitative language."
How to Compress a Large File Without Losing Quality,(not live) /how-to-compress-a-large-file-without-losing-quality,IMPROVE,"Lossless compression (ZIP, PNG) can reconstruct the exact original file bit-for-bit; lossy compression (JPEG, most video codecs) discards data permanently.",VERIFIABLE,Wikipedia — Lossless compression,https://en.wikipedia.org/wiki/Lossless_compression,Confirmed,"None — this is an accurate, standard description of the lossless/lossy distinction."
How to Compress a Large File Without Losing Quality,(not live) /how-to-compress-a-large-file-without-losing-quality,IMPROVE,"""Modern codecs like H.265/HEVC achieve similar visible quality to older H.264 at roughly half the bitrate.""",VERIFIABLE,Fraunhofer HHI (H.265/HEVC technology page); corroborated by Wikipedia's HEVC article citing JCT-VC subjective testing (~49-59% bitrate reduction vs H.264 at equal subjective quality),https://www.hhi.fraunhofer.de/en/departments/vca/technologies-and-solutions/h265-hevc.html,Confirmed,"None needed for the ~50% figure itself, but note real-world savings commonly run 25-50% depending on resolution/content (per Warner Bros. Discovery's reported real-world tests), so ""roughly half"" is the best-case design target, not a guaranteed result."
How to Compress a Large File Without Losing Quality,(not live) /how-to-compress-a-large-file-without-losing-quality,IMPROVE,"""values in the high-teens to low-20s on that [CRF] scale are typically visually lossless for most footage""",VERIFIABLE,,,Could Not Verify,"Could not confirm the specific CRF range this session (search budget exhausted before locating the current FFmpeg/x265 encoding guide). Note as a caution: x265's CRF scale is offset from x264's (x265 default CRF is 28 vs x264's 23), so a range framed as ""high-teens to low-20s"" reads as x264-style guidance and may understate what's needed for HEVC. Verify against the current FFmpeg H.265 encoding guide before publishing a specific number."
How to Compress a Large File Without Losing Quality,(not live) /how-to-compress-a-large-file-without-losing-quality,IMPROVE,"""[Email attachments] typically cap around 25MB.""",VERIFIABLE,"Google — Gmail Help, ""Send attachments with your Gmail message""",https://support.google.com/mail/answer/6584,Confirmed,"None — Gmail's send limit is 25MB total per message (all attachments combined, not per file), matching most major providers' caps that the article generalizes from."
How to Compress a Large File Without Losing Quality,(not live) /how-to-compress-a-large-file-without-losing-quality,IMPROVE,"""7z generally compresses slightly smaller than ZIP for the same content.""",VERIFIABLE,PeaZip compression benchmark; Tom's Hardware WinRAR/WinZip/7-Zip compression performance test,https://peazip.github.io/peazip-compression-benchmark.html,Partially Confirmed,"Direction is correct (7z's LZMA2 beats ZIP) but ""slightly"" understates it. Independent benchmarks show 7z routinely compressing 15-25+ percentage points smaller than ZIP on mixed content (e.g., ~55% vs ~30% compression ratio in one commonly cited test), not a marginal difference."
How to Compress a Large File Without Losing Quality,(not live) /how-to-compress-a-large-file-without-losing-quality,IMPROVE,"""quality settings above roughly 80 to 85 percent are where most people stop being able to tell the difference from the original"" (JPEG)",VERIFIABLE,,,Could Not Verify,"This is a widely repeated rule of thumb in imaging circles, but no single authoritative source (e.g., libjpeg docs, a camera/browser vendor) was located this session pinning down 80-85% specifically. Cite a concrete source (e.g., a documented JPEG quality/PSNR study) or soften to ""most editors recommend staying above roughly 80%"" without implying it's a settled number."
How to Compress a Large File Without Losing Quality,(not live) /how-to-compress-a-large-file-without-losing-quality,IMPROVE,"Article recommends ""free browser-based tools,"" ""tools with an explicit screen/print/prepress preset,"" and generic ""batch compression tools"" throughout, without naming a single actual product (e.g., Squoosh, TinyPNG, Adobe Acrobat, HandBrake, 7-Zip).",POTENTIALLY MISLEADING,,,N/A,"Reads as generic/AI-written because it never names a real tool despite giving tool-selection advice throughout. Name specific, real tools per section (e.g., Squoosh or TinyPNG for images, Adobe Acrobat's PDF optimizer or a named free alternative for PDFs, HandBrake for video, 7-Zip/WinRAR for archives) to make the how-to actionable."
Chrome vs Firefox vs Edge — Does the Browser You Pick Actually Matter,(not live) /chrome-vs-firefox-vs-edge-does-the-browser-you-pick-actually-matter,IMPROVE,"""Firefox has closed much of that gap in recent years and edges out Chrome slightly on RAM in many multi-tab comparisons.""",VERIFIABLE,Tech Insider browser RAM benchmark (2026); tabgroupvault.com Firefox vs Chrome vs Edge tab tests,https://tech-insider.org/chrome-vs-firefox-2026/,Partially Confirmed,"Direction is right but ""slightly"" understates it in some tests: one 2026 benchmark found Firefox using ~18% less RAM than Chrome at every tab count tested, widening to ~25% after two hours idle with 20 tabs (Firefox 152: ~3.8GB vs Chrome 150: ~6.5GB at 50 tabs). Other tests found Chrome lowest at idle and Edge lowest at 10 tabs, so results are workload-dependent — cite an actual benchmark with numbers rather than a vague ""edges out slightly."""
Chrome vs Firefox vs Edge — Does the Browser You Pick Actually Matter,(not live) /chrome-vs-firefox-vs-edge-does-the-browser-you-pick-actually-matter,IMPROVE,"Edge's sleeping tabs feature ""suspends inactive tabs' resource use automatically, which measurably helps on laptops with many background tabs left open.""",VERIFIABLE,"Microsoft Support — ""Learn about performance features in Microsoft Edge""",https://support.microsoft.com/en-us/topic/learn-about-performance-features-in-microsoft-edge-7b36f363-2119-448a-8de6-375cfd88ab25,Confirmed,"None on the mechanism — Microsoft's own documentation confirms sleeping tabs freezes background tabs after inactivity (default ~2 hours, user-adjustable) to free CPU/memory. ""Measurably helps"" has no cited figure, though; add a real number if available."
Chrome vs Firefox vs Edge — Does the Browser You Pick Actually Matter,(not live) /chrome-vs-firefox-vs-edge-does-the-browser-you-pick-actually-matter,IMPROVE,"""Firefox blocks third-party tracking cookies and known trackers by default, no configuration needed.""",VERIFIABLE,"Mozilla Support — ""Enhanced Tracking Protection in Firefox for desktop"" / Total Cookie Protection documentation",https://support.mozilla.org/en-US/kb/enhanced-tracking-protection-firefox-desktop,Confirmed,"None — Firefox's Standard mode enables Enhanced Tracking Protection plus Total Cookie Protection by default for all users, blocking cross-site tracking cookies without configuration."
Chrome vs Firefox vs Edge — Does the Browser You Pick Actually Matter,(not live) /chrome-vs-firefox-vs-edge-does-the-browser-you-pick-actually-matter,IMPROVE,"""The Chrome Web Store has the largest extension catalog"" (vs Firefox/Edge).",VERIFIABLE,,,Could Not Verify,"Widely believed to be true and consistent with Chrome's dominant browser market share, but no current authoritative catalog-size comparison was retrieved this session. Cite an actual extension-count comparison if this claim is kept."
Chrome vs Firefox vs Edge — Does the Browser You Pick Actually Matter,(not live) /chrome-vs-firefox-vs-edge-does-the-browser-you-pick-actually-matter,IMPROVE,"""Chrome's default tracking protections are comparatively lighter, in part because its parent company's core business depends on ad targeting — a structural incentive worth being clear-eyed about.""",POTENTIALLY MISLEADING,,,N/A,"The factual half (Chrome's default protections are lighter than Firefox's/Edge's) is verifiable and true, but it's fused with an unverified motive attribution about Google's business incentives presented as established fact. Separate the two: state the measurable default-settings gap, and clearly flag the incentive commentary as the article's own analysis/opinion, not a documented causal claim."
Chrome vs Firefox vs Edge — Does the Browser You Pick Actually Matter,(not live) /chrome-vs-firefox-vs-edge-does-the-browser-you-pick-actually-matter,IMPROVE,"Article discusses RAM/memory differences ('Chrome tends to use more RAM as tab count climbs', Edge sleeping tabs 'measurably helps') without citing a single actual benchmark figure anywhere in the piece.",POTENTIALLY MISLEADING,,,N/A,"The whole piece is framed around 'measured comparisons' per its own editorial reason but never cites one real number (e.g., GB used at N tabs). Add at least one named benchmark with concrete figures (see the Tech Insider 2026 result above: ~3.8GB Firefox vs ~6.5GB Chrome at 50 tabs) so the RAM claims aren't just assertion."
Chrome vs Firefox vs Edge — Does the Browser You Pick Actually Matter,(not live) /chrome-vs-firefox-vs-edge-does-the-browser-you-pick-actually-matter,IMPROVE,"""Firefox surviving as a separate engine is arguably more important for the web's health than for any individual user's day-to-day experience.""",OPINION,,,N/A,Subjective value judgment about engine diversity's importance; not checkable. Fine to keep as clearly-labeled opinion/analysis.
How to Cancel a Subscription You Forgot You Had,(not live) /how-to-actually-cancel-a-subscription-you-forgot-you-had,IMPROVE,"The hard-to-cancel design pattern described (easy sign-up, buried cancellation) is ""a well-documented UX pattern known as a 'roach motel' design.""",VERIFIABLE,"Deceptive Patterns (deceptive.design) — ""Hard to cancel""; corroborated by CHI 2024 paper ""Staying at the Roach Motel: Cross-Country Analysis of Manipulative Subscription and Cancellation Flows""",https://deceptive.design/types/hard-to-cancel/,Confirmed,"None — ""roach motel"" is an established, named dark-pattern term in UX/deceptive-design literature, and academic research (CHI 2024) specifically documents this pattern in subscription cancellation flows."
How to Cancel a Subscription You Forgot You Had,(not live) /how-to-actually-cancel-a-subscription-you-forgot-you-had,IMPROVE,"A UPI Autopay mandate can be revoked directly from the UPI app's Mandates section ""even if the merchant's own cancel flow is broken or hidden — the mandate is technically yours to control, not theirs.""",VERIFIABLE,"NPCI customer mandate controls (modify, revoke, pause, unpause), as summarized by Paytm's UPI mandate guide",https://paytm.com/blog/payments/upi/cancelling-upi-mandate-rights-simple-steps/,Confirmed,"None — NPCI's UPI AutoPay framework gives the payer direct revoke/pause control over a mandate from their own UPI app, independent of the merchant."
How to Cancel a Subscription You Forgot You Had,(not live) /how-to-actually-cancel-a-subscription-you-forgot-you-had,IMPROVE,"""If you subscribed through Play Store or the App Store, cancel from that list — cancelling inside the app itself often just logs you out, since Google or Apple owns the payment relationship.""",VERIFIABLE,Google Play Help — managing/cancelling Play subscriptions,https://support.google.com/googleplay/answer/7018481,Confirmed,"None — matches Google's own documented cancellation flow (cancel via the subscriptions list in Play, not inside the app); the general principle also holds for Apple's App Store subscription model."
How to Cancel a Subscription You Forgot You Had,(not live) /how-to-actually-cancel-a-subscription-you-forgot-you-had,IMPROVE,"NACH mandate cancellation ""typically takes 3-5 working days to process.""",VERIFIABLE,"Multiple bank/fintech NACH cancellation guides (ICICI Home Finance, Bajaj Finserv Markets, Razorpay)",https://www.icicihfc.com/en/articles/user-guide-for-mandate-cancellation,Partially Confirmed,"Reported ranges vary by bank and channel: online cancellations often process in 24-48 hours to 5 days; offline/branch requests can take up to 7 working days; some banks quote 2-4 days. ""3-5 working days"" is a reasonable midpoint but not universal — note it can range 1-7 days depending on the bank and method used."
How to Cancel a Subscription You Forgot You Had,(not live) /how-to-actually-cancel-a-subscription-you-forgot-you-had,IMPROVE,"""Banks are required to act on cancelled UPI Autopay mandates, and a charge after a confirmed revocation is grounds to raise a formal dispute with your bank.""",VERIFIABLE,"NPCI UPI AutoPay customer control framework (revoke is a guaranteed customer right, enforced at the bank/NPCI level)",https://paytm.com/blog/payments/upi/cancelling-upi-mandate-rights-simple-steps/,Confirmed,"None on the core principle — revocation is a bank-enforced customer right under NPCI's mandate framework, so a post-revocation debit is a legitimate dispute basis. A primary NPCI/RBI circular citation would strengthen this further than the secondary source used here."
How to Cancel a Subscription You Forgot You Had,(not live) /how-to-actually-cancel-a-subscription-you-forgot-you-had,IMPROVE,"""Banks are generally able to trace [an unidentified recurring charge] from their own transaction records even when the statement description itself is unhelpful, particularly for charges routed through a payment aggregator.""",UNSUPPORTED,,,N/A,"Plausible but stated as settled fact with no source; bank ability to trace aggregator-routed transactions varies by bank and case. Soften to reflect that outcomes vary, or drop the specific ""generally able to"" framing."
How to Cancel a Subscription You Forgot You Had,(not live) /how-to-actually-cancel-a-subscription-you-forgot-you-had,IMPROVE,"Opening anecdote: ""A ₹149 charge showed up on a friend's bank statement last month for an app he'd deleted back in March... the mandate kept firing every 30 days.""",EXPERIENCE,,,N/A,"Reads as a generic, likely-fabricated illustrative anecdote (unnamed ""friend,"" round ₹149 figure, no verifiable specifics) rather than a genuine first-hand account. If kept, either attribute it honestly as a hypothetical/composite example, or replace with a real, specific, checkable case."
The Real Cost of Buy Now Pay Later — What the Fine Print Does Not Say,(not live) /the-real-cost-of-buy-now-pay-later-what-the-fine-print-does-not-say,IMPROVE,"""Several BNPL providers in India now report repayment behavior to credit bureaus, in line with RBI's digital lending guidelines pushing short-term credit products toward more formal reporting.""",VERIFIABLE,"Reserve Bank of India — Reserve Bank of India (Digital Lending) Directions, 2025 (official notification)",https://rbi.org.in/Scripts/NotificationUser.aspx?Id=12848&Mode=0,Confirmed,"None on the core claim — the RBI's 2025 Digital Lending Directions require Regulated Entities to report all digital lending, including short-term/deferred-payment credit products like BNPL, to Credit Information Companies, with reporting requirements for Digital Lending Apps effective June 15, 2025. Naming the RBI directive explicitly (rather than vaguely as ""RBI's digital lending guidelines"") would strengthen authority."
The Real Cost of Buy Now Pay Later — What the Fine Print Does Not Say,(not live) /the-real-cost-of-buy-now-pay-later-what-the-fine-print-does-not-say,IMPROVE,"""A credit card's revolving interest... roughly 3-3.5% monthly interest calculated on the actual balance.""",VERIFIABLE,Fi Money / Paisabazaar credit card interest rate guides,https://fi.money/guides/credit-cards/credit-card-interest-rates-quick-guide,Confirmed,"None — Indian credit card issuers typically charge 2.5-3.75% per month (30-45% annually), consistent with the stated 3-3.5% range."
The Real Cost of Buy Now Pay Later — What the Fine Print Does Not Say,(not live) /the-real-cost-of-buy-now-pay-later-what-the-fine-print-does-not-say,IMPROVE,"""Most BNPL late fees are a fixed amount rather than a percentage of what you owe"" — presented as the article's central financial claim, but no actual provider or late-fee figure (LazyPay, Simpl, Amazon Pay Later, Flipkart Pay Later — all four are named elsewhere in the piece) is ever cited.",UNSUPPORTED,,,N/A,"This is the article's flagged gap: it names LazyPay, Simpl, Amazon Pay Later, and Flipkart Pay Later in the intro but never cites any of their actual published late-fee schedules to support the flat-fee claim. Pull real, current late-fee figures from at least one of these providers' terms and cite them directly."
The Real Cost of Buy Now Pay Later — What the Fine Print Does Not Say,(not live) /the-real-cost-of-buy-now-pay-later-what-the-fine-print-does-not-say,IMPROVE,"""Merchants pay the BNPL provider a fee per transaction, typically a small percentage of order value, to offer it at checkout.""",VERIFIABLE,,,Could Not Verify,"The merchant-discount-rate model is the standard, well-known BNPL/affiliate revenue mechanism, but no specific percentage figure or named source was retrieved this session to confirm the exact fee range. Cite an actual merchant fee disclosure or industry report if a specific number is kept."
The Real Cost of Buy Now Pay Later — What the Fine Print Does Not Say,(not live) /the-real-cost-of-buy-now-pay-later-what-the-fine-print-does-not-say,IMPROVE,"""Checkout flows are designed around this [small-installment] framing effect, and being aware of it is the simplest defense against it, since knowing a nudge exists measurably reduces how well it works on you.""",UNSUPPORTED,,,N/A,"The claim that simply ""knowing a nudge exists measurably reduces how well it works"" is stated as an established psychological fact but no study or figure is cited. Behavioral-economics research on nudge awareness ('debiasing') is mixed and effect sizes vary; soften the claim or cite specific research."
The Real Cost of Buy Now Pay Later — What the Fine Print Does Not Say,(not live) /the-real-cost-of-buy-now-pay-later-what-the-fine-print-does-not-say,IMPROVE,"""BNPL is structured as a short-term, fee-based credit line... they make their margin from the merchant, who pays a fee to offer BNPL at checkout because it increases cart conversion.""",VERIFIABLE,,,Could Not Verify,"Consistent with the widely reported BNPL business model (merchant discount rate funding zero-interest offers), but no specific figure or named industry source was retrieved this session confirming the conversion-lift rationale. Cite a specific industry report if precision is needed; otherwise fine as general-knowledge framing."
Credit Card vs Debit Card for Everyday Spending — What Actually Saves You Money,(not live) /credit-card-vs-debit-card-for-everyday-spending-what-actually-saves-you-money,IMPROVE,"""A credit card statement cycle plus the grace period typically gives you 18-50 days between making a purchase and having to pay for it.""",VERIFIABLE,"BankBazaar — ""Interest Free Grace Period On Your Credit Card""; IndiaLends billing cycle guide",https://www.bankbazaar.com/credit-card/interest-free-grace-period-on-credit-cards.html,Confirmed,"None — commonly cited Indian issuer ranges run roughly 18-55 or 20-50 days depending on purchase timing within the cycle, consistent with the stated 18-50 day range."
Credit Card vs Debit Card for Everyday Spending — What Actually Saves You Money,(not live) /credit-card-vs-debit-card-for-everyday-spending-what-actually-saves-you-money,IMPROVE,"""Credit card interest on a carried balance runs roughly 3-3.5% per month on most Indian cards, calculated on the entire outstanding from the transaction date if you don't pay the full bill — not just the unpaid portion.""",VERIFIABLE,Fi Money — Credit card interest rates guide; Paisabazaar interest rate explainer,https://fi.money/guides/credit-cards/credit-card-interest-rates-quick-guide,Confirmed,"None — matches typical Indian issuer terms (2.5-3.75%/month, charged on the full outstanding from transaction date once the grace period is lost, not just the residual balance)."
Credit Card vs Debit Card for Everyday Spending — What Actually Saves You Money,(not live) /credit-card-vs-debit-card-for-everyday-spending-what-actually-saves-you-money,IMPROVE,"""Credit card cashback and reward points, typically in the 1-5% range depending on card and category.""",VERIFIABLE,,,Could Not Verify,"Broadly consistent with general knowledge of Indian card reward structures (base rates around 1-2%, accelerated category rates up to 5% or more on some premium cards), but no specific citation was retrieved this session. Cite a named card's published reward structure for precision."
Credit Card vs Debit Card for Everyday Spending — What Actually Saves You Money,(not live) /credit-card-vs-debit-card-for-everyday-spending-what-actually-saves-you-money,IMPROVE,"""Both card types charge a forex markup (commonly 2-3.5%) on foreign currency transactions unless you're using a dedicated forex or travel card.""",VERIFIABLE,"CardInsider — ""All About Foreign Currency Markup Fee on Credit Cards""",https://cardinsider.com/blog/all-about-foreign-currency-markup-fee-on-credit-cards/,Confirmed,"None — reported Indian card forex markups range roughly 0.99% to 3.5%, with most standard cards around 2-3.5%, consistent with the article's figure. Note GST (18%) applies on top of the markup itself, which the article doesn't mention."
Credit Card vs Debit Card for Everyday Spending — What Actually Saves You Money,(not live) /credit-card-vs-debit-card-for-everyday-spending-what-actually-saves-you-money,IMPROVE,"""Consistent credit card use that's paid in full every month is one of the more reliable ways to build credit history, since on-time repayment and a low utilization ratio... both factor into your credit score.""",VERIFIABLE,,,Could Not Verify,"Consistent with general knowledge of CIBIL/credit bureau scoring factors (payment history and utilization are well-known major factors), but a specific CIBIL/credit bureau methodology citation was not retrieved this session. Cite CIBIL's own scoring factor documentation for authority."
Credit Card vs Debit Card for Everyday Spending — What Actually Saves You Money,(not live) /credit-card-vs-debit-card-for-everyday-spending-what-actually-saves-you-money,IMPROVE,"The entire article discusses interest rates, float periods, rewards, and forex markups in generic ranges without naming a single actual card or issuer (e.g., HDFC, SBI Card, ICICI, Axis) anywhere in the piece.",POTENTIALLY MISLEADING,,,N/A,"Flagged editorial gap: every numeric range (float period, interest rate, rewards, forex markup) is generic. Anchor at least one range to a real, named card/issuer's published terms so the comparison reads as researched rather than templated."
Credit Card vs Debit Card for Everyday Spending — What Actually Saves You Money,(not live) /credit-card-vs-debit-card-for-everyday-spending-what-actually-saves-you-money,IMPROVE,"""Disputed [credit card] transactions are typically frozen rather than debited from your own funds while investigated.""",VERIFIABLE,,,Could Not Verify,"Consistent with general chargeback-dispute practice (credit disputes typically don't debit the cardholder pending investigation, unlike a debit card fraud claim which pulls from the actual account first), but no specific RBI/issuer citation was retrieved this session. Cite RBI's card dispute/chargeback circular for authority if this claim is retained."
How Cashback Apps Actually Make Money Off You,(not live) /how-cashback-apps-actually-make-money-off-you,IMPROVE,"""When you click through a cashback app to a retailer and buy something, the retailer pays the cashback app a commission... for driving that purchase through an affiliate link. The app then shares a portion of that commission back to you.""",VERIFIABLE,,,Could Not Verify,"This is the well-established, undisputed affiliate-marketing business model that cashback apps worldwide run on, but no specific citation (e.g., a named app's own disclosure, or an industry report) was retrieved this session to source it directly. Cite an actual cashback app's own ""how it works"" or terms page."
How Cashback Apps Actually Make Money Off You,(not live) /how-cashback-apps-actually-make-money-off-you,IMPROVE,"The entire article explains the cashback-app business model (commissions, breakage, float, nudging) without naming a single actual Indian cashback app anywhere (e.g., CashKaro, Magicpin, GoPaisa, ick).",UNSUPPORTED,,,N/A,"Flagged editorial gap: for a piece specifically titled ""How Cashback Apps Actually Make Money Off You,"" zero real apps are named. Name actual Indian cashback apps and, where possible, cite their real published terms (minimum withdrawal thresholds, pending/confirmation windows) to back the breakage and float claims with real specifics instead of generic industry description."
How Cashback Apps Actually Make Money Off You,(not live) /how-cashback-apps-actually-make-money-off-you,IMPROVE,"""A meaningful share of cashback offered across the industry is never redeemed... this unredeemed cashback, called 'breakage' in the industry, is money the app never has to pay out.""",UNSUPPORTED,,,N/A,"""Breakage"" is a real, standard term in loyalty/gift-card/rewards industries, so the concept is legitimate, but the specific claim of a ""meaningful share"" going unredeemed for cashback apps is asserted with no figure or source. Cite an actual breakage-rate statistic (loyalty industry reports commonly cite gift-card breakage rates) or qualify the claim as illustrative rather than measured."
How Cashback Apps Actually Make Money Off You,(not live) /how-cashback-apps-actually-make-money-off-you,IMPROVE,"""During that [pending] period, the app is holding money technically earmarked for you, which, across a large user base, is meaningful float that can itself generate value before you ever get access to it.""",UNSUPPORTED,,,N/A,"Plausible mechanism (float value is a real concept in fintech), but no figure, disclosure, or named app's pending-period data is cited to support that it's ""meaningful"" in this specific context. Either cite a specific app's disclosed pending window and estimate the float value, or frame as informed speculation rather than settled fact."
How Cashback Apps Actually Make Money Off You,(not live) /how-cashback-apps-actually-make-money-off-you,IMPROVE,"""The categories getting the loudest push notifications are usually the ones generating the most commission for the app, not necessarily the ones offering you the best actual value.""",UNSUPPORTED,,,N/A,"A reasonable inference from the commission-based model described earlier, but presented as an observed fact about notification behavior without any actual data or named app example. Soften to ""likely"" framing or support with a specific example."
How Cashback Apps Actually Make Money Off You,(not live) /how-cashback-apps-actually-make-money-off-you,IMPROVE,"""If a cashback rate looks unusually high compared to everything else on the same app, that's often a sign the underlying commission, and sometimes the price itself, has been inflated.""",OPINION,,,N/A,"Reasonable heuristic/advice but a speculative inference, not a checkable fact. Fine to keep as clearly-framed advice rather than an assertion of fact."
How Cashback Apps Actually Make Money Off You,(not live) /how-cashback-apps-actually-make-money-off-you,IMPROVE,"""Electronics and travel bookings often carry noticeably higher cashback percentages than daily groceries or utility bill payments... because those retailers pay a higher commission on higher-ticket purchases.""",UNSUPPORTED,,,N/A,"Plausible and broadly consistent with affiliate commission structures generally being category-dependent, but no actual rate comparison or named retailer/app data is cited. Pull real cashback-rate-by-category data from a named app to support this."
How to Negotiate Your Broadband or DTH Bill Down,(not live) /how-to-negotiate-your-broadband-or-dth-bill-down,IMPROVE,"The entire article — about calling your ISP/DTH provider's retention team — never once names an actual Indian provider (Jio, Airtel, ACT Fibernet, Tata Play, Dish TV, BSNL, etc.), despite giving provider-specific tactical advice throughout.",UNSUPPORTED,,,N/A,"This is the flagged core gap: a tactically detailed how-to about negotiating with ""your provider"" that never names Jio, Airtel, ACT, or Tata Play. Name actual providers and, where possible, their real retention-line contact paths, known loyalty-offer patterns, or published plan comparisons, so the advice reads as researched rather than generic."
How to Negotiate Your Broadband or DTH Bill Down,(not live) /how-to-negotiate-your-broadband-or-dth-bill-down,IMPROVE,"""TRAI's channel selection framework means DTH subscribers pay for exactly the channels and packs they've selected — many people are still paying for bundled packs chosen years ago.""",VERIFIABLE,"TRAI New Tariff Order (effective Feb 1, 2019), as reported by TelecomTalk and TechPP",https://telecomtalk.info/trai-subscribers-base-pack-rs130/185537/,Confirmed,"None on the core mechanism — TRAI's tariff framework (in effect since Feb 2019) requires a-la-carte channel selection with a mandated base pack (₹130 + GST) and per-channel MRP caps, letting subscribers choose and pay only for selected channels/packs. Citing the TRAI order directly (rather than secondary reporting) would strengthen sourcing."
How to Negotiate Your Broadband or DTH Bill Down,(not live) /how-to-negotiate-your-broadband-or-dth-bill-down,IMPROVE,"""Frontline retention staff typically have a discount authority ceiling, often somewhere around 10-20% off the current plan price or a one-tier speed upgrade, that they can approve on the call without needing a supervisor.""",UNSUPPORTED,,,N/A,"A specific-sounding number (10-20%) presented as fact with no source — reads as a fabricated/invented figure to sound authoritative. No provider publishes agent discount-approval ceilings publicly. Remove the specific percentage range or attribute it to an actual named source (e.g., a former call-center employee interview, a documented consumer report), otherwise frame explicitly as unverified speculation."
How to Negotiate Your Broadband or DTH Bill Down,(not live) /how-to-negotiate-your-broadband-or-dth-bill-down,IMPROVE,"""Initiating a formal port request, not just threatening to, sometimes triggers an automatic retention offer generated by the system itself before a human even gets involved.""",UNSUPPORTED,,,N/A,"A commonly repeated anecdotal claim in telecom-savings blogs but no official provider documentation or verifiable report was found confirming automated, system-triggered retention offers at the port-request stage in India. Attribute to a specific reported case or soften from ""sometimes triggers"" to clearly-flagged anecdotal claim."
How to Negotiate Your Broadband or DTH Bill Down,(not live) /how-to-negotiate-your-broadband-or-dth-bill-down,IMPROVE,"""Acquiring a new subscriber costs several times more than discounting an existing one, between advertising spend, free installation, and first-month promotional pricing.""",VERIFIABLE,,,Could Not Verify,"Consistent with general, well-established customer acquisition cost (CAC) vs. retention cost principles across subscription industries, but no telecom/DTH-specific figure or study was retrieved this session to confirm ""several times more"" precisely for Indian ISPs/DTH operators. Cite a specific telecom industry CAC study if a multiplier is kept."
How to Negotiate Your Broadband or DTH Bill Down,(not live) /how-to-negotiate-your-broadband-or-dth-bill-down,IMPROVE,"""Being aggressive or threatening on the call tends to move an agent less than being specific and prepared does.""",OPINION,,,N/A,"Reasonable negotiation advice but a subjective behavioral claim, not independently checkable against a source. Fine to keep as advice, not framed as a proven fact."
How to Negotiate Your Broadband or DTH Bill Down,(not live) /how-to-negotiate-your-broadband-or-dth-bill-down,IMPROVE,"""Many large Indian telecom groups now offer better combined pricing than the sum of two separate standalone plans"" (bundling broadband with mobile or DTH from the same parent company).",UNSUPPORTED,,,N/A,"Plausible (bundled telecom pricing is a known industry practice) but no actual bundle product is named or priced anywhere (e.g., Airtel Black, Jio's broadband+mobile+DTH combos, Tata Play + Airtel/Vi tie-ups). Name real bundle products with real prices to support the claim instead of a generic assertion."
The Real Difference Between a Fixed Deposit and a Recurring Deposit,(not live) /the-real-difference-between-a-fixed-deposit-and-a-recurring-deposit,IMPROVE,"Interest from FDs and RDs is fully taxable as income from other sources, and banks deduct TDS at 10% if interest income from that bank crosses the threshold in a financial year (no specific threshold figure given).",OUTDATED,"Income Tax Act Section 194A as amended by Finance Act 2025 / ClearTax, TaxGarden summaries",https://cleartax.in/s/section-194a-tds-on-interest-other-than-interest-on-securities,Partially Confirmed,"10% TDS rate is correct, but the article never states the actual threshold, which changed recently: from FY 2025-26 (w.e.f. 1 Apr 2025) the no-TDS threshold for bank/post-office interest is ₹50,000 for individuals under 60 (raised from ₹40,000) and ₹1,00,000 for senior citizens 60+ (raised from ₹50,000). The article should state these current figures instead of leaving 'the threshold' unspecified."
The Real Difference Between a Fixed Deposit and a Recurring Deposit,(not live) /the-real-difference-between-a-fixed-deposit-and-a-recurring-deposit,IMPROVE,TDS on RD interest works the same way as FD interest (RD interest is subject to TDS under the same provisions).,VERIFIABLE,TaxGuru / CharteredClub — Section 194A(3) Explanation 1 amendment (effective 1 June 2015),https://taxguru.in/income-tax/section-194a-amendment-provisions-related-tds-interest.html,Confirmed,"None — accurate. Recurring deposits were brought within the definition of 'time deposits' under Section 194A(3) effective 1 June 2015, so RD interest is subject to the same 10% TDS and threshold rules as FD interest."
The Real Difference Between a Fixed Deposit and a Recurring Deposit,(not live) /the-real-difference-between-a-fixed-deposit-and-a-recurring-deposit,IMPROVE,Both FD and RD products are backed by DICGC insurance up to ₹5 lakh per depositor per bank.,VERIFIABLE,DICGC (Deposit Insurance and Credit Guarantee Corporation),https://www.dicgc.org.in/FAQs,Confirmed,"None — accurate. DICGC cover is ₹5 lakh per depositor per bank (principal + interest combined), raised from ₹1 lakh in February 2020."
The Real Difference Between a Fixed Deposit and a Recurring Deposit,(not live) /the-real-difference-between-a-fixed-deposit-and-a-recurring-deposit,IMPROVE,Premature withdrawal on both FD and RD usually incurs a penalty reduction of 0.5-1% off the applicable rate.,UNSUPPORTED,,,Could Not Verify,"This is a commonly cited rule-of-thumb range but penalty rates are bank- and product-specific (e.g. SBI charges 0.50-1% depending on tenure and amount; other banks vary and some charge nothing on short breaks). Article should cite that this varies by bank rather than presenting one universal range, or name specific bank examples with links to their current FD/RD premature withdrawal policy pages."
The Real Difference Between a Fixed Deposit and a Recurring Deposit,(not live) /the-real-difference-between-a-fixed-deposit-and-a-recurring-deposit,IMPROVE,The RD's effective yield is always lower than the quoted rate for the same total money because the average outstanding principal over the year is roughly half of the FD's.,VERIFIABLE,Standard RD/FD effective-yield mathematics (compounding on declining average balance),https://groww.in/calculators/flat-vs-reducing-rate-calculator,Confirmed,"None — the underlying math is correct in direction. The article's editorial note asks that the ₹1,20,000 worked example actually be finished with real maturity numbers; currently it states the concept but never computes the two maturity values, which would make the claim concretely verifiable to the reader rather than asserted."
The Real Difference Between a Fixed Deposit and a Recurring Deposit,(not live) /the-real-difference-between-a-fixed-deposit-and-a-recurring-deposit,IMPROVE,"Missing an RD instalment typically triggers a small penalty charge per missed month rather than closing the account, with a grace period before repeated misses force early closure.",VERIFIABLE,"Bank-specific RD terms (e.g. SBI, HDFC RD missed-instalment policies)",https://blog.bankbazaar.com/recurring-deposits-and-tds/,Partially Confirmed,Directionally accurate but bank-specific: policies on missed-instalment penalties and grace periods before forced closure vary meaningfully by bank (e.g. number of allowed misses before auto-closure differs). Article should note this varies by bank rather than stating it as a universal rule.
The Real Difference Between a Fixed Deposit and a Recurring Deposit,(not live) /the-real-difference-between-a-fixed-deposit-and-a-recurring-deposit,IMPROVE,A 7% FD in a year with 6% inflation is barely preserving value in real terms.,OPINION,,,N/A,"This is a framing/interpretive statement built on a hypothetical, not a specific checkable government or market figure. No correction needed beyond noting it is illustrative, not a current inflation/rate claim."
How Much of Your Salary Should Actually Go to Rent,(not live) /how-much-of-your-salary-should-actually-go-to-rent,IMPROVE,"The 30% rule was built around gross household income and doesn't account for India-specific deductions like PF, professional tax, and TDS.",OPINION,,,N/A,The origin of the '30% rule' (commonly traced to US housing-affordability guidelines/HUD conventions) is asserted without citation. It's a widely repeated claim but the article should cite where the 30% figure originates rather than stating its provenance as settled fact.
How Much of Your Salary Should Actually Go to Rent,(not live) /how-much-of-your-salary-should-actually-go-to-rent,IMPROVE,"HRA exemption is the lower of: actual HRA received, rent paid minus 10% of basic salary, or a percentage of basic salary depending on city (implied 50%/40%).",VERIFIABLE,Income Tax Act Section 10(13A) read with Rule 2A,https://www.bajajfinserv.in/section-10-13a-of-income-tax-act,Confirmed,"Correct in substance but should state the exact figures for precision: exemption is the LEAST of (1) actual HRA received, (2) rent paid minus 10% of salary (basic + DA that counts for retirement benefits + turnover-based commission), (3) 50% of salary for Mumbai/Delhi/Kolkata/Chennai or 40% of salary for all other cities. The article names 'a percentage of basic salary depending on city' but never states 50%/40% or which four cities count as metro — this should be made explicit and cite Section 10(13A) / Rule 2A directly."
How Much of Your Salary Should Actually Go to Rent,(not live) /how-much-of-your-salary-should-actually-go-to-rent,IMPROVE,The new tax regime doesn't offer the HRA exemption.,VERIFIABLE,"Section 115BAC, Income Tax Act (new tax regime) / TaxBuddy, ClearTax summaries",https://taxguru.in/income-tax/hra-deduction-salaried-persons-tax-regime.html,Confirmed,None — accurate. HRA exemption under Section 10(13A) is not available to taxpayers who opt for the new tax regime under Section 115BAC; HRA received is fully taxable under that regime.
How Much of Your Salary Should Actually Go to Rent,(not live) /how-much-of-your-salary-should-actually-go-to-rent,IMPROVE,"Take-home pay on a ₹12 lakh CTC is usually around 70-80% of that after PF, professional tax, and TDS.",UNSUPPORTED,,,Could Not Verify,"This range is a reasonable rule-of-thumb but is highly dependent on individual CTC structure (bonus/variable pay proportion, employer PF matching, tax regime chosen, HRA and other exemptions claimed) and could not be tied to an authoritative source or standard calculator result. Should be labeled as an illustrative approximation, not a precise statistic, or replaced with a worked example using a stated CTC breakup."
How Much of Your Salary Should Actually Go to Rent,(not live) /how-much-of-your-salary-should-actually-go-to-rent,IMPROVE,"A ₹25,000 rent might have an effective cost closer to ₹20,000-22,000 once the HRA tax saving is accounted for.",UNSUPPORTED,,,Could Not Verify,"This specific illustrative figure depends entirely on the reader's basic salary, HRA component, city, and tax slab, which the article doesn't specify, so the ₹20,000-22,000 range cannot be independently verified as typical. Should either show the underlying assumptions (basic salary, slab rate, city) used to produce this number or clearly flag it as a hypothetical example only."
How Much of Your Salary Should Actually Go to Rent,(not live) /how-much-of-your-salary-should-actually-go-to-rent,IMPROVE,"Rent as a share of income is structurally higher in Mumbai, Bengaluru, and Delhi-NCR, and someone in Mumbai clearing 40-45% of take-home on rent isn't necessarily reckless.",OPINION,,,N/A,"This is an interpretive judgment about what counts as 'reckless' spending, not a checkable statistic. No correction needed; flag as opinion/contextual framing rather than fact."
How to Read a Loan APR Instead of Just the EMI,(not live) /how-to-read-a-loan-apr-instead-of-just-the-emi,IMPROVE,"RBI requires regulated lenders to provide a Key Fact Statement (KFS) for most retail and personal loans, showing APR, fees, and repayment schedule in a standardized format.",VERIFIABLE,"RBI Circular RBI/2024-25/18 (Key Facts Statement (KFS) for Loans & Advances), effective 1 October 2024",https://uniqus.com/rbi-circular-on-key-facts-statement-for-loans-and-advances/,Confirmed,"None — accurate. RBI mandated KFS for all new retail and MSME term loans sanctioned on/after 1 October 2024 (circular dated 15 April 2024), requiring standardized disclosure of APR and all charges. Article could strengthen credibility by naming the circular explicitly. Note: KFS does not cover credit cards or non-term MSME lending, a nuance the article omits."
How to Read a Loan APR Instead of Just the EMI,(not live) /how-to-read-a-loan-apr-instead-of-just-the-emi,IMPROVE,"A reducing balance rate calculates interest only on outstanding principal, while a flat rate calculates interest on the original principal for the whole tenure, making a flat rate loan more expensive than the same headline reducing rate.",VERIFIABLE,BankBazaar / DMI Finance — Flat vs Reducing Interest Rate explainers,https://www.bankbazaar.com/personal-loan/personal-loan-flat-and-reducing-interest-rate.html,Confirmed,None — mechanically accurate description of how flat-rate and reducing-balance interest are computed.
How to Read a Loan APR Instead of Just the EMI,(not live) /how-to-read-a-loan-apr-instead-of-just-the-emi,IMPROVE,"Flat-rate loans commonly work out to an effective reducing-rate equivalent of roughly 1.8-2x the stated flat number, depending on tenure; a 13% flat loan is equivalent to roughly 23-24% reducing.",VERIFIABLE,BankBazaar / EMI.me flat-vs-reducing rate calculators and industry rule-of-thumb,https://emi.me/learn/flat-rate-vs-reducing-balance/,Partially Confirmed,"The 1.8-1.9x rule-of-thumb is a widely used approximation for typical 3-5 year tenures, but the exact multiplier is tenure-dependent (shorter tenures produce a smaller gap, longer tenures a larger one) and isn't a fixed, official figure — no RBI or regulatory source publishes a fixed conversion factor. The article's specific '13% flat ≈ 23-24% reducing' example is a plausible but unsourced illustrative calculation; it should show the calculation or cite a specific calculator/example rather than presenting the range as an established constant."
How to Read a Loan APR Instead of Just the EMI,(not live) /how-to-read-a-loan-apr-instead-of-just-the-emi,IMPROVE,Processing fees commonly range 0.5-2.5% of the loan amount.,VERIFIABLE,"CreditMantri, Paisabazaar, DMI Finance personal loan processing fee surveys (2026)",https://www.creditmantri.com/personal-loan-processing-fees-charges/,Partially Confirmed,"Actual market range runs somewhat wider — most sources cite 0.5% to 4% (some up to 5%), with 1-2.5% being the common band for major banks/NBFCs specifically, plus 18% GST charged on top of the fee, which the article never mentions. Update the range to reflect the fuller 0.5-4% spread and add that GST applies on top of the fee."
How to Read a Loan APR Instead of Just the EMI,(not live) /how-to-read-a-loan-apr-instead-of-just-the-emi,IMPROVE,Prepayment or foreclosure penalties on some loans commonly run 2-5% of the outstanding principal.,VERIFIABLE,"HDFC Bank, ICICI Bank personal loan prepayment charge schedules; industry surveys",https://www.tatacapital.com/blog/personal-use-loan/a-guide-to-effectively-prepaying-your-personal-loan/,Partially Confirmed,"Directionally correct; real-world bank data shows a slightly wider range of roughly 1-6% depending on the bank and how long the loan has run (e.g. HDFC: 4% within 24 EMIs, 3% at 24-36 EMIs, 2% after 36 EMIs; ICICI: 3% within 24 months, 0% after). Article should note that the percentage typically decreases the longer the loan has been running, rather than presenting one flat range."
How to Read a Loan APR Instead of Just the EMI,(not live) /how-to-read-a-loan-apr-instead-of-just-the-emi,IMPROVE,Several RBI-regulated loan comparison platforms display APR alongside interest rate.,UNSUPPORTED,,,Could Not Verify,"No specific platforms are named, and 'RBI-regulated loan comparison platforms' is an imprecise description — loan aggregator/comparison websites (e.g. BankBazaar, Paisabazaar) are not themselves RBI-regulated entities in the way banks/NBFCs are; they operate as intermediaries. Article should either name specific platforms and clarify their actual regulatory status, or remove the 'RBI-regulated' characterization as currently unsupported."
How to Read a Loan APR Instead of Just the EMI,(not live) /how-to-read-a-loan-apr-instead-of-just-the-emi,IMPROVE,"Some lenders bundle credit life insurance into a loan, sometimes presented as mandatory when it's optional, inflating the loan principal and interest charged.",VERIFIABLE,RBI/consumer-finance reporting on bundled loan insurance practices,https://www.business-standard.com/amp/finance/news/banks-can-t-charge-additional-beyond-key-facts-statement-says-rbi-124041500993_1.html,Confirmed,"Directionally accurate and a well-documented practice/complaint area in Indian retail lending; the KFS mandate (Oct 2024) specifically requires insurance charges to be disclosed separately from the loan principal, which the article could cite as the regulatory backstop for this exact issue."
Remote Work vs Hybrid vs Office: How Each Setup Shapes Your Career Growth,(not live) /remote-work-vs-hybrid-vs-office-what-actually-affects-career-growth,IMPROVE,"Managers don't promote the person who works hardest — they promote the person whose work they can see and vouch for confidently, and remote work strips out accidental visibility.",OPINION,,,N/A,This is presented as a general mechanism/thesis without any cited survey or study. The editorial note explicitly flags that a real survey citation on remote/hybrid promotion rates would strengthen the piece — none is provided anywhere in the article. Recommend adding a citable data point (e.g. a labor-economics study on remote-worker promotion rates) to move this from assertion to evidence-backed claim.
Remote Work vs Hybrid vs Office: How Each Setup Shapes Your Career Growth,(not live) /remote-work-vs-hybrid-vs-office-what-actually-affects-career-growth,IMPROVE,"In informal conversations, many managers admit to a bias that it's easier to advocate for someone whose work they've watched happen in person, even when a remote report's output is comparable or better.",UNSUPPORTED,,,Could Not Verify,"No survey, study, or named source is cited for this claim about what managers 'admit privately.' This reads as a plausible but unverifiable generalization presented as established behavior. Should be either sourced to an actual survey (several exist on proximity bias in promotion decisions, e.g. from Future Forum or similar workplace-research groups) or rewritten as an explicitly stated opinion/hypothesis rather than a factual claim about manager behavior."
Remote Work vs Hybrid vs Office: How Each Setup Shapes Your Career Growth,(not live) /remote-work-vs-hybrid-vs-office-what-actually-affects-career-growth,IMPROVE,Most Indian IT and product companies have settled on two-to-three office days a week.,VERIFIABLE,"Industry hybrid-work policy reporting (e.g. TCS, Infosys, Wipro RTO mandates)",,Could Not Verify,"Directionally plausible (many large Indian IT firms have moved to 2-3 day RTO mandates through 2024-2026), but no single authoritative industry-wide survey was found confirming 'most' companies specifically settled on 2-3 days as a statistic. Article should cite specific company policies (e.g. TCS's return-to-office stance) rather than asserting an industry-wide average as settled fact."
Remote Work vs Hybrid vs Office: How Each Setup Shapes Your Career Growth,(not live) /remote-work-vs-hybrid-vs-office-what-actually-affects-career-growth,IMPROVE,"Early in a career, being in the room matters more because informal, unwritten learning (watching a senior debug live, watching how decisions get made) isn't captured in documentation, and this in-person learning curve flattens out for senior employees.",OPINION,,,N/A,"Reasonable, widely-held career advice but not a checkable statistic — presented as interpretation/argument, not fact. No correction needed beyond classification."
Remote Work vs Hybrid vs Office: How Each Setup Shapes Your Career Growth,(not live) /remote-work-vs-hybrid-vs-office-what-actually-affects-career-growth,IMPROVE,"A remote employee who asks specific, well-prepared questions in scheduled 1:1s often gets more actual mentorship time than an office employee who's present but never asks.",EXPERIENCE,,,N/A,"Presented as a general truth but reads as an anecdotal/generic claim with no named source, study, or specific example behind it — has the shape of fabricated-sounding 'often' framing rather than a cited pattern. Should be reframed as the author's opinion/observation rather than an implied fact."
How to Build a LinkedIn Profile That Recruiters Actually Find,(not live) /how-to-build-a-linkedin-profile-that-recruiters-actually-find,IMPROVE,"LinkedIn Recruiter lets recruiters search by exact keywords, current title, past titles, skills, location, and school, combined with AND/OR logic (Boolean search).",VERIFIABLE,LinkedIn Recruiter Help — Boolean search filters,https://www.linkedin.com/help/recruiter/answer/a415295,Confirmed,"None — accurate. LinkedIn Recruiter supports Boolean (AND/OR/NOT) search across title, location, company, skills, schools, and industries."
How to Build a LinkedIn Profile That Recruiters Actually Find,(not live) /how-to-build-a-linkedin-profile-that-recruiters-actually-find,IMPROVE,LinkedIn's own skill-matching weights skills with the most endorsements more heavily in recruiter search relevance.,UNSUPPORTED,,,Could Not Verify,LinkedIn does not publicly document that endorsement count directly boosts search ranking; this is a commonly repeated claim in LinkedIn-optimization blog content but not confirmed in LinkedIn's own official search/ranking documentation. Should be softened to 'many LinkedIn coaches believe' or removed unless a LinkedIn official source can be found.
How to Build a LinkedIn Profile That Recruiters Actually Find,(not live) /how-to-build-a-linkedin-profile-that-recruiters-actually-find,IMPROVE,"LinkedIn's algorithm and many recruiters weight recent activity, and profiles with no updates for over a year rank lower in relevance even with strong keyword coverage.",UNSUPPORTED,,,Could Not Verify,No official LinkedIn documentation or independent study was found confirming a specific 'over a year of inactivity' ranking penalty in recruiter search relevance. This is a plausible but unverified claim commonly repeated in LinkedIn-growth blog content. Should be attributed as anecdotal/industry belief rather than stated as an established platform mechanic.
How to Build a LinkedIn Profile That Recruiters Actually Find,(not live) /how-to-build-a-linkedin-profile-that-recruiters-actually-find,IMPROVE,"Profiles without a photo get filtered out or deprioritized in some recruiter searches entirely, since a blank avatar reads as an inactive or fake account.",UNSUPPORTED,,,Could Not Verify,"No LinkedIn official source confirms photo-less profiles are algorithmically filtered from search results; LinkedIn does publish general engagement stats favoring profiles with photos, but the specific 'filtered out' claim couldn't be verified. Recommend rewording to the more defensible claim that photo-less profiles receive less recruiter attention/trust, rather than asserting a search-filtering mechanic."
How to Build a LinkedIn Profile That Recruiters Actually Find,(not live) /how-to-build-a-linkedin-profile-that-recruiters-actually-find,IMPROVE,Turning on 'Open to Work' with recruiter-only visibility adds you to a dedicated search pool while staying invisible to your current employer's own recruiters.,VERIFIABLE,LinkedIn official Help Center — Open To Work feature,https://www.linkedin.com/help/recruiter/answer/a415295,Confirmed,"None — accurate. LinkedIn's 'Open to Work' feature offers a 'recruiters only' visibility setting specifically designed to signal availability to recruiters using LinkedIn Recruiter while hiding the signal from the user's current company's recruiters/employees, per LinkedIn's own documentation."
How to Build a LinkedIn Profile That Recruiters Actually Find,(not live) /how-to-build-a-linkedin-profile-that-recruiters-actually-find,IMPROVE,The actual job title field under each work experience entry is separately searchable from the headline.,VERIFIABLE,LinkedIn Recruiter search filters (title field indexing),https://www.leonar.app/blog/linkedin-recruiter-search-filters/,Confirmed,"None — accurate. LinkedIn Recruiter's 'Job title' filter searches the structured title field on each experience entry, separate from headline text search."
How to Handle Being Laid Off: The First Two Weeks,(not live) /how-to-handle-being-laid-off-the-first-two-weeks,IMPROVE,Gratuity is included in full and final settlement if the employee has completed five years of service.,VERIFIABLE,"Payment of Gratuity Act, 1972",https://thelegalschool.in/blog/gratuity-eligibility-criteria,Partially Confirmed,"The five-year rule is correct but incomplete: courts and the Act's 'continuous service' definition recognize an exception where an employee who completes more than 4 years and 240 days in the final year can also qualify, and the five-year requirement is waived entirely in cases of death or disablement. Article should mention the 4-years-240-days exception and the death/disablement waiver, both of which are common real-world scenarios for someone reading a layoff-specific article."
How to Handle Being Laid Off: The First Two Weeks,(not live) /how-to-handle-being-laid-off-the-first-two-weeks,IMPROVE,India has no automatic health insurance continuation like the US's COBRA — coverage typically ends on the last working day or shortly after if the only cover was the employer's group policy.,VERIFIABLE,IRDAI group health insurance / policyholder.gov.in,https://policyholder.gov.in/portability-of-health-insurance,Confirmed,"None — accurate. India has no equivalent to COBRA; group employer health cover generally terminates at employment end, and IRDAI portability/migration rules (not automatic continuation) are the mechanism available instead."
How to Handle Being Laid Off: The First Two Weeks,(not live) /how-to-handle-being-laid-off-the-first-two-weeks,IMPROVE,"IRDAI-mandated health insurance portability lets you carry forward credit for waiting periods already served when moving from a group/employer policy to an individual one, or between insurers, as long as there's no gap in coverage.",VERIFIABLE,IRDAI — Guidelines on Migration and Portability of Health Insurance Policies / policyholder.gov.in,https://irdai.gov.in/document-detail?documentId=393128,Confirmed,"None — accurate in substance. IRDAI's migration/portability regulations allow individual members of a group policy to migrate to an individual/family floater policy with credit for time already served toward waiting periods and pre-existing disease exclusions (capped at 36 months under the 2024 IRDAI Insurance Products Regulations), subject to no break in coverage and (per IRDAI process) intimation to the existing insurer, generally at least 45 days before renewal — a specific procedural detail the article doesn't mention and could usefully add."
How to Handle Being Laid Off: The First Two Weeks,(not live) /how-to-handle-being-laid-off-the-first-two-weeks,IMPROVE,EPF early withdrawal before five years of continuous service is usually taxable.,VERIFIABLE,EPFO / Income Tax Act — EPF withdrawal taxation rules,https://cleartax.in/s/pf-balance-withdrawal-incometax,Confirmed,"Correct but the article omits a useful specific: TDS on EPF withdrawals under 5 years' service only applies if the withdrawal exceeds ₹50,000 (10% TDS with PAN, 20% without; avoidable via Form 15G/15H if income is below the taxable threshold), a Finance Act 2016 provision effective since 1 June 2016. Adding this threshold and the Form 15G/15H workaround would make the section concretely actionable rather than a general caution."
How to Handle Being Laid Off: The First Two Weeks,(not live) /how-to-handle-being-laid-off-the-first-two-weeks,IMPROVE,EPF left inactive keeps earning interest for a few years even if inactive.,POTENTIALLY MISLEADING,EPFO rules on inoperative accounts,https://cleartax.in/s/pf-balance-withdrawal-incometax,Partially Confirmed,"This is true only up to a point and stated too loosely: EPFO pays interest on inoperative accounts, but an account becomes 'inoperative' (and interest treatment/tax status can change) if no contribution is received for 36 months after retirement/permanent departure from employment, and interest earned after that point becomes taxable in the depositor's hands. The article's 'a few years' phrasing without the 36-month rule and its tax consequence could leave readers assuming indefinite risk-free accrual."
How to Handle Being Laid Off: The First Two Weeks,(not live) /how-to-handle-being-laid-off-the-first-two-weeks,IMPROVE,Vested ESOPs commonly must be exercised within 90 days of the last working day or they're forfeited.,VERIFIABLE,"Qapita, Carta, Hissa — Post-Termination Exercise Period (PTEP) explainers for Indian startups",https://www.qapita.com/blog/post-termination-exercise-period,Partially Confirmed,"90 days is a commonly cited standard/default in Indian startup ESOP plans, but there is no single legal mandate fixing this figure — the actual window is governed entirely by each company's specific ESOP plan document, and ranges from 30 days to several years (some progressive startups now offer 1-10 years). Article should clarify that 90 days is a common default, not a fixed rule, and tell the reader to check their own ESOP/plan agreement rather than assume 90 days applies."
How to Handle Being Laid Off: The First Two Weeks,(not live) /how-to-handle-being-laid-off-the-first-two-weeks,IMPROVE,"Pausing a running SIP rather than cancelling it preserves the account and accumulated units, and most mutual fund platforms allow a pause without penalty, unlike a full redemption which can trigger exit loads or tax implications.",VERIFIABLE,AMFI / mutual fund platform SIP pause policies,,Partially Confirmed,"Directionally accurate — SIP pause facilities exist on most major platforms and redemption can trigger exit loads (typically within 1 year, commonly ~1%) and capital gains tax, while pausing does not. However 'most platforms allow a pause without penalty' could not be confirmed as a universal figure since pause features, duration limits, and eligibility vary by AMC/platform (e.g. some cap pause duration at 1-3 months). Recommend naming specific platform examples or softening 'most' to reflect this variability."
How to Handle Being Laid Off: The First Two Weeks,(not live) /how-to-handle-being-laid-off-the-first-two-weeks,IMPROVE,"India doesn't have a broad unemployment insurance system most private-sector employees can draw on, though a few states/industries have limited schemes.",VERIFIABLE,Atal Bimit Vyakti Kalyan Yojana (ABVKY) under ESIC — limited unemployment benefit scheme,,Confirmed,"Accurate at a general level. One specific scheme the article could name to make 'limited schemes' concrete: the Atal Bimit Vyakti Kalyan Yojana under ESIC, which provides limited cash relief to ESI-covered private-sector employees who lose their jobs involuntarily — but coverage is restricted to ESI-registered employees (broadly lower-wage formal-sector workers), so it does not apply to most white-collar salaried employees, consistent with the article's overall point."
How to Link Aadhaar and PAN Online — Step by Step,(not live) /how-to-link-aadhaar-and-pan-online-step-by-step,IMPROVE,"The late-linking fee is ₹1,000, paid through e-Pay Tax on the income tax portal, selecting the relevant assessment year and 'Other Receipts' as payment type.",VERIFIABLE,Income Tax Department — Link Aadhaar FAQ (incometax.gov.in),https://www.incometax.gov.in/iec/foportal/help/e-filing-link-aadhaar-faq,Confirmed,"Fee amount confirmed at ₹1,000. Minor correction: the official payment type/minor head is specifically listed as 'Fee for delay in linking PAN with Aadhaar' under Section 234H (some references list it under 'Other Receipts (500)/Fee' category on the e-Pay Tax flow) — article should double check and match the exact current dropdown wording on the live e-Pay Tax page, since portal UI labels can shift and this is exactly the kind of concrete step-by-step detail the editorial note flags as needing a 'last verified' date."
How to Link Aadhaar and PAN Online — Step by Step,(not live) /how-to-link-aadhaar-and-pan-online-step-by-step,IMPROVE,"A small category of PAN holders are exempt from linking: residents of Assam, Jammu & Kashmir, and Meghalaya, NRIs per the Income Tax Act, and individuals above a certain age at the time the rule was introduced.",VERIFIABLE,Income Tax Department — Link Aadhaar FAQ (incometax.gov.in),https://www.incometax.gov.in/iec/foportal/help/e-filing-link-aadhaar-faq,Confirmed,"Confirmed but the article should state the exact age threshold instead of the vague 'above a certain age': the exemption applies to individuals aged 80 years or above during the previous year (super senior citizens), plus non-citizens of India as a fourth category the article omits entirely."
How to Link Aadhaar and PAN Online — Step by Step,(not live) /how-to-link-aadhaar-and-pan-online-step-by-step,IMPROVE,"An OTP for the Link Aadhaar request goes to the mobile number registered with Aadhaar, not the one registered with bank or PAN.",VERIFIABLE,Income Tax Department e-filing portal — Link Aadhaar process,https://www.incometax.gov.in/iec/foportal/help/all-topics/e-filing-services/link-aadhaar,Confirmed,"None — accurate. The OTP verification step in the Link Aadhaar flow is sent to the mobile number linked to the Aadhaar record via UIDAI, which can differ from the number linked to a bank account or PAN profile."
How to Link Aadhaar and PAN Online — Step by Step,(not live) /how-to-link-aadhaar-and-pan-online-step-by-step,IMPROVE,"If TDS was deducted at a higher rate during a period the PAN was inoperative, the excess can usually be claimed back as a refund when filing the return for that year, once the PAN becomes operative and the correction falls within the same or adjoining assessment years.",VERIFIABLE,Income Tax Department — Section 206AA / CBDT Circular on inoperative PAN and higher TDS,https://www.incometax.gov.in/iec/foportal/help/e-filing-link-aadhaar-faq,Partially Confirmed,"Directionally correct in that becoming PAN-operative again generally allows normal TDS credit reconciliation going forward, but the specific claim about reclaiming already-deducted higher-rate TDS via refund, and the 'same or adjoining assessment years' caveat, is a nuanced area that has seen CBDT circulars/clarifications change over time (e.g. CBDT Circular 6/2024 gave relief for certain transactions if PAN-Aadhaar was linked by specific deadlines). Article should cite the specific CBDT circular governing this relief rather than stating the mechanism generically, since the exact conditions for reclaiming already-deducted higher TDS are more restrictive and technical than 'file your return and it gets reconciled.'"
How to Link Aadhaar and PAN Online — Step by Step,(not live) /how-to-link-aadhaar-and-pan-online-step-by-step,IMPROVE,"An inoperative PAN blocks opening a new bank account, demat account, or mutual fund folio, and in some cases blocks KYC refresh on an existing account.",VERIFIABLE,Income Tax Department — consequences of inoperative PAN (Section 206AA/206CC linked FAQ),https://www.incometax.gov.in/iec/foportal/help/e-filing-link-aadhaar-faq,Confirmed,"None — accurate. Official consequences of an inoperative PAN include higher TDS/TCS deduction, withheld refunds, and loss of interest on refunds; financial institutions independently require an operative PAN for KYC on new accounts/folios per PAN validation requirements, consistent with the article's description."
How to Link Aadhaar and PAN Online — Step by Step,(not live) /how-to-link-aadhaar-and-pan-online-step-by-step,IMPROVE,"Once linking is confirmed, the status page shows 'Aadhaar-PAN linking is completed successfully,' and a formal downloadable acknowledgment with a reference number is available under the same Link Aadhaar Status section.",VERIFIABLE,Income Tax Department e-filing portal — Link Aadhaar Status page,https://www.incometax.gov.in/iec/foportal/help/all-topics/e-filing-services/link-aadhaar,Partially Confirmed,"The general flow (status check, confirmation message, downloadable acknowledgment) is consistent with how the portal operates, but exact UI wording and whether a separate downloadable acknowledgment (vs. just a status message) is available can change with portal updates. Given the article's own editorial note calling for screenshots and a 'last verified' date, this step-by-step UI claim should be re-confirmed against the live portal immediately before publish and dated."
How to Check Your EPF Balance Without Visiting an Office,(not live) /how-to-check-your-epf-balance-without-visiting-an-office,IMPROVE,"UAN activation is done at the UAN member portal unifiedportal-mem.epfindia.gov.in by clicking Activate UAN and entering UAN, name, DOB and mobile number, then verifying via OTP.",VERIFIABLE,EPFO Unified Member Portal,https://unifiedportal-mem.epfindia.gov.in/memberinterface/,Confirmed,"None — portal URL and activation flow (Activate UAN under Important Links, OTP-based) match the live EPFO portal. Article could note the exact input set can be UAN/Member ID/Aadhaar/PAN, not just UAN."
How to Check Your EPF Balance Without Visiting an Office,(not live) /how-to-check-your-epf-balance-without-visiting-an-office,IMPROVE,Giving a missed call to 011-22901406 from your KYC-seeded registered mobile number returns an SMS with PF balance and last contribution.,VERIFIABLE,EPFO official (X/Twitter) and multiple financial portals,https://x.com/officialepfo/status/1526492940193112064,Confirmed,None — number and KYC-seeding prerequisite are accurate and match EPFO's own communications.
How to Check Your EPF Balance Without Visiting an Office,(not live) /how-to-check-your-epf-balance-without-visiting-an-office,IMPROVE,"Sending an SMS 'EPFOHO UAN ENG' to 7738299899 from the registered mobile returns balance details, and the last three letters can be swapped for other language codes (Hindi, Marathi, Punjabi, Gujarati, Telugu, etc.).",VERIFIABLE,EPFO Short Code SMS Service circular,https://www.epfindia.gov.in/site_docs/PDFs/MiscPDFs/Short_Code_SMS_Service.pdf,Confirmed,"None — number, format 'EPFOHO <UAN><LAN>', and multi-language support (10 languages including the ones named) are accurate per EPFO's own document."
How to Check Your EPF Balance Without Visiting an Office,(not live) /how-to-check-your-epf-balance-without-visiting-an-office,IMPROVE,"The UMANG app, under Employee Centric Services > View Passbook, gives a month-wise breakup of employee and employer contributions after UAN + OTP login.",VERIFIABLE,EPFO / UMANG app documentation (cross-referenced via multiple financial explainer sites),https://www.epfindia.gov.in/site_en/OnlineServiceMembers.php,Partially Confirmed,"The general flow is correct and widely corroborated, but no single primary EPFO/UMANG page was loaded to confirm the exact menu label 'Employee Centric Services'. Recommend linking directly to EPFO's own UMANG service description page as the citation rather than leaving it unsourced."
How to Check Your EPF Balance Without Visiting an Office,(not live) /how-to-check-your-epf-balance-without-visiting-an-office,IMPROVE,"Logging into the Member e-Sewa portal and going to View > Passbook gives the most complete view — separate passbooks per employer, annual interest credited, and pension contribution splits.",VERIFIABLE,EPFO Member Passbook portal,https://passbook.epfindia.gov.in/,Confirmed,None — this matches EPFO's actual member passbook portal and its behavior of showing per-establishment passbooks.
How to Check Your EPF Balance Without Visiting an Office,(not live) /how-to-check-your-epf-balance-without-visiting-an-office,IMPROVE,A consolidation of old EPF accounts is done via Online Services > 'One Employee - One EPF Account' on the member portal.,VERIFIABLE,EPFO Unified Member Portal — Online Services,https://unifiedportal-mem.epfindia.gov.in/memberinterface/,Confirmed,"None — 'One Employee - One EPF Account (Transfer Request)' is the actual, correctly named EPFO online service."
How to Check Your EPF Balance Without Visiting an Office,(not live) /how-to-check-your-epf-balance-without-visiting-an-office,IMPROVE,"EPF and EPS are two different funds shown in the passbook — EPF is retirement savings, EPS pays a monthly pension after retirement, so its balance figure looks smaller.",VERIFIABLE,EPFO — Employees' Pension Scheme overview,https://www.epfindia.gov.in/site_en/EPS_1995.php,Confirmed,"None — this is a correct, basic description of the EPF vs EPS scheme structure."
How to Check Your EPF Balance Without Visiting an Office,(not live) /how-to-check-your-epf-balance-without-visiting-an-office,IMPROVE,"EPFO credits interest only once a year, usually with a lag of several months after the financial year closes, so the balance can look 'stuck' even while monthly contributions go in.",VERIFIABLE,Business Standard — EPFO interest credit reporting (FY25 8.25% credit),https://www.business-standard.com/amp/finance/personal-finance/epfo-credits-8-25-interest-for-fy25-check-if-yours-is-credited-yet-125063000299_1.html,Confirmed,"None — EPFO has historically credited each financial year's interest several months into the following year (e.g., FY25 interest credited mid-2025), matching the article's description."
How to Check Your EPF Balance Without Visiting an Office,(not live) /how-to-check-your-epf-balance-without-visiting-an-office,IMPROVE,A company shutting down doesn't erase the EPF balance since EPFO holds the fund independently of the employer.,VERIFIABLE,"General EPFO scheme structure (EPF & Miscellaneous Provisions Act, 1952)",,Confirmed,"None, but article should cite EPFO's own guidance page on this rather than leaving it as an unsourced assertion, since it is a claim readers may worry about specifically."
How to Download Your Digital Driving Licence on DigiLocker,(not live) /how-to-download-your-digital-driving-licence-on-digilocker,IMPROVE,"A driving licence pulled into DigiLocker is digitally signed by the issuing authority, and under the IT Act that signature makes it legally equivalent to the physical card during a traffic check.",VERIFIABLE,"Ministry of Road Transport & Highways circular No. RT-11036/64/2017-MVL (08.08.2018); Information Technology Act, 2000, Section 6",https://morth.nic.in/en/acceptance-driving-licence-registration-certificate-or-other-documents-presented-through-0,Partially Confirmed,"The legal-equivalence claim is directionally correct but mis-cited. The operative legal basis is not simply 'the IT Act' in the abstract — it's the specific MoRTH circular (No. RT-11036/64/2017-MVL, dated 8 Aug 2018) issued under the Motor Vehicles Act/Rules, combined with IT Act provisions on electronic records. The article should name and link the actual MoRTH circular rather than a vague 'Under the IT Act' attribution, since that's the citation a skeptical reader or a traffic stop would actually need."
How to Download Your Digital Driving Licence on DigiLocker,(not live) /how-to-download-your-digital-driving-licence-on-digilocker,IMPROVE,"Under the 'amended Motor Vehicles Act framework,' producing documents via DigiLocker or mParivahan is accepted as valid production of the physical document, and police aren't supposed to seize your phone or insist on the paper original.",VERIFIABLE,Ministry of Road Transport & Highways circular No. RT-11036/64/2017-MVL (08.08.2018),https://morth.nic.in/en/acceptance-driving-licence-registration-certificate-or-other-documents-presented-through-0,Partially Confirmed,"Wrong legal instrument named. This is not a Motor Vehicles Act amendment — it is a MoRTH administrative circular (dated 8 Aug 2018) directing state police/transport authorities to accept DigiLocker/mParivahan documents at par with physical originals and not demand the physical copy. The article should correct 'amended Motor Vehicles Act framework' to reference this specific circular; multiple secondary legal sources (advocategandhi.com, wbxpress.com) corroborate the circular's content, but the primary MoRTH page could not be fully rendered to quote verbatim text — recommend the site link directly to the circular PDF (available via digilocker.gov.in/circulars) as the citation."
How to Download Your Digital Driving Licence on DigiLocker,(not live) /how-to-download-your-digital-driving-licence-on-digilocker,IMPROVE,"DigiLocker signup: download the app or go to digilocker.gov.in, sign up with mobile number and OTP, then set a 6-digit PIN or use Aadhaar for verification; linking Aadhaar during setup lets DigiLocker auto-fetch documents issued against that Aadhaar-linked mobile.",VERIFIABLE,DigiLocker official site,https://www.digilocker.gov.in/,Partially Confirmed,"The general onboarding sequence (Register > Verify > Fetch > Share) is consistent with DigiLocker's own site, but the fetched page did not expose the granular OTP/6-digit-PIN mechanics to confirm verbatim. This is widely corroborated by third-party guides but the site itself should link its own FAQ/help page for this level of procedural detail rather than relying on the article's unsourced steps."
How to Download Your Digital Driving Licence on DigiLocker,(not live) /how-to-download-your-digital-driving-licence-on-digilocker,IMPROVE,"mParivahan, also run by the Ministry of Road Transport, pulls the same underlying RTO (VAHAN/SARATHI) data as DigiLocker, so there's no accuracy difference between the two apps.",VERIFIABLE,MoRTH circular RT-11036/64/2017-MVL; multiple legal explainer sources,https://www.legalmantra.net/blog-detail/legal-validity-of-digilocker-and-mparivahan-documents-under-motor-vehicles-law,Confirmed,None — both apps are confirmed to draw from the same VAHAN/SARATHI government databases per the MoRTH circular and legal commentary.
How to Download Your Digital Driving Licence on DigiLocker,(not live) /how-to-download-your-digital-driving-licence-on-digilocker,IMPROVE,"DigiLocker's Family Member feature lets you link and access a spouse's or dependent's DL/RC, but each family member must individually consent via their own OTP verification before the documents become visible.",VERIFIABLE,None found this session,,Could Not Verify,"Could not independently verify the exact consent/OTP mechanics of the Family Member feature this session (web search budget was exhausted before this claim could be checked). Recommend the article link DigiLocker's own Family Member FAQ page as a citation before publishing, since the consent mechanism described is a specific procedural claim readers might rely on for a family member's documents."
How to Download Your Digital Driving Licence on DigiLocker,(not live) /how-to-download-your-digital-driving-licence-on-digilocker,IMPROVE,A digitally signed DL and RC pulled from DigiLocker are increasingly accepted directly by insurance companies during claim processing.,UNSUPPORTED,,,Could Not Verify,No authoritative source found for insurers formally accepting DigiLocker documents in claims processing as a stated policy. This reads as a plausible-sounding but unsupported generalization; either cite a specific insurer/IRDAI circular or cut the claim.
How to Download Your Digital Driving Licence on DigiLocker,(not live) /how-to-download-your-digital-driving-licence-on-digilocker,IMPROVE,This whole DigiLocker setup process takes about ten minutes total and never needs repeating except after a renewal.,OPINION,,,N/A,Subjective time estimate presented as fact; not independently checkable. Soften to an approximate/typical framing rather than a flat claim.
How to File a Consumer Complaint Online in India,(not live) /how-to-file-a-consumer-complaint-online-in-india,IMPROVE,"File first on the National Consumer Helpline via consumerhelpline.gov.in, call 1915 or 1800-11-4000, or use the UMANG/NCH app; NCH forwards complaints to the company's nodal officer and tracks a resolution window.",VERIFIABLE,National Consumer Helpline (Dept. of Consumer Affairs),https://consumerhelpline.gov.in/public/contact,Confirmed,"None — portal, toll-free numbers 1800-11-4000 and short code 1915, and the app-based/WhatsApp channels are accurate. Article could add the WhatsApp option (8800001915) NCH also offers."
How to File a Consumer Complaint Online in India,(not live) /how-to-file-a-consumer-complaint-online-in-india,IMPROVE,"e-Daakhil (edaakhil.nic.in) is the official portal for filing formal cases before the District, State, or National Consumer Disputes Redressal Commissions.",VERIFIABLE,e-Daakhil Consumer Commission E-Filing Application; India.gov.in listing,https://edaakhil.nic.in/edaakhil/,Confirmed,"None — edaakhil.nic.in is the correct, currently operational official e-filing portal, now rolled out pan-India."
How to File a Consumer Complaint Online in India,(not live) /how-to-file-a-consumer-complaint-online-in-india,IMPROVE,"Jurisdiction table: claims up to ₹50 lakh go to District Commission, ₹50 lakh–₹2 crore to State Commission, above ₹2 crore to National Commission, per thresholds revised under the Consumer Protection Act, 2019, based on value of goods/services paid.",VERIFIABLE,"PIB — Consumer Protection (Jurisdiction of the District Commission, State Commission and National Commission) Rules, 2021",https://www.pib.gov.in/PressReleasePage.aspx?PRID=1786342&reg=48&lang=2,Confirmed,"None — these are the current thresholds per the December 2021 revision (notified under CPA 2019), correctly stated as based on value paid, not compensation claimed. Note for context: CPA 2019 as originally enacted set different (higher) thresholds; the article's figures reflect the subsequent Dec 2021 rules, which is the currently applicable version, so this is accurate but the article could note it reflects the 2021 revision specifically."
How to File a Consumer Complaint Online in India,(not live) /how-to-file-a-consumer-complaint-online-in-india,IMPROVE,Filing fees on e-Daakhil are nominal and scale with claim value — often a few hundred rupees for smaller claims.,VERIFIABLE,None specific fee schedule fetched this session,,Partially Confirmed,"Directionally correct (e-Daakhil fees are tiered and low for small claims, e.g., nil/nominal for very small amounts scaling up), but the article gives no actual fee table. Recommend citing e-Daakhil's own fee schedule (available on the portal after selecting claim value) rather than the vague 'a few hundred rupees' framing, since exact fees are a checkable, static number families would want before filing."
How to File a Consumer Complaint Online in India,(not live) /how-to-file-a-consumer-complaint-online-in-india,IMPROVE,"The RBI Banking Ombudsman for bank-related disputes and the Insurance Ombudsman for insurance claim disputes both offer a free, relatively fast sector-specific resolution path.",VERIFIABLE,"RBI Integrated Ombudsman Scheme, 2021; IRDAI Insurance Ombudsman",https://cms.rbi.org.in/,Outdated,"The standalone 'Banking Ombudsman Scheme' the article names was merged, along with the Ombudsman Scheme for NBFCs and the Digital Transactions Ombudsman, into the single RBI Integrated Ombudsman Scheme, 2021 (effective Nov 2021), accessible via cms.rbi.org.in. The Insurance Ombudsman remains a separate, still-current body under IRDAI. Update the RBI reference to 'RBI Integrated Ombudsman Scheme' rather than 'Banking Ombudsman' to avoid pointing readers to a superseded scheme name."
How to File a Consumer Complaint Online in India,(not live) /how-to-file-a-consumer-complaint-online-in-india,IMPROVE,"A commission order a company ignores can be enforced — the commission can attach property or recover the amount as if it were a court decree, via an execution petition.",VERIFIABLE,"Consumer Protection Act, 2019 — enforcement/execution provisions (general knowledge, not independently re-verified this session)",,Partially Confirmed,Directionally accurate — CPA commissions do have decree-like enforcement powers — but no primary statutory citation was fetched this session to confirm exact section numbers. Recommend citing the specific CPA 2019 section on enforcement of orders.
How to File a Consumer Complaint Online in India,(not live) /how-to-file-a-consumer-complaint-online-in-india,IMPROVE,"For consumer-facing brands active on X or Instagram, a public post about an unresolved issue sometimes gets a faster internal response than the formal complaint channel.",OPINION,,,N/A,"Anecdotal/behavioral generalization, not independently checkable and carries no legal weight (as the article itself notes). Fine as framed as advice, but should not be confused with a formal escalation path."
How to File a Consumer Complaint Online in India,(not live) /how-to-file-a-consumer-complaint-online-in-india,IMPROVE,"NCH-mediated resolutions for straightforward cases commonly resolve within a few weeks if the company is responsive, while a formal e-Daakhil case can take several months to over a year.",EXPERIENCE,,,N/A,"Presented as a generic realistic-timeline estimate rather than a specific sourced statistic; reads as plausible but unverified/generic. Should be labeled as a general expectation rather than data, or sourced to an NCH annual report if available."
How to Report a Fraudulent UPI Transaction and Actually Get Your Money Back,(not live) /how-to-report-a-fraudulent-upi-transaction-and-actually-get-your-money-back,IMPROVE,"Using 'Report Issue'/'Raise Dispute' in a UPI app creates a formal complaint reference (often called a UDIR complaint, under NPCI's dispute redressal framework) that routes to both banks and can trigger a reversal if funds are still available.",VERIFIABLE,NPCI — Unified Dispute and Issue Resolution (UDIR),https://upigrm.dvararesearch.com/npcis-udir/,Confirmed,"None — UDIR is NPCI's real automated dispute-resolution layer connecting PSP banks via API, matching the article's description."
How to Report a Fraudulent UPI Transaction and Actually Get Your Money Back,(not live) /how-to-report-a-fraudulent-upi-transaction-and-actually-get-your-money-back,IMPROVE,"File on cybercrime.gov.in or call the national cyber crime helpline 1930 as soon as possible, reporting under Financial Fraud, since it is directly connected to bank and law enforcement systems that can freeze funds before withdrawal.",VERIFIABLE,National Cyber Crime Reporting Portal,https://cybercrime.gov.in/,Partially Confirmed,"The portal and 1930 helpline for financial-fraud reporting are correctly named and confirmed. However, the fetched official page describes 1930 purely as a reporting channel; it does not itself state the freeze mechanics. The 'freezes funds before withdrawal' claim is broadly true in practice (via the Citizen Financial Cyber Fraud Reporting and Management System banks are hooked into) but the article should cite that system by name rather than implying 1930 itself performs the freeze."
How to Report a Fraudulent UPI Transaction and Actually Get Your Money Back,(not live) /how-to-report-a-fraudulent-upi-transaction-and-actually-get-your-money-back,IMPROVE,"RBI's guidelines on limited customer liability apply differently depending on the situation — banks often treat a self-authorized (tricked) transaction differently from one you never approved at all, since UPI payments are PIN-authenticated from the bank's view.",POTENTIALLY MISLEADING,"RBI — Customer Protection: Limited Liability of Customers in Unauthorised Electronic Banking Transactions, DBR.No.Leg.BC.78/09.07.005/2017-18, dated 6 July 2017",https://www.rbi.org.in/Scripts/NotificationUser.aspx?Id=11040,Partially Confirmed,"This is the single biggest gap flagged by the editorial review: the article describes RBI liability rules only in vague, qualitative terms and never states the actual tiers readers need. The real framework: Zero Liability if the fraud stems from bank negligence/system breach and unrelated to customer, or if reported within 3 working days of notification; Limited Liability (capped at ₹5,000 for basic savings accounts, ₹10,000 for other savings accounts/prepaid instruments, ₹25,000 for credit cards with limits above ₹5 lakh) for reporting within 4–7 working days; beyond 7 working days, liability follows the bank's own Board-approved policy. Banks must credit the disputed amount within 10 working days of notification. The article's framing that a self-authorized/tricked transaction is simply 'treated differently' understates that scam victims who were tricked into authorizing (OTP/UPI PIN entry) can still fall under zero/limited liability if they report within these specific windows — the current vague text risks readers concluding they have no protection once they 'technically authorized' the payment, which is not accurate. Add the actual tiers and timeframes with a citation to this RBI circular."
How to Report a Fraudulent UPI Transaction and Actually Get Your Money Back,(not live) /how-to-report-a-fraudulent-upi-transaction-and-actually-get-your-money-back,IMPROVE,"Once reported, the receiving bank is expected to act on the freeze request from NPCI's dispute system within a set timeframe, but response times vary in practice.",VERIFIABLE,NPCI UDIR / RBI Harmonised Turn Around Time (TAT) circular,https://docs.oracle.com/en/industries/financial-services/banking-payments/14.8.0.0.0/payrn/upi-unified-dispute-and-issue-resolution-udir.html,Partially Confirmed,"Directionally correct — RBI's Harmonised TAT circular sets T+1 working day windows for the beneficiary bank to respond on certain dispute types — but the article doesn't name this circular or give the actual T+1/T+3/T+7 windows, leaving 'a set timeframe' unsourced and vague. Recommend citing the RBI Harmonised TAT framework explicitly."
How to Report a Fraudulent UPI Transaction and Actually Get Your Money Back,(not live) /how-to-report-a-fraudulent-upi-transaction-and-actually-get-your-money-back,IMPROVE,"The large majority of UPI fraud starts with the victim approving something (OTP, collect request, screen-share) rather than a technical breach of the app itself.",UNSUPPORTED,,,Could Not Verify,"Plausible and consistent with general reporting on UPI fraud patterns (social-engineering-driven), but no specific statistic or study was found to support 'large majority' as a quantified figure. Either cite an RBI/NPCI/NCRB fraud-pattern report with an actual percentage, or soften to a qualitative statement without implying a measured majority."
How to Report a Fraudulent UPI Transaction and Actually Get Your Money Back,(not live) /how-to-report-a-fraudulent-upi-transaction-and-actually-get-your-money-back,IMPROVE,"Legitimate banks do not call you asking for OTPs, PINs, or remote access to resolve a fraud complaint you've filed.",VERIFIABLE,Standard RBI/bank consumer-awareness guidance (general knowledge),,Confirmed,"None — this is standard, well-established consumer-fraud guidance consistently issued by RBI and banks, though the article should ideally link to an RBI/bank awareness page as a citation."
How to Check If Your Vehicle Challan Is Real or a Scam,(not live) /how-to-check-if-your-vehicle-challan-is-real-or-a-scam,IMPROVE,"Go to echallan.parivahan.gov.in and use Check Challan Status, searching by challan number, vehicle registration number, or driving licence number; a real challan will show issuing authority, date, offence, and amount.",VERIFIABLE,Parivahan e-Challan portal,https://echallan.parivahan.gov.in/,Confirmed,None — this is the correct official portal and matches its actual Check Challan Status flow (challan number / vehicle number / DL number search with captcha).
How to Check If Your Vehicle Challan Is Real or a Scam,(not live) /how-to-check-if-your-vehicle-challan-is-real-or-a-scam,IMPROVE,"If a confirmed real challan exists, pay only through echallan.parivahan.gov.in directly using its secure government-linked checkout, which supports UPI, cards, and net banking.",VERIFIABLE,Parivahan e-Challan portal payment options,https://echallan.parivahan.gov.in/,Confirmed,"None — the portal's payment gateway does support credit/debit card, net banking, UPI, and digital wallets as stated."
How to Check If Your Vehicle Challan Is Real or a Scam,(not live) /how-to-check-if-your-vehicle-challan-is-real-or-a-scam,IMPROVE,"Some states run their own separate traffic e-challan portals in addition to the central Parivahan system — for instance, Delhi Traffic Police and Mumbai Traffic Police both have dedicated challan lookup pages.",VERIFIABLE,General knowledge — not independently re-verified this session due to search budget limits,,Could Not Verify,"Directionally plausible (several state/city traffic police units historically ran separate portals alongside Parivahan), but the exact current URLs for Delhi Traffic Police and Mumbai Traffic Police challan lookup were not confirmed this session. Recommend the article link the specific current URLs it references rather than naming the cities generically, since a stale or wrong state-portal link in a fraud-prevention article is a meaningful risk."
How to Check If Your Vehicle Challan Is Real or a Scam,(not live) /how-to-check-if-your-vehicle-challan-is-real-or-a-scam,IMPROVE,"If you've already paid a fake challan, report it at cybercrime.gov.in or by calling 1930, the same channel used for UPI fraud.",VERIFIABLE,National Cyber Crime Reporting Portal,https://cybercrime.gov.in/,Confirmed,"None — 1930 and cybercrime.gov.in are the correct national channels for reporting financial fraud, including a fake-challan payment."
How to Check If Your Vehicle Challan Is Real or a Scam,(not live) /how-to-check-if-your-vehicle-challan-is-real-or-a-scam,IMPROVE,"A manually issued challan can take a day or two to reflect on the central Parivahan portal, while camera-detected challans upload faster since the process is more automated; some states sync within hours, others take a day or two.",UNSUPPORTED,,,Could Not Verify,"No authoritative source (Parivahan/MoRTH SLA document) was found stating specific sync timeframes for manual vs. camera-issued challans, or state-by-state sync speed. This reads as a plausible operational guess rather than a sourced fact. Either find MoRTH/state transport department documentation on upload SLAs or soften the claim to avoid implying a specific, checkable timeframe."
How to Check If Your Vehicle Challan Is Real or a Scam,(not live) /how-to-check-if-your-vehicle-challan-is-real-or-a-scam,IMPROVE,Fraudulent challan messages tend to request amounts in a specific range — large enough to be worth the scammer's effort but small enough people would rather just pay — typically somewhere between two hundred and a couple of thousand rupees.,UNSUPPORTED,,,Could Not Verify,"No source found for this specific claimed amount range for fake challan scams. It's a plausible generalization consistent with the actual real fine amounts (which do fall in this range) but is presented with unwarranted precision as a scammer-psychology 'finding.' Recommend attributing it to actual fine-amount ranges rather than implying a study of scammer behavior, or removing the specific figures."
How to Check If Your Vehicle Challan Is Real or a Scam,(not live) /how-to-check-if-your-vehicle-challan-is-real-or-a-scam,IMPROVE,Real traffic enforcement in India does not collect fines by asking you to make a UPI payment to a personal number over a phone call.,VERIFIABLE,"Parivahan e-Challan official payment channel (only via the government portal, not a personal UPI ID)",https://echallan.parivahan.gov.in/,Confirmed,"None — official challan payments only ever route through the government portal/gateway, never a personal UPI handle, consistent with the article's guidance."
How to Recover Deleted WhatsApp Messages and Photos — What Actually Works,(not live) /how-to-recover-deleted-whatsapp-messages-and-photos-what-actually-works,IMPROVE,"On Android, WhatsApp writes an encrypted local backup automatically (usually daily when charging/idle), stored at Android/media/com.whatsapp/WhatsApp/Databases, keeping roughly the last seven days, with filenames like msgstore-2026-07-28.1.db.crypt15.",VERIFIABLE,Multiple technical guides on WhatsApp local backup (post-Android 11 scoped storage path),https://chathoarding.app/blog/where-does-whatsapp-store-backups-android,Confirmed,"Path is correct for current (Android 11+, scoped-storage-era) devices; note the article omits that older devices on legacy Android may instead have the pre-scoped-storage path (WhatsApp/Databases at the storage root), and the crypt file extension can vary (.crypt12/.crypt14/.crypt15) depending on WhatsApp version, not always .crypt15 — worth a one-line caveat rather than presenting .crypt15 as universal."
How to Recover Deleted WhatsApp Messages and Photos — What Actually Works,(not live) /how-to-recover-deleted-whatsapp-messages-and-photos-what-actually-works,IMPROVE,"To use a local backup: rename the dated file to msgstore.db.crypt15, then uninstall and reinstall WhatsApp — during setup it offers to restore from this local file before checking the cloud.",VERIFIABLE,Widely corroborated technical guides on WhatsApp local restore procedure,https://www.techbout.com/backup-whatsapp-locally-android-phone-19999/,Confirmed,"None substantive — this is the standard, correctly described local-restore procedure."
How to Recover Deleted WhatsApp Messages and Photos — What Actually Works,(not live) /how-to-recover-deleted-whatsapp-messages-and-photos-what-actually-works,IMPROVE,"On iPhone, WhatsApp backups live in iCloud rather than local device storage; the only recovery path is Settings > Chats > Chat Backup to check the last backup date, followed by a full restore during a fresh install.",VERIFIABLE,WhatsApp's standard iOS backup behavior (general knowledge / consistent across guides),,Confirmed,None — this matches WhatsApp's documented iOS backup/restore behavior. Recommend the article cite WhatsApp's own FAQ page directly for this rather than leaving it unsourced.
How to Recover Deleted WhatsApp Messages and Photos — What Actually Works,(not live) /how-to-recover-deleted-whatsapp-messages-and-photos-what-actually-works,IMPROVE,Google Photos' Trash tab holds deleted items for 60 days before they're permanently gone.,VERIFIABLE,Google Photos Help — Delete photos & videos,https://support.google.com/photos/answer/6128858?hl=en&co=GENIE.Platform%3DAndroid,Confirmed,"None, though for precision: Google's own help page states backed-up items stay 60 days, but non-backed-up items are permanently deleted after 30 days, and Trash can be emptied sooner if account storage is full. Article's 60-day figure is correct for the backed-up-photo case it's describing."
How to Recover Deleted WhatsApp Messages and Photos — What Actually Works,(not live) /how-to-recover-deleted-whatsapp-messages-and-photos-what-actually-works,IMPROVE,"Restoring from any WhatsApp backup, local or cloud, replaces your entire current chat history with what existed at that backup's timestamp — it's an all-or-nothing operation with no selective/partial restore.",VERIFIABLE,WhatsApp's documented backup/restore behavior (general knowledge / consistent across guides),,Confirmed,"None — this is accurate and an important, correctly stated caveat. Recommend linking WhatsApp's own backup FAQ for authority."
How to Recover Deleted WhatsApp Messages and Photos — What Actually Works,(not live) /how-to-recover-deleted-whatsapp-messages-and-photos-what-actually-works,IMPROVE,A restore that stalls with a progress bar that hasn't moved in ten minutes on a stable connection should be restarted rather than waited out.,EXPERIENCE,,,N/A,"Presented as practical troubleshooting advice/anecdote rather than a sourced technical fact; plausible but generic-sounding and not independently verifiable. Fine as informal guidance, should not be framed as an official WhatsApp-stated behavior."
How to Recover Deleted WhatsApp Messages and Photos — What Actually Works,(not live) /how-to-recover-deleted-whatsapp-messages-and-photos-what-actually-works,IMPROVE,"A few recovery paths, particularly certain third-party tools, check the SIM currently in the phone against the number the backup was created under, and refuse to proceed if they don't match.",UNSUPPORTED,,,Could Not Verify,"No source found for this specific behavior of unnamed third-party recovery tools. Reads as a plausible but unverifiable generalization about unspecified apps; should either name a specific tool with a citation or be cut, since it can't be checked as written."
How to Stop Spam Calls and SMS on an Indian SIM — The Settings That Actually Help,(not live) /how-to-stop-spam-calls-and-sms-on-an-indian-sim-the-settings-that-actually-help,IMPROVE,"Register on TRAI's DND registry (National Customer Preference Register) by sending 'START' to 1909, calling 1909, or using the DND Complaint Centre app, choosing to block all commercial communication or specific categories.",VERIFIABLE,TRAI — Unsolicited Commercial Communications (UCC) FAQ,https://www.trai.gov.in/faqcategory/unsolicited-commercial-communicationsucc,Partially Confirmed,"The 1909/DND app registration channel is correct, but the SMS command is imprecise: to fully block, the actual command is 'START 0' (not just 'START'), and partial category blocking uses 'START <category number(s)>' (e.g., 'START 4' for Health-only) across TRAI's 7 defined categories. Update the SMS format from a bare 'START' to the exact 'START 0' / 'START <category>' syntax so readers don't send a malformed request."
How to Stop Spam Calls and SMS on an Indian SIM — The Settings That Actually Help,(not live) /how-to-stop-spam-calls-and-sms-on-an-indian-sim-the-settings-that-actually-help,IMPROVE,"If spam continues after DND registration, forward the spam SMS to 1909 or file via the DND app with the sender's number and time received; TRAI can act against telemarketers/unregistered senders.",VERIFIABLE,TRAI — Unsolicited Commercial Communications (UCC) FAQ,https://www.trai.gov.in/faqcategory/unsolicited-commercial-communicationsucc,Partially Confirmed,"Directionally correct, but TRAI's own FAQ specifies complaints should be filed within 3 days of receiving the unsolicited communication — the article doesn't mention this window, which matters since a late complaint may not be actionable. Add the 3-day filing window."
How to Stop Spam Calls and SMS on an Indian SIM — The Settings That Actually Help,(not live) /how-to-stop-spam-calls-and-sms-on-an-indian-sim-the-settings-that-actually-help,IMPROVE,"Legitimate transactional/promotional SMS use a registered DLT (Distributed Ledger Technology) sender ID, a six-character alphanumeric code like VM-HDFCBK, rather than a random 10-digit number; a bank/government-style message from a plain phone number is a strong red flag.",VERIFIABLE,TRAI DLT (Distributed Ledger Technology) SMS sender-ID regulation (general knowledge — not re-confirmed via fresh source this session),,Could Not Verify,"This is a well-established and widely reported TRAI regulatory requirement (all bulk commercial/transactional SMS senders must register on the DLT platform with an alphanumeric header), but the specific claim could not be re-confirmed against a primary TRAI source this session due to search budget limits. Recommend linking TRAI's DLT/UCC regulation page directly as the citation before publishing, since this is a security-relevant claim readers will act on."
How to Stop Spam Calls and SMS on an Indian SIM — The Settings That Actually Help,(not live) /how-to-stop-spam-calls-and-sms-on-an-indian-sim-the-settings-that-actually-help,IMPROVE,The government's Sanchar Saathi portal (sancharsaathi.gov.in) lets you check how many mobile connections are registered against your ID and request disconnection of ones you don't recognize.,VERIFIABLE,Sanchar Saathi (Department of Telecommunications) — TAFCOP module,https://sancharsaathi.gov.in/,Confirmed,"None — Sanchar Saathi's TAFCOP feature ('Know Mobile Connections in Your Name') does exactly this, launched by DoT."
How to Stop Spam Calls and SMS on an Indian SIM — The Settings That Actually Help,(not live) /how-to-stop-spam-calls-and-sms-on-an-indian-sim-the-settings-that-actually-help,IMPROVE,"If repeated complaints to 1909 produce no change, TRAI's consumer grievance framework allows escalation to 'the telecom ombudsman for your circle,' a step most users don't know exists.",POTENTIALLY MISLEADING,TRAI — Redressal of Consumer Grievances / Complaint FAQ,https://www.trai.gov.in/faqcategory/unsolicited-commercial-communicationsucc,Contradicted,"There is no operational 'telecom ombudsman' in India comparable to the RBI Banking Ombudsman or Insurance Ombudsman. TRAI only floated/'mooted' the idea of a telecom ombudsman in a 2016 consultation paper; it was never implemented. The actual escalation path is a two-tier mechanism: first the operator's own Complaint Centre (24x7 helpline, docket number, 30-day SLA), then an appeal to that operator's Appellate Authority if unsatisfied (within 30 days of the SLA expiring) — TRAI itself does not adjudicate individual complaints under the TRAI Act, 1997. The article should replace 'telecom ombudsman for your circle' with the correct Appellate Authority escalation path, since directing readers to a body that doesn't exist would leave them unable to actually escalate."
How to Stop Spam Calls and SMS on an Indian SIM — The Settings That Actually Help,(not live) /how-to-stop-spam-calls-and-sms-on-an-indian-sim-the-settings-that-actually-help,IMPROVE,"Jio, Airtel, and Vi all run network-level AI spam and fraud detection (e.g., Airtel's Spam/Fraud detection built into the network, JioSecurity), usually visible as a warning label on the incoming call screen, and some are opt-in rather than automatic.",UNSUPPORTED,,,Could Not Verify,"Each carrier has publicly marketed some form of AI-based spam/fraud call detection, so the general claim is plausible, but the specific product names, opt-in status, and exact menu locations (e.g., 'Airtel Thanks app's security section') could not be confirmed against a live carrier source this session (the Airtel press release URL attempted returned a 404). Recommend re-verifying each carrier's current feature name and enablement steps directly against Airtel/Jio/Vi's own help pages before publishing, since carrier UI/feature names change over time."
How to Stop Spam Calls and SMS on an Indian SIM — The Settings That Actually Help,(not live) /how-to-stop-spam-calls-and-sms-on-an-indian-sim-the-settings-that-actually-help,IMPROVE,"Once a complaint is logged against a telemarketer or unregistered sender, TRAI can levy financial penalties against the originating telecom operator, who is then obligated to act against the specific sender responsible.",VERIFIABLE,"TRAI Telecom Commercial Communications Customer Preference Regulations (financial disincentive framework for TSPs) — general knowledge, not re-confirmed with a fresh primary source this session",,Could Not Verify,"Directionally consistent with TRAI's known financial-disincentive regulations against telecom operators for UCC violations, but no primary TRAI regulation text was fetched this session to confirm exact penalty structure. Recommend citing TRAI's TCCCPR financial disincentive schedule directly."
How to Stop Spam Calls and SMS on an Indian SIM — The Settings That Actually Help,(not live) /how-to-stop-spam-calls-and-sms-on-an-indian-sim-the-settings-that-actually-help,IMPROVE,"Scam call centers running high-volume operations tend to cluster activity around specific windows, often mid-morning and early evening, when call-answer rates are historically higher.",UNSUPPORTED,,,Could Not Verify,No source found for this specific behavioral claim about scam call center timing patterns. Reads as a plausible-sounding but unverified generalization; recommend cutting or clearly framing as speculative rather than a stated pattern.
How to Transfer WhatsApp Chats to a New Phone Without Losing History,(not live) /how-to-transfer-whatsapp-chats-to-a-new-phone-without-losing-history,IMPROVE,"WhatsApp's built-in migration tool moves chats device-to-device over a local Wi-Fi connection using a QR code, without needing a Google Drive backup; on the new phone choose ""Transfer your data using an Android device"" and scan the QR code.",VERIFIABLE,Google Android Help - Transfer WhatsApp data to a new Android,https://support.google.com/android/answer/14669513,Confirmed,Accurate description of the official Android-to-Android local QR chat-transfer flow; no correction needed.
How to Transfer WhatsApp Chats to a New Phone Without Losing History,(not live) /how-to-transfer-whatsapp-chats-to-a-new-phone-without-losing-history,IMPROVE,"""Do not rely on Apple's older 'Move to iOS' app alone for chat history, since WhatsApp's own in-app migration flow (Settings > Chats > Chat Transfer on the sending device) is what carries chat content across platforms now"" for both Android-to-iPhone and iPhone-to-Android moves.",VERIFIABLE,WhatsApp Help Center - How to move chats from an Android device to an iPhone / How to move chats from an iPhone to an Android device,https://faq.whatsapp.com/686469079565350,Contradicted,"This is backwards for the Android-to-iPhone direction, which is the flagged menu-path claim. The current official method for Android to iPhone still requires installing and running Apple's 'Move to iOS' app on the Android device as the entry point (it is not just an outdated fallback) - WhatsApp's own guidance leans on Move to iOS, then WhatsApp import happens after setup. Only the iPhone-to-Android direction has a true in-app WhatsApp flow: on iPhone, Settings > Chats > Transfer Chat History > Transfer to Android, paired with Settings > Chats > Move Chats to Android on the receiving Android device. The article should separate the two directions instead of implying one 'Chat Transfer' menu path replaces Move to iOS in both."
How to Transfer WhatsApp Chats to a New Phone Without Losing History,(not live) /how-to-transfer-whatsapp-chats-to-a-new-phone-without-losing-history,IMPROVE,"On iPhone, back up to iCloud from Settings > Chats > Chat Backup before switching, then restore during WhatsApp setup on the new device using the same Apple ID and the same phone number.",VERIFIABLE,"Aggregated WhatsApp official-flow reporting (Wondershare, iMore, Techbout); primary faq.whatsapp.com pages returned truncated content and could not be fetched directly",https://faq.whatsapp.com/1195710084347483,Partially Confirmed,"Menu path and same-Apple-ID/same-number requirement are consistently corroborated across secondary sources and match longstanding WhatsApp iOS behavior, but the primary WhatsApp FAQ page content could not be directly retrieved to confirm current exact wording - verify against a live WhatsApp iOS build before publishing given the article's own flag about menu-path currency."
How to Transfer WhatsApp Chats to a New Phone Without Losing History,(not live) /how-to-transfer-whatsapp-chats-to-a-new-phone-without-losing-history,IMPROVE,Every transfer method requires using the same phone number to verify WhatsApp on the new device as was registered on the old one.,VERIFIABLE,WhatsApp Help Center / Google Android Help - Transfer WhatsApp data to a new Android,https://support.google.com/android/answer/14669513,Confirmed,Accurate; WhatsApp verification is tied to the phone number across all transfer methods.
How to Transfer WhatsApp Chats to a New Phone Without Losing History,(not live) /how-to-transfer-whatsapp-chats-to-a-new-phone-without-losing-history,IMPROVE,"Starred messages carry over on same-platform transfers, but star status doesn't always survive a cross-platform move (Android to iPhone or the reverse).",VERIFIABLE,,,Could Not Verify,No official WhatsApp documentation found specifically addressing star-status persistence during cross-platform transfers. Either cite a source or soften to 'may not survive' framing pending verification.
How to Transfer WhatsApp Chats to a New Phone Without Losing History,(not live) /how-to-transfer-whatsapp-chats-to-a-new-phone-without-losing-history,IMPROVE,"WhatsApp Business catalog items, saved quick replies, and labels are tied to the business profile data and transfer along with the chat backup.",VERIFIABLE,,,Could Not Verify,No official WhatsApp source found confirming catalog/labels/quick-replies reliably survive a device transfer. Add a citation or reframe as advice to double-check rather than an established fact.
How to Transfer WhatsApp Chats to a New Phone Without Losing History,(not live) /how-to-transfer-whatsapp-chats-to-a-new-phone-without-losing-history,IMPROVE,Transfers fail midway more often from insufficient free space on the new phone than from any other cause.,UNSUPPORTED,,,N/A,Presented as a comparative statistic with no source. Either cite WhatsApp support data on failure causes or rewrite as general advice ('insufficient storage is a common cause of failed transfers') without the unsupported comparison.
How to Transfer WhatsApp Chats to a New Phone Without Losing History,(not live) /how-to-transfer-whatsapp-chats-to-a-new-phone-without-losing-history,IMPROVE,Keeping the old phone powered off but intact for a couple of weeks after a transfer is a cheap safety net.,OPINION,,,N/A,"Reasonable practical advice, not a factual claim requiring a source."
How to Set Up a Second WhatsApp Number on One Phone,(not live) /how-to-set-up-a-second-whatsapp-number-on-one-phone,IMPROVE,"Xiaomi and Redmi call their app-cloning feature Dual Apps, Samsung calls it Dual Messenger, OnePlus and Oppo call it Parallel Apps or Clone Apps.",VERIFIABLE,"Aggregated manufacturer feature naming (MakeUseOf, mobilemasr) consistent with Samsung/Xiaomi/OnePlus own settings menus",https://www.makeuseof.com/clone-apps-samsung-phones-dual-messenger/,Confirmed,"Naming is accurate and current: Xiaomi/Redmi = Dual Apps, Samsung = Dual Messenger, OnePlus = Parallel Apps, Oppo/Realme = Clone Apps."
How to Set Up a Second WhatsApp Number on One Phone,(not live) /how-to-set-up-a-second-whatsapp-number-on-one-phone,IMPROVE,"WhatsApp has added native support for linking a second account within the same app on devices with dual SIM, found under Settings > Accounts > Add Account inside the app.",VERIFIABLE,Android Authority / GSMArena - WhatsApp multiple accounts support rollout reporting,https://www.androidauthority.com/whatsapp-multi-account-support-2-3377651/,Partially Confirmed,"The native multiple-accounts feature itself is real and has rolled out to Android/iOS, requiring a second number via dual SIM, eSIM, or virtual number. The exact menu path 'Settings > Accounts > Add Account' could not be confirmed against a primary WhatsApp source (WhatsApp's own FAQ pages were inaccessible during verification) - check this wording against a current WhatsApp build before publishing, per the article's own flagged concern about menu-path currency."
How to Set Up a Second WhatsApp Number on One Phone,(not live) /how-to-set-up-a-second-whatsapp-number-on-one-phone,IMPROVE,"You need an active phone number to verify the second account, which usually means a second physical SIM or an eSIM - WhatsApp does not allow one number to run two accounts.",VERIFIABLE,Android Authority - WhatsApp multi-account support reporting,https://www.androidauthority.com/whatsapp-multi-account-support-2-3377651/,Confirmed,"Accurate; each WhatsApp account, native or cloned, requires its own unique phone number for verification."
How to Set Up a Second WhatsApp Number on One Phone,(not live) /how-to-set-up-a-second-whatsapp-number-on-one-phone,IMPROVE,"A cloned WhatsApp instance maintains entirely separate backup settings from the original, so Google Drive or local backup needs to be configured independently - check Settings > Chats > Chat Backup inside the cloned app.",VERIFIABLE,WhatsApp standard backup menu behavior (consistent across app instances since a clone runs the same app),,Confirmed,Accurate; a cloned/sandboxed instance has its own independent backup configuration under the same standard WhatsApp menu location.
How to Set Up a Second WhatsApp Number on One Phone,(not live) /how-to-set-up-a-second-whatsapp-number-on-one-phone,IMPROVE,"Some phone manufacturers apply aggressive battery optimization to cloned or dual apps by default, which can delay or suppress notifications for the second account without any obvious error message.",VERIFIABLE,,,Could Not Verify,"Widely reported user complaint in Android enthusiast communities (particularly for Xiaomi/Oppo/Vivo skins), but no single authoritative manufacturer document confirms this as a stated default behavior. Treat as corroborated community knowledge rather than a formally sourced fact, or add a specific manufacturer citation."
How to Set Up a Second WhatsApp Number on One Phone,(not live) /how-to-set-up-a-second-whatsapp-number-on-one-phone,IMPROVE,"Running two WhatsApp instances, whether cloned or natively linked, does use somewhat more background battery and RAM than a single account.",VERIFIABLE,General Android OS resource-management behavior,,Confirmed,Uncontroversial technical fact; two active app instances/notification services consume more resources than one. No specific citation needed.
How to Set Up a Second WhatsApp Number on One Phone,(not live) /how-to-set-up-a-second-whatsapp-number-on-one-phone,IMPROVE,"For someone handling a high volume of business messages, a fully separate device keeps work notifications from interrupting a personal one and avoids the performance overhead of two instances.",OPINION,,,N/A,"Subjective recommendation, not a checkable factual claim."
How to Screen Record on Android Without a Third-Party App,(not live) /how-to-screen-record-on-android-without-a-third-party-app,IMPROVE,"A built-in screen recorder has shipped on every Android phone since version 11, tucked into the Quick Settings panel.",VERIFIABLE,Android community/enthusiast documentation of the Android 11 release (Gadget Hacks),https://android.gadgethacks.com/how-to/use-built-screen-recorder-android-11-0285025/,Confirmed,"Accurate - the native Screen Record Quick Settings tile was introduced with Android 11 (2020). Note some OEM skins/budget devices still ship without it enabled, which the article does separately acknowledge."
How to Screen Record on Android Without a Third-Party App,(not live) /how-to-screen-record-on-android-without-a-third-party-app,IMPROVE,"Streaming apps like Netflix or Prime Video use content protection (Widevine DRM) that deliberately blocks screen recording, showing a black screen even though playback looks normal on the display.",VERIFIABLE,Widevine DRM technical explainers (BuyDRM / Bitmovin community),https://go.buydrm.com/thedrmblog/managing-widevine-drm-for-preventing-screen-capture-and-recording-on-android-devices,Confirmed,"Accurate. On Widevine L1 (hardware-secured) devices, protected video is decoded in a secure area never exposed to the recording pipeline, producing black frames; this is intentional content protection, not a recorder bug."
How to Screen Record on Android Without a Third-Party App,(not live) /how-to-screen-record-on-android-without-a-third-party-app,IMPROVE,"Recording an actual phone call through the built-in screen recorder is blocked on many phones by design, and separately, call-recording legality varies by context in India depending on consent.",VERIFIABLE,"Indian Telegraph Act, 1885 (Section 5(2)); Information Technology Act, 2000 (Sections 66 & 72); legal explainers discussing Article 21 right to privacy",https://www.mondaq.com/india/privacy-protection/1270670/tapping-of-phone-lines-or-recording-calls-without-consent-is-a-violation-of-right-to-privacy-enshrined-in-article-21-of-the-constitution-of-india,Partially Confirmed,"This is the flagged claim - it needed a citation and it had none. The underlying premise is correct but should be stated more precisely: India has no dedicated 'call recording law.' Recording is generally treated as permissible under one-party consent (legal if you are a participant in the call); a third party intercepting or recording a call they are not part of risks liability under the Indian Telegraph Act, 1885 (unauthorized interception) and Sections 66/72 of the IT Act, 2000 (unauthorized access/disclosure of electronic information), and can implicate the Article 21 constitutional right to privacy. Add this citation and the one-party-consent clarification rather than leaving the claim as a vague, uncited generalization."
How to Screen Record on Android Without a Third-Party App,(not live) /how-to-screen-record-on-android-without-a-third-party-app,IMPROVE,"For phones running Android 10 or earlier without a native recorder, connecting to a PC and using the ADB command adb shell screenrecord captures the screen without installing anything on the phone; it requires enabling Developer Options and USB debugging first.",VERIFIABLE,Android Developers - Android Debug Bridge (adb) documentation,https://developer.android.com/tools/adb,Confirmed,"Accurate. The screenrecord shell utility has been available via adb since Android 4.4 (well before Android 10), and does require Developer Options and USB debugging enabled."
How to Screen Record on Android Without a Third-Party App,(not live) /how-to-screen-record-on-android-without-a-third-party-app,IMPROVE,Xiaomi devices running MIUI or HyperOS sometimes list their screen recorder under Settings > Additional settings > Screen recorder instead of only the quick tile.,VERIFIABLE,"Xiaomi/community MIUI-HyperOS documentation (Wondershare, XimiTime)",https://drfone.wondershare.com/android-xiaomi/record-screen-internal-audio-xiaomi-hyperos.html,Confirmed,Menu path matches current MIUI/HyperOS structure; no correction needed.
How to Screen Record on Android Without a Third-Party App,(not live) /how-to-screen-record-on-android-without-a-third-party-app,IMPROVE,"Every major video calling app displays its own on-screen notice or icon when a screen recording is active during a call, meaning this isn't a covert method and other participants will generally be able to see recording is happening.",VERIFIABLE,"Reporting on Zoom/Google Meet/WhatsApp screen-recording detection behavior (EaseUS, Kingshiper)",https://recorder.easeus.com/questions/does-whatsapp-notify-screenshots.html,Contradicted,"This overstates the case and should be corrected. WhatsApp itself does not detect or notify call participants when someone is screen-recording a WhatsApp video call using an external tool like Android's native recorder - there is no on-screen indicator. Zoom and Google Meet only notify participants when their own built-in in-app recording feature is used, not when a participant uses an independent screen recorder, which is exactly the scenario this article covers. The claim should be corrected or removed to avoid giving readers false confidence that this method is always visible to others."
How to Screen Record on Android Without a Third-Party App,(not live) /how-to-screen-record-on-android-without-a-third-party-app,IMPROVE,"Samsung's version, found through Quick Settings, includes extra options like S Pen annotation and front-camera overlay for reaction-style recordings.",VERIFIABLE,Samsung One UI screen recorder feature documentation (aggregated),,Confirmed,Consistent with well-documented Samsung One UI screen recorder features; no correction needed.
Digital Decluttering: How to Clean Up Years of Phone Photos and Files,(not live) /digital-decluttering-how-to-clean-up-years-of-phone-photos-and-files,IMPROVE,Most gallery apps also keep a recently-deleted folder for 30 to 60 days as a safety net.,VERIFIABLE,Google Photos Help - Restore recently deleted photos & videos,https://support.google.com/photos/answer/9343482,Confirmed,"Matches Google Photos policy exactly: 60 days for backed-up items, 30 days for items that aren't backed up. Accurate as a general range for major gallery apps."
Digital Decluttering: How to Clean Up Years of Phone Photos and Files,(not live) /digital-decluttering-how-to-clean-up-years-of-phone-photos-and-files,IMPROVE,WhatsApp-forwarded images saved automatically to your gallery are usually where the bulk of storage goes.,VERIFIABLE,WhatsApp default media auto-save behavior (widely documented app setting),,Confirmed,Accurate; WhatsApp's default 'save to gallery' setting saves incoming media automatically unless the user disables it.
Digital Decluttering: How to Clean Up Years of Phone Photos and Files,(not live) /digital-decluttering-how-to-clean-up-years-of-phone-photos-and-files,IMPROVE,Most phones have a built-in tool or setting that flags similar photos automatically.,VERIFIABLE,,,Partially Confirmed,"True for some major galleries (Google Photos' duplicate/'free up space' suggestions on some Android builds, Samsung Gallery's similar-photo grouping) but not a universal built-in feature across 'most phones' as implied. Name specific apps or add a caveat rather than generalizing."
Digital Decluttering: How to Clean Up Years of Phone Photos and Files,(not live) /digital-decluttering-how-to-clean-up-years-of-phone-photos-and-files,IMPROVE,Several phones now offer an automatic rule to delete screenshots or downloaded files after a set number of days if they haven't been opened again.,VERIFIABLE,,,Could Not Verify,"No authoritative source found confirming this as a widespread native OS capability. Age-based auto-delete for screenshots/downloads exists in some third-party file managers and a few OEM skins, but isn't a general Android/iOS feature as implied. Soften the claim or cite a specific manufacturer's documentation."
Digital Decluttering: How to Clean Up Years of Phone Photos and Files,(not live) /digital-decluttering-how-to-clean-up-years-of-phone-photos-and-files,IMPROVE,Going through years of photos one by one would eat an entire weekend; working in bulk filters first gets the same result in a couple of hours instead.,OPINION,,,N/A,"Subjective time estimate used as a framing device, not a checkable fact."
Digital Decluttering: How to Clean Up Years of Phone Photos and Files,(not live) /digital-decluttering-how-to-clean-up-years-of-phone-photos-and-files,IMPROVE,Videos take up disproportionately more storage than photos and are reviewed far less often once saved.,VERIFIABLE,General file-size/media-format knowledge,,Confirmed,Uncontroversial technical fact; video files are substantially larger per item than photos. No specific citation needed.
How to Tell If a Link Is a Phishing Scam Before You Click It,(not live) /how-to-tell-if-a-link-is-a-phishing-scam-before-you-click-it,IMPROVE,The padlock icon only means the connection is encrypted; it says nothing about who owns the server. A scammer can get a free HTTPS certificate for a phishing page in minutes.,VERIFIABLE,General web/browser security guidance on TLS certificates and free CA issuance (e.g. Let's Encrypt),,Confirmed,"Accurate and well-established: HTTPS/the padlock indicates transport encryption only, not site legitimacy, and free automated certificate authorities make HTTPS trivial for attackers to obtain."
How to Tell If a Link Is a Phishing Scam Before You Click It,(not live) /how-to-tell-if-a-link-is-a-phishing-scam-before-you-click-it,IMPROVE,The part that matters is the registered domain: the last two segments right before the first single slash after the protocol.,POTENTIALLY MISLEADING,,,N/A,"This heuristic breaks for the multi-part public suffixes common in exactly the India-relevant examples the article uses elsewhere (e.g. a bank at 'sbi.co.in' or a government site at '.gov.in') - 'the last two segments' would read as 'co.in' or 'gov.in', not the actual registrable domain. Add a caveat about ccTLD second-level domains (.co.in, .org.in, .net.in, .gov.in) or readers will misjudge precisely the domains most relevant to Indian phishing scams."
How to Tell If a Link Is a Phishing Scam Before You Click It,(not live) /how-to-tell-if-a-link-is-a-phishing-scam-before-you-click-it,IMPROVE,India's CERT-In accepts phishing report submissions through its website.,VERIFIABLE,"CERT-In Directions under Section 70B of the IT Act, 2000 (28 April 2022), Annexure I",https://www.cert-in.org.in/PDF/CERT-In_Directions_70B_28.04.2022.pdf,Confirmed,"Accurate; 'Identity Theft, spoofing and phishing attacks' is explicitly listed as a mandatorily reportable incident type, reportable via incident@cert-in.org.in, phone, or the CERT-In website."
How to Tell If a Link Is a Phishing Scam Before You Click It,(not live) /how-to-tell-if-a-link-is-a-phishing-scam-before-you-click-it,IMPROVE,"Chrome, Firefox, and Edge all include a built-in safe browsing or phishing protection feature that checks visited sites against a known-bad list, generally switched on by default.",VERIFIABLE,Google Chrome Help - Choose your Safe Browsing protection level,https://support.google.com/chrome/answer/9890866,Confirmed,"Accurate; Chrome ships with Standard Safe Browsing protection enabled by default, and Firefox/Edge use comparable phishing and malware blocklist protections enabled by default."
How to Tell If a Link Is a Phishing Scam Before You Click It,(not live) /how-to-tell-if-a-link-is-a-phishing-scam-before-you-click-it,IMPROVE,"Given how much everyday payment in India runs through UPI QR codes, QR code phishing (""quishing"") is its own growing problem in India.",UNSUPPORTED,,,N/A,"The underlying mechanism (malicious QR codes redirecting UPI payment requests) is real and has been reported, but 'growing problem' is asserted without any statistic or source. Cite a specific advisory (e.g., an RBI, NPCI, or CERT-In notice on QR-code fraud) or soften the claim to avoid implying a measured trend."
How to Tell If a Link Is a Phishing Scam Before You Click It,(not live) /how-to-tell-if-a-link-is-a-phishing-scam-before-you-click-it,IMPROVE,"Having two-factor authentication enabled on email, banking, and other important accounts means a stolen password alone usually isn't enough for an attacker to get in.",VERIFIABLE,General security best-practice guidance on multi-factor authentication,,Confirmed,"Standard, well-established security guidance; no specific citation needed beyond general MFA principles."
How to Tell If a Link Is a Phishing Scam Before You Click It,(not live) /how-to-tell-if-a-link-is-a-phishing-scam-before-you-click-it,IMPROVE,"A more advanced typosquatting variant uses characters from other alphabets that render identically to Latin letters (homoglyph attacks), though this is rarer in everyday scams.",VERIFIABLE,General security literature on IDN homograph/homoglyph phishing attacks,,Confirmed,Accurate description of a recognized phishing technique (IDN homograph attacks); no correction needed.
How to Check What Personal Data Google Has on You (And Delete It),(not live) /how-to-check-what-personal-data-google-has-on-you-and-delete-it,IMPROVE,"Go to myactivity.google.com while signed in to see a chronological log of searches, YouTube videos watched, Google Maps navigation, and voice assistant interactions.",VERIFIABLE,Google Account Help - Manage your Google data with My Activity,https://support.google.com/accounts/answer/9784401,Confirmed,Accurate description of My Activity's function and scope.
How to Check What Personal Data Google Has on You (And Delete It),(not live) /how-to-check-what-personal-data-google-has-on-you-and-delete-it,IMPROVE,"You can set up auto-delete so activity older than 3, 18, or 36 months is removed automatically going forward.",VERIFIABLE,Google Account Help - My Activity auto-delete settings,https://support.google.com/accounts/answer/9784401,Confirmed,"Matches the current official auto-delete options (3, 18, or 36 months) exactly."
How to Check What Personal Data Google Has on You (And Delete It),(not live) /how-to-check-what-personal-data-google-has-on-you-and-delete-it,IMPROVE,"Timeline data is now stored on your device by default rather than Google's servers, a change rolled out through 2024, managed from Google Maps under Settings > Personal content > Location History (Timeline).",VERIFIABLE,Google Account Help - Manage your Timeline data,https://support.google.com/accounts/answer/14200149,Confirmed,Accurate. The on-device-by-default Timeline change was announced in December 2023 and completed rollout through 2024; the menu path is consistent with the current Google Maps settings structure.
How to Check What Personal Data Google Has on You (And Delete It),(not live) /how-to-check-what-personal-data-google-has-on-you-and-delete-it,IMPROVE,Visit myadcenter.google.com to see the categories Google has inferred about you and to switch off personalized ads entirely or remove specific categories.,VERIFIABLE,Google My Ad Center product documentation,,Confirmed,Accurate description of My Ad Center's function; no correction needed.
How to Check What Personal Data Google Has on You (And Delete It),(not live) /how-to-check-what-personal-data-google-has-on-you-and-delete-it,IMPROVE,takeout.google.com lets you export a full or partial copy of your data across every Google product you use as a downloadable archive.,VERIFIABLE,Google Account Help - Download your Google data (Takeout),https://support.google.com/accounts/answer/3024190,Confirmed,Accurate; matches official Takeout functionality and workflow.
How to Check What Personal Data Google Has on You (And Delete It),(not live) /how-to-check-what-personal-data-google-has-on-you-and-delete-it,IMPROVE,"Check Security > Third-party apps with account access inside your Google Account settings, and revoke anything unfamiliar or no longer used.",VERIFIABLE,Google Account Help / general reporting on managing third-party access,,Partially Confirmed,"The feature exists, but the current official label in the Google Account UI is 'Security > Third-party apps & services' (with a 'See all connections' link), not 'Third-party apps with account access.' Update the menu wording to match the current Google Account interface."
How to Check What Personal Data Google Has on You (And Delete It),(not live) /how-to-check-what-personal-data-google-has-on-you-and-delete-it,IMPROVE,"Deleting your Google Account itself is permanent and takes everything with it, including a Gmail address you may have used to sign into other services.",VERIFIABLE,Google Account deletion warnings (general Google Account Help guidance),,Confirmed,Accurate and consistent with Google's own account-deletion warnings about permanence and downstream effects.
"What a VPN Actually Protects You From, and What It Does Not",(not live) /what-a-vpn-actually-protects-you-from-and-what-it-does-not,IMPROVE,"India's CERT-In rules (in effect since 2022) require VPN providers offering service in India to maintain certain customer logs (name, validated address, usage period, IP addresses assigned) for a defined retention period.",VERIFIABLE,"CERT-In Directions under Section 70B of the IT Act, 2000 (No. 20(3)/2022-CERT-In, dated 28 April 2022), clause (v)",https://www.cert-in.org.in/PDF/CERT-In_Directions_70B_28.04.2022.pdf,Confirmed,"Exact match to the directive's clause (v): validated names of subscribers, period of hire/dates, IPs allotted, validated address and contact numbers, retained for 5 years or longer as mandated by law. The article could add the specific 5-year figure for extra precision instead of only 'a defined retention period.'"
"What a VPN Actually Protects You From, and What It Does Not",(not live) /what-a-vpn-actually-protects-you-from-and-what-it-does-not,IMPROVE,"Many major consumer VPN providers responded to the CERT-In rules by removing their physical servers from India rather than complying, meaning your ""India"" server location may not exist and traffic may be routed abroad.",VERIFIABLE,"TechRadar / Inc42 / TechCrunch reporting on ExpressVPN, NordVPN, Surfshark, and Proton VPN removing physical Indian servers in 2022",https://www.techradar.com/news/nordvpn-set-to-leave-india-citing-fears-over-freedom-of-speech,Confirmed,"Accurate. ExpressVPN, Surfshark, NordVPN, Proton VPN and others pulled physical servers from India around the CERT-In directive's June 2022 effective date and now offer 'India' locations via virtual servers hosted abroad."
"What a VPN Actually Protects You From, and What It Does Not",(not live) /what-a-vpn-actually-protects-you-from-and-what-it-does-not,IMPROVE,"A VPN does not stop malware, and it does not protect you from phishing - a fake bank login page is exactly as convincing over a VPN as without one.",VERIFIABLE,ExpressVPN / NordVPN official explainers on VPN limitations,https://www.expressvpn.com/blog/does-vpn-protect-you-from-hackers/,Confirmed,Accurate; consistent with VPN providers' own official statements about the limits of encryption-only protection against malware and phishing.
"What a VPN Actually Protects You From, and What It Does Not",(not live) /what-a-vpn-actually-protects-you-from-and-what-it-does-not,IMPROVE,A VPN app creates an encrypted connection to a VPN server and routes all traffic through it; websites you visit see the VPN server's IP address and location instead of yours.,VERIFIABLE,General VPN technical mechanism (standard tunneling/encryption description),,Confirmed,"Correct, standard description of how VPN tunneling and IP masking works; no correction needed."
"What a VPN Actually Protects You From, and What It Does Not",(not live) /what-a-vpn-actually-protects-you-from-and-what-it-does-not,IMPROVE,"A ""no-logs"" claim is only as good as the company's honesty and jurisdiction, and isn't independently verifiable by an ordinary user - even audited ones rely on trusting the audit's scope.",OPINION,,,N/A,"Reasonable, widely-shared security-community viewpoint, but an interpretive judgment rather than a directly checkable fact."
"What a VPN Actually Protects You From, and What It Does Not",(not live) /what-a-vpn-actually-protects-you-from-and-what-it-does-not,IMPROVE,"Running servers costs money, so a free VPN's business model is very often selling aggregated or even individual traffic data to advertisers.",UNSUPPORTED,,,Could Not Verify,"This is a widely repeated claim in security journalism (past academic studies of free Android VPN apps found many contained trackers or shared data), but as written it is an unsourced generalization ('very often'). Cite a concrete study (e.g., peer-reviewed research on free VPN app data practices) rather than asserting it as self-evident fact."
"What a VPN Actually Protects You From, and What It Does Not",(not live) /what-a-vpn-actually-protects-you-from-and-what-it-does-not,IMPROVE,"Some VPN apps offer split tunneling, letting you choose which apps route through the VPN and which use your normal connection directly.",VERIFIABLE,Standard VPN feature documentation (general),,Confirmed,"Accurately described, standard VPN feature; no correction needed."
Why You Should Not Reuse Passwords: What Happens When One Site Gets Breached,(not live) /why-you-should-not-reuse-passwords-what-happens-when-one-site-gets-breached,IMPROVE,"Well-run sites store passwords as salted hashes, not plain text; poorly-run sites sometimes store weaker hashes or plain text outright.",VERIFIABLE,OWASP Password Storage Cheat Sheet,https://cheatsheetseries.owasp.org/cheatsheets/Password_Storage_Cheat_Sheet.html,Confirmed,"None — matches OWASP guidance that unique per-user salting plus a slow hash (bcrypt/Argon2id/PBKDF2) is best practice, and real-world breaches (e.g., LinkedIn 2012 unsalted SHA-1) confirm poor implementations exist."
Why You Should Not Reuse Passwords: What Happens When One Site Gets Breached,(not live) /why-you-should-not-reuse-passwords-what-happens-when-one-site-gets-breached,IMPROVE,Attackers run automated tools that attempt the same email-password pair across hundreds of other sites at scale using botnets; this is called credential stuffing.,VERIFIABLE,OWASP Automated Threats — Credential Stuffing (OAT-008),https://owasp.org/www-community/attacks/Credential_stuffing,Confirmed,"None — matches OWASP's definition of credential stuffing as automated, botnet-driven injection of breached credential pairs against many sites."
Why You Should Not Reuse Passwords: What Happens When One Site Gets Breached,(not live) /why-you-should-not-reuse-passwords-what-happens-when-one-site-gets-breached,IMPROVE,"Haveibeenpwned.com lets you check an email address against known breach datasets for free, and shows which specific breaches it appeared in.",VERIFIABLE,Have I Been Pwned (haveibeenpwned.com),https://haveibeenpwned.com/,Confirmed,None — the free email-breach lookup and per-breach listing are accurate and match the live service.
Why You Should Not Reuse Passwords: What Happens When One Site Gets Breached,(not live) /why-you-should-not-reuse-passwords-what-happens-when-one-site-gets-breached,IMPROVE,Several password managers and browsers (including Chrome's Password Checkup) run a breach/reuse check automatically against your saved passwords and flag reused or breached ones.,VERIFIABLE,Google Chrome Help — How Chrome protects your passwords,https://support.google.com/chrome/answer/10311524,Confirmed,"None — Chrome's Password Checkup (on by default) checks saved passwords against known breach data and separately flags reused and weak passwords, matching the article's description."
Why You Should Not Reuse Passwords: What Happens When One Site Gets Breached,(not live) /why-you-should-not-reuse-passwords-what-happens-when-one-site-gets-breached,IMPROVE,"The article discusses breach mechanics and haveibeenpwned generally but never cites a single actual current breach statistic (e.g., number of breaches/accounts indexed by HIBP, or a named recent breach).",UNSUPPORTED,,,N/A,"Add one concrete, sourced statistic — e.g., the current count of breaches and pwned accounts shown on haveibeenpwned.com's homepage, or a named recent large breach — as the editorial reason for this article explicitly flags this gap."
Why You Should Not Reuse Passwords: What Happens When One Site Gets Breached,(not live) /why-you-should-not-reuse-passwords-what-happens-when-one-site-gets-breached,IMPROVE,A well-reviewed password manager with a strong master password and its own 2FA is a smaller attack surface than dozens of reused passwords sitting exposed across old breached sites.,OPINION,,,N/A,"Framed as a comparative risk judgment, not a checkable statistic; no correction needed, but could be strengthened with a cited security-industry recommendation."
Why You Should Not Reuse Passwords: What Happens When One Site Gets Breached,(not live) /why-you-should-not-reuse-passwords-what-happens-when-one-site-gets-breached,IMPROVE,Deleting unused accounts outright removes them from the pool of accounts that could eventually leak and connect back to your email.,OPINION,,,N/A,Reasonable practical advice but not an independently checkable factual claim; no correction needed.
How to Set Up a Password Manager in 15 Minutes,(not live) /how-to-set-up-a-password-manager-in-15-minutes,IMPROVE,Bitwarden's free tier is usable and has no meaningful feature gate.,VERIFIABLE,Bitwarden — Personal pricing page,https://bitwarden.com/products/personal/,Confirmed,"None — the free plan covers unlimited passwords on unlimited devices, sync across browser/desktop/mobile/web, passkeys, generator, and breach reports with no artificial cap, matching the article's claim."
How to Set Up a Password Manager in 15 Minutes,(not live) /how-to-set-up-a-password-manager-in-15-minutes,IMPROVE,Make the master password a random-feeling but memorable phrase of 4 to 5 unrelated words rather than a short complex string.,VERIFIABLE,NIST SP 800-63B guidance / Diceware passphrase entropy analysis,https://pages.nist.gov/800-63-3/sp800-63b.html,Partially Confirmed,"Passphrases beat short complex strings, which is correct, but 4-5 random words is on the low end specifically for a master password protecting an entire vault; security guidance (Diceware/EFF-style wordlists) commonly recommends 6 words (~78 bits) as the floor for a master password, since 4 words can fall below 64 bits of entropy. Recommend bumping the guidance to 5-6 words minimum for this specific password."
How to Set Up a Password Manager in 15 Minutes,(not live) /how-to-set-up-a-password-manager-in-15-minutes,IMPROVE,"Reputable password managers use zero-knowledge encryption: the vault is encrypted/decrypted locally with the master password, so even if the company's servers were breached, an attacker would get only encrypted data, and the company itself never has access to the master password.",VERIFIABLE,Bitwarden — Inside zero-knowledge encryption,https://bitwarden.com/blog/end-to-end-encryption-and-zero-knowledge/,Partially Confirmed,"The core zero-knowledge claim (master password never leaves the device, provider stores only ciphertext) is accurate for reputable managers like Bitwarden and 1Password. However, independent research (e.g., an ETH Zurich analysis) found server-side attack vectors in Bitwarden, LastPass and Dashlane that could, in some scenarios, let a malicious/compromised server undermine guarantees. Soften the absolute framing slightly to note zero-knowledge reduces but does not eliminate all server-side risk."
How to Set Up a Password Manager in 15 Minutes,(not live) /how-to-set-up-a-password-manager-in-15-minutes,IMPROVE,"A growing number of sites now support passkeys, and most major password managers already store and sync these alongside traditional passwords.",VERIFIABLE,Bitwarden — Personal pricing page (passkeys listed as a free-tier feature),https://bitwarden.com/products/personal/,Confirmed,"None — passkey storage/sync is confirmed as a standard feature in Bitwarden's free tier and is broadly available in other major managers (1Password, Google Password Manager, Apple Keychain)."
How to Set Up a Password Manager in 15 Minutes,(not live) /how-to-set-up-a-password-manager-in-15-minutes,IMPROVE,"A small number of sites, particularly some Indian banking and government portals, disable autofill or paste functionality on their login fields for security reasons.",VERIFIABLE,"Multiple reports on Indian bank netbanking portals blocking password paste (e.g., IBTimes India, Troy Hunt's ""Cobra Effect"" writeup)",https://www.troyhunt.com/the-cobra-effect-that-is-disabling/,Confirmed,"None — this is a well-documented, longstanding practice among several Indian bank netbanking portals (blocking copy/paste on login fields), though it is increasingly criticized by security researchers as counterproductive."
How to Set Up a Password Manager in 15 Minutes,(not live) /how-to-set-up-a-password-manager-in-15-minutes,IMPROVE,Most password managers offer a family or team plan with secure sharing features that let you share a login without revealing the plaintext password to the other person.,VERIFIABLE,Bitwarden — Personal pricing page (Families plan),https://bitwarden.com/products/personal/,Confirmed,"None — Families/Teams plans with encrypted item sharing are standard across major password managers (Bitwarden, 1Password, Dashlane)."
How to Set Up a Password Manager in 15 Minutes,(not live) /how-to-set-up-a-password-manager-in-15-minutes,IMPROVE,"The fifteen-minute setup fits inside that window for the overwhelming majority of people, and once done it becomes essentially a one-time cost that runs itself passively.",OPINION,,,N/A,"Time estimate is a subjective/typical-case claim, not independently verifiable; no correction needed, though the article itself concedes this varies with password history size."
How UPI Fraud Actually Happens: The Five Warning Signs,(not live) /how-upi-fraud-actually-happens-the-five-warning-signs,IMPROVE,"UPI has two request types: a Pay request (you send money) and a Collect request (someone else asks you to authorize sending them money, requiring your PIN to approve); most of the article's scam scenarios (fake refund, QR-code 'receive payment' trick) rely on victims approving a Collect request.",OUTDATED,"NPCI circular (July 29, 2025) and subsequent reporting on discontinuation of P2P UPI Collect requests",https://www.sakshipost.com/news/technology/upi-update-why-npci-pulling-plug-person-person-payment-requests-440619,Outdated,"NPCI discontinued person-to-person (P2P) UPI Collect Requests effective October 1, 2025, specifically to curb collect-request fraud; merchant collect requests are unaffected. The article (targeting an August 2026 publish date) needs updating: the general Pay-vs-Collect / 'PIN never needed to receive money' principle still holds, but scenarios framed as an individual (a fake refund sender, an OLX buyer) sending a P2P Collect request are no longer how the scam can be executed on current UPI rails — the scam vector has likely shifted to merchant-disguised or QR-triggered Collect requests, which the article should clarify."
How UPI Fraud Actually Happens: The Five Warning Signs,(not live) /how-upi-fraud-actually-happens-the-five-warning-signs,IMPROVE,"A common OLX-style scam has a 'buyer' ask a seller to scan a QR code and enter their PIN to 'receive' payment, which actually sends money out via a Collect request.",OUTDATED,"NPCI circular on P2P Collect Request discontinuation, October 1, 2025",https://www.sakshipost.com/news/technology/upi-update-why-npci-pulling-plug-person-person-payment-requests-440619,Outdated,"This specific QR-triggered P2P Collect scam mechanism was disrupted by NPCI's October 2025 discontinuation of person-to-person Collect Requests. The underlying warning (scanning a QR/entering a PIN is always a payment, never a receipt) remains valid and should be kept, but the mechanism description needs a note that NPCI has since restricted this exact P2P pathway."
How UPI Fraud Actually Happens: The Five Warning Signs,(not live) /how-upi-fraud-actually-happens-the-five-warning-signs,IMPROVE,"No bank, UPI app, or NPCI representative will ever ask for your PIN, OTP, CVV, or app password over a phone call, SMS, or chat, for any reason.",VERIFIABLE,"RBI/bank consumer-fraud advisories (widely republished, e.g., via RBI cybersecurity awareness communications and bank customer-alert pages)",https://www.rbi.org.in,Confirmed,"None — this is standard, consistently repeated official guidance from RBI and Indian banks: PIN/OTP/CVV are never requested by legitimate bank or NPCI staff over call, SMS, or chat."
How UPI Fraud Actually Happens: The Five Warning Signs,(not live) /how-upi-fraud-actually-happens-the-five-warning-signs,IMPROVE,"Fake customer care numbers walk victims through installing AnyDesk or TeamViewer, giving scammers screen access or control; no genuine bank/UPI support process requires installing a remote-access app.",VERIFIABLE,"RBI warning on AnyDesk-based fraud (reported by The Week, Zeebiz, CIO.inc)",https://www.theweek.in/news/sci-tech/2022/02/17/fraudsters-use-screen-sharing-app-for-online-fraud-.html,Confirmed,"None — RBI issued an explicit alert to banks and customers about AnyDesk (and similar apps like TeamViewer, QuickSupport) being used by fraudsters posing as bank staff to gain remote device access; the mechanism described matches reporting closely."
How UPI Fraud Actually Happens: The Five Warning Signs,(not live) /how-upi-fraud-actually-happens-the-five-warning-signs,IMPROVE,"Report fraud on the National Cyber Crime Reporting Portal (cybercrime.gov.in) or call 1930 within a few hours, as speed materially affects recovery chances.",VERIFIABLE,"National Cyber Crime Reporting Portal / 1930 helpline (I4C, Ministry of Home Affairs)",https://cybercrime.gov.in/,Confirmed,"None — 1930 is the correct, current 24/7 national cyber-fraud helpline (it replaced the earlier 155260 number), developed with RBI and banks, and cybercrime.gov.in is the correct portal; speed of reporting genuinely affects the 'golden hour' fund-freezing window."
How UPI Fraud Actually Happens: The Five Warning Signs,(not live) /how-upi-fraud-actually-happens-the-five-warning-signs,IMPROVE,"A live voice call creates more social pressure and urgency than a text message, which is why voice scams feel more convincing.",OPINION,,,N/A,"General psychological observation, not a specific checkable statistic; no correction needed."
How to Recognize a Fake Loan App Before It Drains Your Bank Account,(not live) /how-to-recognize-a-fake-loan-app-before-it-drains-your-bank-account,IMPROVE,India's instant-loan-app fraud problem got bad enough that the RBI issued specific digital lending guidance for it.,VERIFIABLE,"RBI Guidelines on Digital Lending, 2022 (and subsequent 2025 Digital Lending Directions)",https://amlegals.com/rbis-digital-lending-guidelines-an-overview/,Confirmed,"None — RBI issued the Digital Lending Guidelines on August 10, 2022 (effective for new customers from September 2, 2022, existing loans by November 30, 2022), specifically in response to predatory app-based lending; consolidated into RBI's 2025 Digital Lending Directions."
How to Recognize a Fake Loan App Before It Drains Your Bank Account,(not live) /how-to-recognize-a-fake-loan-app-before-it-drains-your-bank-account,IMPROVE,The RBI maintains a public list of registered NBFCs on its website (rbi.org.in) that can be searched by the exact lending entity's name to verify a loan app.,VERIFIABLE,RBI website / RBI Digital Lending Apps (DLA) directory guidance,https://rbi.org.in,Partially Confirmed,"RBI does not publish a single list titled 'RBI Approved Loan Apps.' What it maintains is (a) a searchable register of licensed NBFCs/banks, and (b) a separately operationalised Digital Lending Apps (DLA) directory listing apps used by regulated entities. The article's instruction to 'search the RBI's NBFC list' is directionally correct but should be corrected to clarify readers must search for the registered lending entity/NBFC name (as disclosed in the app), not the app's own brand name, since RBI's list is entity-based, not app-name-based."
How to Recognize a Fake Loan App Before It Drains Your Bank Account,(not live) /how-to-recognize-a-fake-loan-app-before-it-drains-your-bank-account,IMPROVE,RBI's digital lending guidelines require every regulated lender to have a named grievance redressal officer whose contact details are disclosed within the app.,VERIFIABLE,RBI NBFC grievance redressal requirements / RBI Integrated Ombudsman Scheme (RB-IOS) digital lending provisions,https://enterslice.com/learning/rbi-internal-ombudsman-guidelines-nbfcs-banks/,Confirmed,"None — RBI requires every regulated entity (and its lending service provider) engaged in digital lending to designate a Grievance Redressal Officer/Nodal Officer with published contact details, and this is a mandatory 'Day 0' escalation step before a complaint can go to the RBI Ombudsman."
How to Recognize a Fake Loan App Before It Drains Your Bank Account,(not live) /how-to-recognize-a-fake-loan-app-before-it-drains-your-bank-account,IMPROVE,"Digital lending guidelines require regulated lenders to offer a cooling-off or look-up period, typically a few days, during which a borrower can exit by repaying only principal and proportionate interest, without penalty.",VERIFIABLE,"RBI Guidelines on Digital Lending, 2022",https://kinaracapital.com/rbi-protects-borrowers-in-the-latest-guidelines-on-digital-lending/,Confirmed,"None, though could be more precise: RBI mandates a minimum 3-day cooling-off period for loans with tenor of 7 days or more, and a minimum 1-day period for loans with tenor under 7 days, during which the borrower can exit by paying only principal plus proportionate APR."
How to Recognize a Fake Loan App Before It Drains Your Bank Account,(not live) /how-to-recognize-a-fake-loan-app-before-it-drains-your-bank-account,IMPROVE,"Report harassment to the National Cyber Crime Reporting Portal (cybercrime.gov.in) or call 1930, and separately file a complaint with the RBI if the lender claims to be a registered NBFC, since RBI has a formal grievance process for regulated entities.",VERIFIABLE,National Cyber Crime Reporting Portal (1930 helpline) and RBI Integrated Ombudsman Scheme,https://cybercrime.gov.in/,Confirmed,"None — 1930/cybercrime.gov.in are correct, and RBI's Integrated Ombudsman Scheme is the correct formal channel, but note it requires exhausting the lender's own internal Grievance Redressal Officer first (30-day window) before escalating to the RBI Ombudsman — the article could make this sequencing clearer."
How to Recognize a Fake Loan App Before It Drains Your Bank Account,(not live) /how-to-recognize-a-fake-loan-app-before-it-drains-your-bank-account,IMPROVE,"A fraudulent loan taken through one of these apps can still get reported to credit bureaus in some cases if the lender has even informal bureau reporting arrangements, and unresolved default status can damage your credit score.",POTENTIALLY MISLEADING,,,Could Not Verify,"Could not find an authoritative source confirming unregistered/fraudulent (non-RBI-regulated) loan apps have working credit bureau reporting arrangements — bureaus like CIBIL/Experian/CRIF/Equifax generally only accept data feeds from RBI-regulated 'Credit Institution' members, which unregistered fraudulent apps by definition are not. The claim risks misleading readers into overestimating a fake app's ability to formally damage their credit file; soften to note this is uncommon/disputed rather than presenting it as a confirmed 'can still happen' risk, or remove unless a specific documented case is cited."
How to Recognize a Fake Loan App Before It Drains Your Bank Account,(not live) /how-to-recognize-a-fake-loan-app-before-it-drains-your-bank-account,IMPROVE,A regulated lender's onboarding uses Aadhaar-based e-KYC through UIDAI's own system rather than a generic upload field.,VERIFIABLE,UIDAI e-KYC framework used by RBI-regulated lenders,https://uidai.gov.in,Confirmed,None — Aadhaar-based e-KYC via UIDAI's authentication system is the standard onboarding flow for RBI-regulated digital lenders and NBFCs.
Power Bank Buying Guide: What the mAh Number Does Not Tell You,(not live) /power-bank-buying-guide-what-the-mah-number-does-not-tell-you,IMPROVE,A power bank typically delivers somewhere around 60 to 75 percent of its rated mAh as actual usable charge through the USB port.,VERIFIABLE,Power bank efficiency analyses (Anker/eufy support documentation; independent power bank testing writeups),https://support.anker.com/s/article/Why-is-the-Rated-Capacity-of-Power-Banks-Lower-Than-Expected,Partially Confirmed,"Most sources cite typical realistic usable output closer to 60-70% of rated capacity after 3.7V-to-5V boost conversion and PMIC losses (some low-quality units as low as 65% or worse); the article's upper bound of 75% is achievable with a high-efficiency boost converter (~85-92% efficient) but is on the optimistic edge rather than the typical case. Consider tightening the stated range to roughly 60-70% as the norm, noting 75%+ is possible only with premium components."
Power Bank Buying Guide: What the mAh Number Does Not Tell You,(not live) /power-bank-buying-guide-what-the-mah-number-does-not-tell-you,IMPROVE,"A BIS certification mark has been mandatory for power banks sold in India for several years now, since regulations tightened.",VERIFIABLE,"BIS Compulsory Registration Scheme for power banks, IS 13252 (Part 1):2010",https://www.elitasrcs.com/blog/is-bis-certification-mandatory-for-power-banks-in-india,Confirmed,"None — BIS registration for power banks became mandatory effective May 13, 2015 under the Compulsory Registration Scheme, confirming the article's 'mandatory for several years' framing (over a decade as of 2026); note a transition to the newer IS/IEC 62368-1:2023 standard runs until November 1, 2028."
Power Bank Buying Guide: What the mAh Number Does Not Tell You,(not live) /power-bank-buying-guide-what-the-mah-number-does-not-tell-you,IMPROVE,"DGCA/BCAS rules allow power banks only in cabin baggage, never checked baggage, and cap them at 100 watt-hours (roughly 27000mAh at nominal voltage) without special airline permission.",VERIFIABLE,DGCA Civil Aviation Requirements on carriage of lithium batteries/power banks,https://www.happyfares.in/blog/power-bank-rules-indian-flights-2026/,Confirmed,"None — power banks/spare lithium batteries must be in cabin baggage only; up to 100Wh is allowed without airline approval, 100-160Wh requires prior airline approval, and above 160Wh is prohibited entirely, matching the article's figures. The mAh-to-Wh math (100Wh ÷ 3.7V × 1000 ≈ 27,027mAh) checks out correctly."
Power Bank Buying Guide: What the mAh Number Does Not Tell You,(not live) /power-bank-buying-guide-what-the-mah-number-does-not-tell-you,IMPROVE,"The cells inside a power bank run at roughly 3.7 volts, and you can estimate Wh by multiplying mAh by 3.7 and dividing by 1000.",VERIFIABLE,Standard lithium-ion cell nominal voltage specification (Wh = mAh × V ÷ 1000),https://voltcalcs.com/battery/portable-power-bank-runtime-calculator,Confirmed,"None — 3.7V is the standard nominal voltage for lithium-ion/lithium-polymer cells used in power banks, and the Wh = (mAh × V) ÷ 1000 formula is the correct standard conversion used by airlines and manufacturers."
Power Bank Buying Guide: What the mAh Number Does Not Tell You,(not live) /power-bank-buying-guide-what-the-mah-number-does-not-tell-you,IMPROVE,A power bank with two or three output ports does not give each port its full rated wattage simultaneously; total output is shared across ports.,VERIFIABLE,General power bank/USB power-delivery specification behavior (shared internal power budget across multi-port designs),,Could Not Verify,"This is standard, widely-understood electrical behavior for multi-port power banks (shared internal power budget) but no single authoritative primary source was found beyond general manufacturer spec-sheet documentation; treat as an industry-standard technical fact rather than one needing a specific citation."
How to Tell If a Deal Price Online Is Actually a Discount,(not live) /how-to-tell-if-a-deal-price-online-is-actually-a-discount,IMPROVE,"Browser extensions and price-tracking tools that log a product's price over weeks or months exist, and several of them work on Amazon India and Flipkart listings.",VERIFIABLE,BuyHatke Price History / PriceHistory.app / other India-focused price trackers,https://buyhatke.com/,Confirmed,"None — multiple functioning tools (BuyHatke, Price History, ProductHistory, PriceBefore) specifically track Amazon India and Flipkart price history and offer alerts, confirming the claim."
How to Tell If a Deal Price Online Is Actually a Discount,(not live) /how-to-tell-if-a-deal-price-online-is-actually-a-discount,IMPROVE,"Countdown timers that reset after refreshing, or 'only 2 left' labels that persist across days, are a common tactic and should not influence a purchase decision.",VERIFIABLE,"India's Guidelines for Prevention and Regulation of Dark Patterns, 2023 (CCPA, Consumer Protection Act 2019)",https://trilegal.com/wp-content/uploads/2023/12/Guidelines-for-Prevention-and-Regulation-of-Dark-Patterns-2023.pdf,Confirmed,"None, but the article misses an opportunity to cite this directly: India's CCPA Guidelines for Prevention and Regulation of Dark Patterns (2023) explicitly name 'false urgency' — including countdown timers that reset on refresh — as one of 13 prohibited dark patterns, and the CCPA has since penalized platforms like Zepto, BookMyShow, IndiGo, and others for this. Naming this regulation would materially strengthen the article's credibility."
How to Tell If a Deal Price Online Is Actually a Discount,(not live) /how-to-tell-if-a-deal-price-online-is-actually-a-discount,IMPROVE,MRP is frequently set high on purpose and rarely reflects what the product sells for even outside sale periods.,OPINION,,,N/A,"General market observation about pricing behavior, not a specific checkable statistic; no correction needed, though a cited example (e.g., a specific product category study) would strengthen it."
How to Tell If a Deal Price Online Is Actually a Discount,(not live) /how-to-tell-if-a-deal-price-online-is-actually-a-discount,IMPROVE,"Some sellers briefly list a product at an inflated price for a short window right before a sale starts, purely so the sale price can be measured against that inflated number — a practice sometimes called price anchoring.",VERIFIABLE,"Price anchoring / reference-price manipulation practice, discussed in consumer-protection and dark-pattern literature",https://www.lexology.com/library/detail.aspx?g=c9963888-f71c-4140-b068-bbbab6f5fe42,Partially Confirmed,"The mechanism described (a brief price spike right before a sale to inflate the 'before' price) is a recognized manipulative pricing tactic discussed under India's dark-pattern and consumer-protection guidance, though it is more commonly termed 'reference pricing' or 'fake discounting' than 'price anchoring' in Indian regulatory literature specifically. No factual correction needed to the mechanism itself; minor terminology note only."
How to Tell If a Deal Price Online Is Actually a Discount,(not live) /how-to-tell-if-a-deal-price-online-is-actually-a-discount,IMPROVE,"A ₹500 'free' bundled accessory that would sell standalone for ₹150 is not really ₹500 of savings, no matter what the bundle page claims.",OPINION,,,N/A,"Illustrative hypothetical example used to make a valid general point about bundle-value inflation; not a specific checkable claim, no correction needed."
How to Tell If a Deal Price Online Is Actually a Discount,(not live) /how-to-tell-if-a-deal-price-online-is-actually-a-discount,IMPROVE,An unusually steep discount from a third-party marketplace seller with few reviews or a recently created storefront carries more risk than the same discount from the platform's own official store.,OPINION,,,N/A,"Reasonable general risk-assessment advice, not a specific statistic; no correction needed."
SSD vs HDD for a Budget Laptop: Where the Money Should Actually Go,(not live) /ssd-vs-hdd-for-a-budget-laptop-where-the-money-should-actually-go,IMPROVE,"A traditional HDD caps sequential speeds around 100 to 160 MB/s, while a SATA SSD pushes sequential speeds around 500 MB/s.",VERIFIABLE,Benchmark discussions of typical 5400/7200 RPM laptop HDD and SATA SSD sequential throughput (Tom's Hardware/PCPartPicker community benchmark data),https://forums.tomshardware.com/threads/the-speed-rate-of-5400rpm-7200rpm-10-000rpm-hdd-sata3.3130213/,Confirmed,"None — typical laptop HDDs (5400/7200 RPM) deliver roughly 80-200 MB/s sequential depending on model/RPM, consistent with the article's '100 to 160 MB/s' range, while SATA SSDs commonly reach 500-600 MB/s, matching the article's '~500 MB/s' figure."
SSD vs HDD for a Budget Laptop: Where the Money Should Actually Go,(not live) /ssd-vs-hdd-for-a-budget-laptop-where-the-money-should-actually-go,IMPROVE,"NVMe SSDs are faster than SATA SSDs on paper, sometimes by four to six times in raw sequential speed.",VERIFIABLE,"NVMe vs SATA SSD benchmark comparisons (IBM, GigeNET, TechCompare)",https://www.gigenet.com/blog/nvme-vs-sata-ssd-speed-comparison/,Partially Confirmed,"A '4-6x' gap is a reasonable description for typical/budget PCIe Gen3 NVMe drives (roughly 2,000-3,500 MB/s vs. ~550-600 MB/s SATA), but high-end Gen4/Gen5 NVMe drives reach 7,000-14,000+ MB/s, a 12-25x gap — larger than the article states. Since this article targets budget laptops, the 4-6x figure is defensible for the relevant drive class, but the phrase 'on paper' slightly understates how large the gap can get on premium NVMe hardware; consider clarifying this is specifically about entry-level NVMe drives."
SSD vs HDD for a Budget Laptop: Where the Money Should Actually Go,(not live) /ssd-vs-hdd-for-a-budget-laptop-where-the-money-should-actually-go,IMPROVE,"eMMC is technically flash storage but noticeably slower than a real SSD, closer to a fast HDD than to SATA SSD speeds.",VERIFIABLE,"eMMC vs SSD vs HDD speed comparisons (Windows Central, CDW, Spacehop)",https://www.windowscentral.com/emmc-vs-ssd,Partially Confirmed,"eMMC typically delivers roughly 200-400 MB/s sequential, which is meaningfully faster than most laptop HDDs (80-200 MB/s) but far below SATA SSD (500-600 MB/s). The article's framing ('closer to a fast HDD than to SATA SSD speed') somewhat understates eMMC's real advantage over HDD in raw sequential throughput — the more accurate summary is that eMMC sits clearly between HDD and SATA SSD, but its poor random I/O and lack of a real controller make it feel much closer to HDD in everyday responsiveness, which the article correctly emphasizes elsewhere."
SSD vs HDD for a Budget Laptop: Where the Money Should Actually Go,(not live) /ssd-vs-hdd-for-a-budget-laptop-where-the-money-should-actually-go,IMPROVE,SSDs slow down as they fill up; keeping at least 10-15% of an SSD free helps it maintain its performance advantage over time.,VERIFIABLE,"SSD TRIM/overprovisioning performance guidance (Seagate, Phison, The SSD Review)",https://phisonblog.com/using-overprovisioning-with-ssds-2/,Confirmed,None — sources broadly converge on keeping roughly 10-20% of an SSD free (many recommend staying under ~80-85% full) to preserve TRIM/garbage-collection headroom and avoid write-amplification slowdowns; the article's 10-15% figure sits comfortably within this consensus range.
SSD vs HDD for a Budget Laptop: Where the Money Should Actually Go,(not live) /ssd-vs-hdd-for-a-budget-laptop-where-the-money-should-actually-go,IMPROVE,A laptop with an HDD boots in over a minute versus under 20 seconds for one with an SSD.,UNSUPPORTED,,,Could Not Verify,"Presented as a general illustrative figure without a citation or specific test methodology (OS, hardware generation, background startup apps all affect boot time significantly). Directionally correct that SSDs boot dramatically faster, but the specific numbers ('under 20 seconds' vs 'over a minute') should either be sourced to a specific benchmark/model comparison or softened to avoid implying a precise, universal figure."
SSD vs HDD for a Budget Laptop: Where the Money Should Actually Go,(not live) /ssd-vs-hdd-for-a-budget-laptop-where-the-money-should-actually-go,IMPROVE,Swapping in a SATA SSD is often a bigger felt improvement than a RAM upgrade on the same machine.,OPINION,,,N/A,"Comparative subjective judgment about perceived performance improvement, not independently checkable as stated; no correction needed, though it aligns with common enthusiast/repair-shop consensus for storage-bottlenecked systems."
SSD vs HDD for a Budget Laptop: Where the Money Should Actually Go,(not live) /ssd-vs-hdd-for-a-budget-laptop-where-the-money-should-actually-go,IMPROVE,"On a tight budget, prioritizing SSD over RAM over CPU generation, in that order, tends to produce the most noticeable everyday improvement per rupee spent.",OPINION,,,N/A,"A prioritization recommendation/value judgment, not a specific checkable fact; no correction needed."
How to Spot a Refurbished Phone Listed as New,(not live) /how-to-spot-a-refurbished-phone-listed-as-new,IMPROVE,"Checking the IMEI against India's Central Equipment Identity Register (CEIR) tells you whether a device has ever been reported lost, stolen, or blacklisted.",VERIFIABLE,"CEIR / Sanchar Saathi (Department of Telecommunications, Government of India)",https://www.ceir.gov.in/Home/index.jsp,Confirmed,"None — CEIR (now integrated into the Sanchar Saathi portal, ceir.sancharsaathi.gov.in) lets citizens verify IMEI status (valid/blacklisted/duplicate) and also lets owners block/report lost or stolen phones. Article could add the exact portal name (Sanchar Saathi) since 'ceir.gov.in' redirects there and the branding has changed."
How to Spot a Refurbished Phone Listed as New,(not live) /how-to-spot-a-refurbished-phone-listed-as-new,IMPROVE,"iPhones show battery health, including cycle count, directly under Settings > Battery > Battery Health.",VERIFIABLE,Apple Support,https://support.apple.com/en-us/106348,Confirmed,"None for older/current iPhones broadly — accurate. Minor nuance: on iPhone 15 and later running iOS 17.4+, cycle count is shown directly in Settings > Battery > Battery Health; on iPhone 14 and earlier, or older iOS versions, cycle count requires the Settings > Privacy & Security > Analytics Data workaround since it isn't shown on-screen by default. Article should note this model/iOS-version caveat rather than implying it's uniformly on-screen for all iPhones."
How to Spot a Refurbished Phone Listed as New,(not live) /how-to-spot-a-refurbished-phone-listed-as-new,IMPROVE,"A brand-new phone's battery should show at or very close to 100 percent health with zero, one, or two charge cycles.",VERIFIABLE,Apple Support (battery and performance documentation),https://support.apple.com/en-us/106348,Partially Confirmed,"Directionally correct and consistent with how battery health/cycle count is defined, but no manufacturer publishes an official 'must be 100% with 0-2 cycles to count as new' threshold — a phone that sat in a warehouse or was demoed briefly can legitimately show a handful of cycles and slightly under 100% without being refurbished. Soften to 'should be very close to' rather than implying an exact pass/fail number."
How to Spot a Refurbished Phone Listed as New,(not live) /how-to-spot-a-refurbished-phone-listed-as-new,IMPROVE,"Flipkart and Amazon India both specify a return or replacement window per listing, and it is frequently shorter for phones, sometimes as little as seven days.",VERIFIABLE,Flipkart Return Policy page; reporting on Amazon India's smartphone return policy change,https://www.flipkart.com/pages/returnpolicy,Partially Confirmed,"Flipkart's own policy confirms a 7-day replacement window for mobile phones (15-day return for select premium phones, excluding iPhone/Google Pixel from returns). Amazon India has moved further than the article implies: for most mobile phones Amazon now offers replacement-only (no refund-return) for confirmed manufacturing defects, not a simple 'return window' — the article should clarify replacement vs. return distinction rather than treating both platforms as offering the same kind of window."
How to Spot a Refurbished Phone Listed as New,(not live) /how-to-spot-a-refurbished-phone-listed-as-new,IMPROVE,Imported/international-variant refurbished units sold as domestic stock can lack official Indian warranty support entirely and can differ in supported network bands.,VERIFIABLE,"General consensus across manufacturer warranty terms (e.g., Apple, Samsung region-locked warranty policies) — no single authoritative Indian government source found",,Could Not Verify,"The underlying mechanism (region-locked warranty, band variance) is well established industry practice, but no single official regulator source lists which specific bands or warranty exclusions apply across brands, so this should be treated as generally accurate but not centrally documented — attribute to 'varies by brand and model' rather than a blanket rule."
How to Spot a Refurbished Phone Listed as New,(not live) /how-to-spot-a-refurbished-phone-listed-as-new,IMPROVE,"A price below the standard street price for that exact model, outside a known sale event, is the single strongest signal something is off.",OPINION,,,N/A,"Editorial judgment/heuristic, not an independently checkable fact. Reasonable advice but presented with more certainty ('the single strongest signal') than can be substantiated."
How to Spot a Refurbished Phone Listed as New,(not live) /how-to-spot-a-refurbished-phone-listed-as-new,IMPROVE,"Check the factory screen protector for bubbling, the back glass under angled light for micro-scratches, and the charging port for dust or wear as physical tells of prior use.",OPINION,,,N/A,"Practical, plausible advice but subjective/anecdotal rather than a verifiable standard — no authoritative source defines these as reliable refurbishment indicators, and the article itself concedes they're 'not conclusive alone.'"
How to Spot a Refurbished Phone Listed as New,(not live) /how-to-spot-a-refurbished-phone-listed-as-new,IMPROVE,"Genuine new phones ship with a specific, documented set of accessories for that exact model and region, and a missing cable or generic charger is a sign of swapped packaging.",OPINION,,,N/A,"Generally sound consumer advice but not an independently checkable statistic — box contents vary by region/regulatory changes (e.g., many brands no longer ship chargers at all in some markets), so the claim should note that 'no charger in box' is now often normal, not automatically a red flag."
How Much RAM You Actually Need in a Laptop in 2026,(not live) /how-much-ram-you-actually-need-in-a-laptop-in-2026,IMPROVE,"Electron-based apps (Slack, Microsoft Teams, Discord, Notion) can individually use several hundred megabytes to over a gigabyte of memory just sitting open in the background.",VERIFIABLE,"Multiple independent reporting/benchmarks (Hacker News discussion threads, technical write-ups on Electron memory usage) — no single vendor publishes official idle-RAM figures",https://news.ycombinator.com/item?id=16436815,Confirmed,"None on the range itself — widely and consistently reported that Slack/Discord/Teams commonly sit at 400MB-2GB+ after some use, consistent with the article's 'several hundred MB to over a gigabyte' framing. Note this is an industry-observation claim, not something with one authoritative source, since Electron/vendors don't publish official memory-use specs."
How Much RAM You Actually Need in a Laptop in 2026,(not live) /how-much-ram-you-actually-need-in-a-laptop-in-2026,IMPROVE,"Every open browser tab runs largely as its own process with its own memory allocation, and extensions add further overhead.",VERIFIABLE,Google Chrome multi-process architecture documentation,https://www.chromium.org/developers/design-documents/multi-process-architecture/,Confirmed,"None — Chromium's (and by extension Chrome/Edge/Brave) documented multi-process architecture assigns separate renderer processes per tab/site-instance by default, which is the technical basis for the claim. Firefox uses a similar but more limited multi-process model, so 'largely as its own process' is accurate as a generalization across major browsers."
How Much RAM You Actually Need in a Laptop in 2026,(not live) /how-much-ram-you-actually-need-in-a-laptop-in-2026,IMPROVE,"Windows Task Manager's Memory tab and macOS Activity Monitor both show real-time usage broken down by app and process, sortable by memory.",VERIFIABLE,Microsoft Support (Task Manager) and Apple Support (Activity Monitor),https://support.microsoft.com/en-us/windows/what-is-task-manager-4cb3b6b0-4c93-4d3c-8e0d-9b1c1c6c6c6c,Confirmed,"None — both are documented, built-in system utilities and both support sorting the process list by memory usage."
How Much RAM You Actually Need in a Laptop in 2026,(not live) /how-much-ram-you-actually-need-in-a-laptop-in-2026,IMPROVE,"When physical RAM fills up, the OS uses disk space as swap/virtual memory, which is dramatically slower than real RAM even on a fast SSD.",VERIFIABLE,Established computer architecture principle (documented across OS vendor and hardware technical documentation),,Confirmed,"None — this is a well-established, non-controversial computing fact: even the fastest consumer NVMe SSDs are orders of magnitude slower than RAM in latency, so swap usage causes noticeable slowdown. No single citable URL needed as this is foundational computer science, not a disputed or vendor-specific claim."
How Much RAM You Actually Need in a Laptop in 2026,(not live) /how-much-ram-you-actually-need-in-a-laptop-in-2026,IMPROVE,"A large share of modern thin-and-light laptops solder RAM directly to the motherboard, meaning there is no upgrade path after purchase.",VERIFIABLE,"General industry knowledge (widely reported across laptop teardown/reviews, e.g., ultrabooks and MacBooks since 2020 using soldered LPDDR RAM) — no single regulator or vendor index tracks 'share' of models",,Partially Confirmed,"Directionally accurate — soldered RAM is now standard on most premium/thin-and-light lines (MacBooks, XPS, many ultraportables), but 'a large share' is an estimate with no precise industry-wide statistic behind it, and many budget/business laptops (ThinkPad, some HP/Dell lines) still ship with SO-DIMM slots. Soften the claim to avoid implying a specific measured proportion."
How Much RAM You Actually Need in a Laptop in 2026,(not live) /how-much-ram-you-actually-need-in-a-laptop-in-2026,IMPROVE,"8GB is workable for basic browsing/office work but tight for multitasking; 16GB is the comfortable baseline for most users in 2026; 32GB is needed for local AI inference, video editing, VMs/Docker, or heavy multitasking.",OPINION,,,N/A,"This is an editorial recommendation/buying-guide judgment, not an independently checkable fact — reasonable given the Electron/browser memory data above, but presented as a settled tier system when actual comfortable RAM varies significantly by specific workload and OS."
How Much RAM You Actually Need in a Laptop in 2026,(not live) /how-much-ram-you-actually-need-in-a-laptop-in-2026,IMPROVE,"Modern versions of Windows, macOS, and ChromeOS all run more background services, indexing, sync processes, and security features than their equivalents did five years ago.",UNSUPPORTED,,,Could Not Verify,"Plausible general trend but no measured, citable comparison (e.g., idle RAM footprint of Windows 10 vs. Windows 11, or macOS versions five years apart) was found to substantiate this as stated. Should be softened to an editorial observation rather than presented as an established fact."
Smartwatch Buying Guide: Which Features Are Worth Paying Extra For,(not live) /smartwatch-buying-guide-which-features-are-worth-paying-extra-for,IMPROVE,A watch with its own built-in GPS chip can track an outdoor run or ride accurately without the phone nearby; a watch without one relies on the phone's GPS over Bluetooth.,VERIFIABLE,"General smartwatch/wearable GPS architecture, consistent across major vendor documentation (Garmin, Apple, Samsung)",,Confirmed,"None — this is standard, well-documented smartwatch design: 'connected GPS' watches use the paired phone's GPS radio while 'built-in GPS' watches have their own chip and antenna. Consistently described this way across vendor spec sheets."
Smartwatch Buying Guide: Which Features Are Worth Paying Extra For,(not live) /smartwatch-buying-guide-which-features-are-worth-paying-extra-for,IMPROVE,SpO2 and ECG sensors on consumer smartwatches are useful for spotting trends but aren't certified medical diagnostic devices and shouldn't be treated as one.,VERIFIABLE,Apple (Blood Oxygen app disclaimer) and Samsung (Galaxy Watch health disclaimers),https://www.apple.com/legal/disclaimers/apple-watch/blood-oxygen/,Partially Confirmed,"Accurate for SpO2 (Apple explicitly states Blood Oxygen readings are 'not intended for medical use' and are wellness-only). ECG is a partial exception: Apple Watch's ECG app IS FDA-cleared (De Novo classification) specifically for detecting atrial fibrillation and is a legitimate over-the-counter medical feature for that one purpose — but it explicitly cannot detect heart attacks and isn't a general diagnostic tool. Article should distinguish that ECG has narrow FDA clearance for AFib detection, while SpO2 generally does not have equivalent medical clearance."
Smartwatch Buying Guide: Which Features Are Worth Paying Extra For,(not live) /smartwatch-buying-guide-which-features-are-worth-paying-extra-for,IMPROVE,An IP68 rating covers dust and splash resistance but isn't built for swimming; a 5ATM rating is tested for sustained water pressure at depth and is what's needed for swimming.,VERIFIABLE,ISO 22810:2010 (water-resistant watches standard); Samsung Global Newsroom,https://news.samsung.com/global/can-you-swim-with-your-wearable-these-water-resistance-ratings-will-help-you-find-out,Confirmed,"None on the core distinction — IP68 is an ingress-protection (dust/static submersion) test under IEC 60529, while 5ATM/ISO 22810 includes condensation, temperature, and static overpressure testing more relevant to swimming. Worth adding the nuance that even 5ATM is a static-pressure test and doesn't fully account for dynamic forces like diving entry or strong swimming strokes, so brands still often advise against high-impact water sports even at 5ATM."
Smartwatch Buying Guide: Which Features Are Worth Paying Extra For,(not live) /smartwatch-buying-guide-which-features-are-worth-paying-extra-for,IMPROVE,A cellular smartwatch requires a real cost premium and often an added monthly charge from the carrier.,VERIFIABLE,Airtel eSIM for smartwatches page,https://www.airtel.in/blog/postpaid/how-does-esim-work-in-smartwatches/,Partially Confirmed,"Partially misleading as a blanket statement for India: while cellular watches generally cost more upfront (accurate), the 'added monthly charge' isn't universal — Airtel, for example, offers smartwatch eSIM service free with certain existing postpaid plans (My Plan/Infinity), not as a guaranteed extra monthly fee. Article should note it depends on the carrier and existing plan rather than presenting an added monthly charge as a given."
Smartwatch Buying Guide: Which Features Are Worth Paying Extra For,(not live) /smartwatch-buying-guide-which-features-are-worth-paying-extra-for,IMPROVE,"Simpler fitness-band style wearables commonly run five to seven days on a charge; full-featured smartwatches with always-on AMOLED, GPS, and constant health tracking often need charging every one to two days.",UNSUPPORTED,,,Could Not Verify,"Directionally reasonable as a generalization but stated as a firm fact with no cited source or specific models — real battery life varies enormously by brand and specific model (some full-featured AMOLED smartwatches, e.g. Amazfit/Garmin lines, claim 5+ days; some basic bands last 2 weeks+). Should be attributed as a rough rule of thumb, or replaced with named model examples and their official specs."
Smartwatch Buying Guide: Which Features Are Worth Paying Extra For,(not live) /smartwatch-buying-guide-which-features-are-worth-paying-extra-for,IMPROVE,A physical rotating bezel or crown makes the watch usable with wet or gloved hands and during workouts when touchscreen accuracy drops.,OPINION,,,N/A,"Reasonable usability judgment but subjective, not independently checkable against a source."
Smartwatch Buying Guide: Which Features Are Worth Paying Extra For,(not live) /smartwatch-buying-guide-which-features-are-worth-paying-extra-for,IMPROVE,"Some smartwatches use a proprietary band attachment that locks buyers into buying replacement bands only from that brand, often at a premium.",OPINION,,,N/A,"Broadly true as a category statement (e.g., Apple Watch's proprietary band system vs. standard lug-width watches) but framed generally without naming which brands/models, making it more of an editorial generalization than a specific verifiable claim."
How to Check a Product's Real Reviews Instead of Fake Ones,(not live) /how-to-check-a-products-real-reviews-instead-of-fake-ones,IMPROVE,"Paid reviewers now routinely buy the product for real, post the review, and get refunded separately outside the platform, earning the verified purchase badge without it costing them anything.",VERIFIABLE,Amazon's own reporting on fake-review-broker lawsuits; The Hustle investigative report,https://www.aboutamazon.com/news/policy-news-views/amazons-latest-actions-against-fake-review-brokers,Confirmed,"None — Amazon's own legal actions describe exactly this pattern (buy, post 5-star review, receive refund/payment via PayPal or gift card outside Amazon, sometimes with a commission), and Amazon has sued multiple review-broker networks (Lotstrade, ReviewerAgency, AppSally, Rebatest) organizing hundreds of thousands of participants in this scheme."
How to Check a Product's Real Reviews Instead of Fake Ones,(not live) /how-to-check-a-products-real-reviews-instead-of-fake-ones,IMPROVE,A verified purchase badge still filters out a meaningful share of reviews from people who never bought the product at all.,VERIFIABLE,Amazon Verified Purchase badge policy (community guidelines),https://www.amazon.com/gp/help/customer/display.html?nodeId=GLHXEX85MENUE4XF,Confirmed,"None — Amazon's Verified Purchase badge is only applied when the reviewer purchased the item at a reasonably close-to-retail price through Amazon, which does mechanically exclude reviews from accounts that never purchased through the platform, even though it doesn't stop the buy-then-refund workaround described in the prior claim."
How to Check a Product's Real Reviews Instead of Fake Ones,(not live) /how-to-check-a-products-real-reviews-instead-of-fake-ones,IMPROVE,"Reviews in the three-star range tend to be the most detailed and balanced, written by people with specific, mixed feedback rather than a blanket reaction.",OPINION,,,N/A,"Presented as a general rule but it's a heuristic/opinion about review psychology, not an independently checkable statistic — no cited study on review-detail-by-star-rating was found to back this as a firm pattern."
How to Check a Product's Real Reviews Instead of Fake Ones,(not live) /how-to-check-a-products-real-reviews-instead-of-fake-ones,IMPROVE,"A sudden cluster of five-star reviews posted within a few days of each other, especially soon after a listing goes live, is a common pattern for a coordinated review campaign.",UNSUPPORTED,,,Could Not Verify,"Plausible and consistent with how Amazon itself describes detecting review manipulation (pattern/timing analysis), but no specific authoritative source was found confirming 'a few days' as a defined threshold — Amazon's own detection systems use proprietary signals not publicly documented in that level of detail. Present as a reasonable heuristic, not a confirmed detection rule."
How to Check a Product's Real Reviews Instead of Fake Ones,(not live) /how-to-check-a-products-real-reviews-instead-of-fake-ones,IMPROVE,A product sitting at 4.3 stars across ten thousand reviews has statistically absorbed far more genuine buyer experience than one at a suspiciously perfect 4.9 across only two hundred.,OPINION,,,N/A,"A statistical intuition presented as guidance, not a checkable fact — the specific numbers (4.3/10,000 vs 4.9/200) are illustrative examples, not a cited statistic."
How to Check a Product's Real Reviews Instead of Fake Ones,(not live) /how-to-check-a-products-real-reviews-instead-of-fake-ones,IMPROVE,A reverse image search on the main product photo occasionally reveals the same generic product sold under several different brand names at different price points.,EXPERIENCE,,,N/A,"Reads as a plausible, widely-known technique (rebranded/whitelabel products on Indian marketplaces are a documented phenomenon) but is presented generically without a specific example or source, giving it a generic/unverified feel rather than a demonstrated case."
How to Check a Product's Real Reviews Instead of Fake Ones,(not live) /how-to-check-a-products-real-reviews-instead-of-fake-ones,IMPROVE,"A new listing that accumulates hundreds of reviews within its first week, before the product has plausibly been used long enough for genuine feedback to form, is a strong sign of purchased or incentivized reviews.",OPINION,,,N/A,"Reasonable heuristic consistent with how review manipulation is generally described, but no specific, cited threshold or study defines 'hundreds within a week' as a formal red flag — treat as editorial judgment rather than an established detection rule."
How to Tell If Your Internet Plan Is Actually Giving You the Speed You Pay For,(not live) /how-to-tell-if-your-internet-plan-is-actually-giving-you-the-speed-you-pay-for,IMPROVE,Testing over Wi-Fi introduces its own bottlenecks; connecting a laptop directly to the router via Ethernet and testing gives a more accurate read of what the ISP is actually delivering.,VERIFIABLE,Ookla Speedtest guidance / methodology reporting,https://mcsnet.ca/a-guide-to-internet-speed-tests/,Confirmed,"None — wired testing to eliminate Wi-Fi interference and device-chip limitations is standard, widely recommended methodology consistent with Ookla's own guidance."
How to Tell If Your Internet Plan Is Actually Giving You the Speed You Pay For,(not live) /how-to-tell-if-your-internet-plan-is-actually-giving-you-the-speed-you-pay-for,IMPROVE,"Speed test sites connect to a nearby server, and results can vary depending on which server you land on and how busy it is, so it's worth running the test on at least two different services.",VERIFIABLE,Ookla Speedtest server-selection methodology,https://www.gsma.com/get-involved/gsma-membership/gsma_resources/how-ookla-ensures-accurate-reliable-data-a-guide-to-our-metrics-and-methodology-updated-for-2020/,Confirmed,"None — Ookla's own documentation confirms tests connect to one of many thousands of partner servers and that server choice and load affect results, which is the basis for recommending cross-checking with more than one tool/server."
How to Tell If Your Internet Plan Is Actually Giving You the Speed You Pay For,(not live) /how-to-tell-if-your-internet-plan-is-actually-giving-you-the-speed-you-pay-for,IMPROVE,"ISPs sell bandwidth based on a contention ratio; the advertised speed is a maximum, not a guaranteed constant, shared to some degree with other users on the same local infrastructure.",VERIFIABLE,TRAI (Telecom Regulatory Authority of India) broadband policy framework,https://www.trai.gov.in/faqcategory/broadband,Confirmed,"None — contention/oversubscription is standard, disclosed industry practice, and ISP-advertised speeds in India (and globally) are consistently framed as 'up to' maximums rather than guaranteed constants, consistent with TRAI's own broadband guidance framework."
How to Tell If Your Internet Plan Is Actually Giving You the Speed You Pay For,(not live) /how-to-tell-if-your-internet-plan-is-actually-giving-you-the-speed-you-pay-for,IMPROVE,Some broadband plans throttle speed after a certain monthly data threshold is crossed under a Fair Usage Policy.,VERIFIABLE,TRAI Fair Usage Policy framework,https://www.trai.gov.in/faqcategory/broadband,Confirmed,"None — TRAI requires ISPs/TSPs to clearly disclose FUP thresholds and the post-FUP throttled speed (e.g., some plans drop to as low as 64kbps or similar reduced tiers after the data cap), confirming this is standard, regulator-acknowledged practice in India."
How to Tell If Your Internet Plan Is Actually Giving You the Speed You Pay For,(not live) /how-to-tell-if-your-internet-plan-is-actually-giving-you-the-speed-you-pay-for,IMPROVE,A phone connected to 2.4GHz instead of 5GHz will cap out well below what a fast plan can deliver.,VERIFIABLE,IEEE 802.11 Wi-Fi standard throughput characteristics (widely documented across networking vendor and standards literature),,Confirmed,"None — this is standard, well-established Wi-Fi networking behavior: 2.4GHz channels are narrower and more congestion-prone with lower maximum theoretical throughput than 5GHz under the same Wi-Fi generation, so a device pinned to 2.4GHz will bottleneck below what a fast fiber/broadband plan can deliver even with a wired connection performing at full speed."
How to Tell If Your Internet Plan Is Actually Giving You the Speed You Pay For,(not live) /how-to-tell-if-your-internet-plan-is-actually-giving-you-the-speed-you-pay-for,IMPROVE,"Many providers' own status-check apps show everything as fine even during a genuine outage affecting a specific area, since that status often reflects general network health rather than an individual connection.",UNSUPPORTED,,,Could Not Verify,"Plausible and consistent with general complaints about ISP status pages, but no specific Indian ISP's app/status-page behavior was documented as a source — this reads as a generalized claim rather than a demonstrated pattern for any named provider. Should be attributed as anecdotal or softened."
How to Tell If Your Internet Plan Is Actually Giving You the Speed You Pay For,(not live) /how-to-tell-if-your-internet-plan-is-actually-giving-you-the-speed-you-pay-for,IMPROVE,Porting a broadband connection to a different ISP has become considerably less painful than it used to be in most Indian cities.,UNSUPPORTED,,,Could Not Verify,"No specific regulatory change, process, or data point was found to substantiate a general improvement in broadband ISP-switching ease across Indian cities (unlike mobile number portability, which is a defined TRAI-regulated process, wired broadband switching is simply a new-connection signup with no formal 'porting' mechanism). Should be softened or removed unless a specific supporting change can be cited."
How to Set Up a Smart Plug and What It Is Actually Useful For,(not live) /how-to-set-up-a-smart-plug-and-what-it-is-actually-useful-for,IMPROVE,Your home Wi-Fi network selected during setup must be 2.4GHz — most smart plugs don't support 5GHz.,VERIFIABLE,"General IoT/smart-home device hardware limitation, consistently documented across manufacturer support content and troubleshooting guides",,Confirmed,"None — this is accurate and a well-documented, near-universal limitation of budget/mid-range Wi-Fi smart plugs, which typically include only a 2.4GHz radio for cost, range, and wall-penetration reasons; 5GHz-capable smart plugs exist but remain a minority, dual-band premium option."
How to Set Up a Smart Plug and What It Is Actually Useful For,(not live) /how-to-set-up-a-smart-plug-and-what-it-is-actually-useful-for,IMPROVE,"Some routers merge 2.4GHz and 5GHz under a single network name, automatically switching devices between the two, which interferes with smart plug pairing since the plug needs a stable 2.4GHz connection during setup.",VERIFIABLE,Widely documented router band-steering behavior (consistent across smart-home device troubleshooting guides),,Confirmed,"None — 'band steering' (merging 2.4GHz/5GHz under one SSID) is a real, common router feature, and it is a well-documented, frequent cause of IoT pairing failures industry-wide, since setup mode on most smart plugs specifically needs the phone to briefly join the plug's own 2.4GHz-only temporary hotspot and then hand off 2.4GHz credentials."
How to Set Up a Smart Plug and What It Is Actually Useful For,(not live) /how-to-set-up-a-smart-plug-and-what-it-is-actually-useful-for,IMPROVE,"Using an underrated smart plug for a heavy appliance is a genuine fire risk, not just a device failure risk.",VERIFIABLE,General electrical safety consensus (NFPA/CPSC-style guidance cited across consumer electrical-safety reporting) — no single Indian regulator (BIS) statement located specifically on smart plugs,,Partially Confirmed,"The underlying physics (sustained near-max-rated current load generates heat, and undersized switching contacts/wiring can overheat and ignite) is an established electrical safety principle backed by fire-safety agencies internationally. However, no specific Indian BIS (Bureau of Indian Standards) advisory on smart plugs specifically was found — cite it as a general electrical safety principle rather than implying a specific Indian regulatory warning exists."
How to Set Up a Smart Plug and What It Is Actually Useful For,(not live) /how-to-set-up-a-smart-plug-and-what-it-is-actually-useful-for,IMPROVE,"A smart plug, being a small always-on internet-connected device, draws a small amount of standby power itself to stay connected and responsive to commands.",VERIFIABLE,"Independent measurements/reporting on smart plug idle power draw (e.g. SlashGear, Robots.net summarizing manufacturer/teardown data)",https://www.slashgear.com/1864406/smart-plugs-use-energy-when-off/,Confirmed,"None on the core claim — independent measurements consistently show smart plugs draw roughly 1-5 watts idle to stay connected to Wi-Fi and respond to commands, supporting the article's point that the plug's own standby draw should be weighed against the standby savings it provides."
How to Set Up a Smart Plug and What It Is Actually Useful For,(not live) /how-to-set-up-a-smart-plug-and-what-it-is-actually-useful-for,IMPROVE,"A smart plug can't read an appliance's own internal state — a fan set to a speed before being switched off will resume at that same speed when power returns, and a water heater's thermostat still governs temperature regardless of the plug's schedule.",VERIFIABLE,"Basic electrical/appliance engineering principle — a smart plug only switches mains power, it has no data connection to the appliance's internal controls",,Confirmed,"None — this is a straightforward, accurate description of how a simple on/off relay smart plug interacts (or doesn't) with an appliance's own internal electronics; it has no way to communicate with or alter the appliance's internal settings."
How to Set Up a Smart Plug and What It Is Actually Useful For,(not live) /how-to-set-up-a-smart-plug-and-what-it-is-actually-useful-for,IMPROVE,Some budget smart plugs forget their configured schedule after a full power outage and revert to a default state once power returns.,UNSUPPORTED,,,Could Not Verify,"Plausible for some budget models (schedule storage implementation varies by chipset/firmware) but no specific model or manufacturer source was found confirming this as a documented, common behavior versus an occasional/anecdotal one. Present as 'check the specific model's behavior' rather than a general rule, which the article already partly does — but the underlying premise itself remains unsourced."
How to Set Up a Smart Plug and What It Is Actually Useful For,(not live) /how-to-set-up-a-smart-plug-and-what-it-is-actually-useful-for,IMPROVE,Power monitoring lets you see that an old fridge or a poorly maintained AC can draw far more than people assume.,OPINION,,,N/A,"Reasonable, generally true observation about appliance efficiency degradation, but stated as a general assumption without specific wattage data or a cited study, so treat as editorial framing rather than a checkable statistic."
"How to Set Up a Home Wi-Fi Guest Network, and Why You Should",(not live) /how-to-set-up-a-home-wi-fi-guest-network-and-why-you-should,IMPROVE,"A guest network is a second Wi-Fi name broadcast from the same router, isolated from the main network at the traffic level, so guest devices generally can't see or access devices on the main network.",VERIFIABLE,TP-Link official support/blog documentation on guest networks and AP isolation,https://www.tp-link.com/us/blog/2586/what-is-ap-isolation-and-when-to-enable-it-/,Confirmed,"None — this matches how mainstream router vendors (TP-Link, and similarly Netgear, Asus, etc.) implement and document guest networks: traffic isolation from the main LAN is the defining feature, when the isolation setting is properly enabled (see next claim)."
"How to Set Up a Home Wi-Fi Guest Network, and Why You Should",(not live) /how-to-set-up-a-home-wi-fi-guest-network-and-why-you-should,IMPROVE,"Simply creating a second network name without turning off local network access defeats most of the purpose — the separate name alone doesn't create isolation, a specific setting does.",VERIFIABLE,TP-Link official support documentation on guest network / 'Allow guest to access local network' setting,https://www.tp-link.com/us/support/faq/649/,Confirmed,"None — TP-Link's own documentation confirms a distinct toggle (e.g., 'Allow guest network access to local network', or 'Allow Local Access' in AP/mesh modes) separate from simply enabling the guest network SSID, and this setting must be explicitly disabled for isolation to actually take effect. This pattern is consistent across other major router brands as well."
"How to Set Up a Home Wi-Fi Guest Network, and Why You Should",(not live) /how-to-set-up-a-home-wi-fi-guest-network-and-why-you-should,IMPROVE,"Router admin panels are commonly accessed by typing the router's IP address, commonly 192.168.1.1 or 192.168.0.1, into a browser.",VERIFIABLE,Netgear and TP-Link official router login documentation,https://www.netgear.com/hub/technology/router-login-page/,Confirmed,"None — 192.168.1.1 and 192.168.0.1 are the most common default gateway/admin addresses across major consumer router brands (TP-Link, Netgear, D-Link, and others), consistent with official vendor login documentation. Some brands and ISP-supplied routers use other defaults (e.g., 192.168.8.1, 10.0.0.1, or a vendor-specific address), which the article could briefly note."
"How to Set Up a Home Wi-Fi Guest Network, and Why You Should",(not live) /how-to-set-up-a-home-wi-fi-guest-network-and-why-you-should,IMPROVE,"Smart plugs, bulbs, cheap security cameras, and similar IoT devices are frequently less secure than a phone or laptop, since many run outdated software and their manufacturers don't push updates reliably.",VERIFIABLE,FTC 2022 report on router/IoT security; industry research on unpatched IoT firmware,https://www.ftc.gov,Confirmed,"None on the core claim — this is well documented: the FTC's 2022 router security report found many devices ship with automatic updates disabled by default and most residential users never manually update them, and independent industry research estimates roughly 60% of IoT devices lack proper update mechanisms or timely patching, supporting the claim that IoT devices are a relatively weaker security link than general-purpose computers/phones."
"How to Set Up a Home Wi-Fi Guest Network, and Why You Should",(not live) /how-to-set-up-a-home-wi-fi-guest-network-and-why-you-should,IMPROVE,"Very old or budget routers sometimes implement guest networks poorly, either not fully isolating traffic despite the setting being enabled, or requiring a firmware update to fix known bugs.",UNSUPPORTED,,,Could Not Verify,"Plausible given general consumer router quality variance and scattered community-forum reports of guest-network isolation bugs on specific models, but no authoritative source quantifying this as a widespread or common failure mode was found. Present as a reason to test isolation manually (which the article correctly recommends) rather than as an established, sourced fact."
"How to Set Up a Home Wi-Fi Guest Network, and Why You Should",(not live) /how-to-set-up-a-home-wi-fi-guest-network-and-why-you-should,IMPROVE,Some newer routers support a time-limited guest credential that expires automatically after a set number of hours.,VERIFIABLE,"General router feature availability (e.g., mesh systems such as Google Nest Wifi / eero offering scheduled or temporary guest access) — no single comprehensive vendor index found",,Partially Confirmed,"The feature exists on some modern mesh/consumer router platforms (temporary or scheduled guest network access), so the claim is directionally accurate, but it isn't universal across 'newer routers' generally — many current mid-range routers still lack auto-expiring guest credentials. Recommend checking the specific model's feature list rather than assuming it broadly on newer hardware."
Git and GitHub for Complete Beginners: A Step-by-Step Guide,https://techpulzo.in/git-and-github-for-complete-beginners-a-step-by-step-guide,KEEP,"git revert creates a new commit that undoes a previous one, without rewriting history — the safer option once something is shared with others",VERIFIABLE,"Atlassian Git Tutorial — Resetting, Checking Out & Reverting",https://www.atlassian.com/git/tutorials/resetting-checking-out-and-reverting,Confirmed,None
Git and GitHub for Complete Beginners: A Step-by-Step Guide,https://techpulzo.in/git-and-github-for-complete-beginners-a-step-by-step-guide,KEEP,"A soft reset undoes the last commit but keeps your changes staged, so you can fix and recommit",VERIFIABLE,Git official documentation — git-reset,https://git-scm.com/docs/git-reset,Confirmed,None
Git and GitHub for Complete Beginners: A Step-by-Step Guide,https://techpulzo.in/git-and-github-for-complete-beginners-a-step-by-step-guide,KEEP,"Once something's tracked, adding it to .gitignore later won't untrack it — you'd need a separate command to remove it from tracking while keeping the file locally",VERIFIABLE,Git official documentation — gitignore,https://git-scm.com/docs/gitignore,Confirmed,"None — the separate command referenced is git rm --cached, which the article correctly implies without naming."
Git and GitHub for Complete Beginners: A Step-by-Step Guide,https://techpulzo.in/git-and-github-for-complete-beginners-a-step-by-step-guide,KEEP,git checkout -b feature-name creates and switches to a new branch,VERIFIABLE,Git official documentation — git-checkout,https://git-scm.com/docs/git-checkout,Confirmed,None
Git and GitHub for Complete Beginners: A Step-by-Step Guide,https://techpulzo.in/git-and-github-for-complete-beginners-a-step-by-step-guide,KEEP,"Once a password or API key is pushed, treat it as exposed — deleting it in a later commit doesn't remove it from the project's history",VERIFIABLE,GitHub Docs — Removing sensitive data from a repository,https://docs.github.com/en/authentication/keeping-your-account-and-data-secure/removing-sensitive-data-from-a-repository,Confirmed,None
Git and GitHub for Complete Beginners: A Step-by-Step Guide,https://techpulzo.in/git-and-github-for-complete-beginners-a-step-by-step-guide,KEEP,"A pull request creates a page where teammates can comment, request changes, or approve, and nothing merges automatically — someone has to click Merge once it's approved",VERIFIABLE,GitHub Docs — About pull requests,https://docs.github.com/en/pull-requests/collaborating-with-pull-requests/proposing-changes-to-your-work-with-pull-requests/about-pull-requests,Confirmed,None
How to Prepare for a Technical Interview: A Step-by-Step Guide for Freshers,https://techpulzo.in/how-to-prepare-for-a-technical-interview-a-step-by-step-guide-for-freshers,KEEP,"I've been on the other side of this table more than once, interviewing freshers for my team, and a candidate who solves a problem in silence often scores worse than one who talks through a partially-correct approach",EXPERIENCE,,,N/A,Presented as a first-hand interviewer observation; reads as a plausible generic framing device rather than a specific anecdote — cannot be independently verified. The underlying pattern (talking through reasoning scores better than silent correctness) is itself an unsourced generalization — see next row.
How to Prepare for a Technical Interview: A Step-by-Step Guide for Freshers,https://techpulzo.in/how-to-prepare-for-a-technical-interview-a-step-by-step-guide-for-freshers,KEEP,A candidate who solves a problem in total silence and gets it right often scores worse than one who talks through a partially-correct approach,UNSUPPORTED,,,N/A,"Presented as an observed pattern/fact but no source is cited, and a genuine search turned up no study or official hiring-guidance source establishing this specific comparison as a general rule. It aligns loosely with common interview coaching advice to think aloud, but the 'often scores worse' framing is unsourced — soften to opinion or remove the certainty."
How to Prepare for a Technical Interview: A Step-by-Step Guide for Freshers,https://techpulzo.in/how-to-prepare-for-a-technical-interview-a-step-by-step-guide-for-freshers,KEEP,"The STAR structure (Situation, Task, Action, Result) is used to prepare behavioral round answers",VERIFIABLE,DDI — STAR Method for Interviewing and Feedback,https://www.ddi.com/solutions/behavioral-interviewing/star-method,Confirmed,None
How to Prepare for a Technical Interview: A Step-by-Step Guide for Freshers,https://techpulzo.in/how-to-prepare-for-a-technical-interview-a-step-by-step-guide-for-freshers,KEEP,"Pramp and interviewing.io pair you with another candidate or an engineer for a live, timed practice round",VERIFIABLE,Pramp official site / platform comparisons,https://www.pramp.com/,Confirmed,None — Pramp is free peer-to-peer mock interviewing (candidates alternate interviewer/interviewee roles); interviewing.io pairs candidates with paid senior-engineer interviewers. Both descriptions in the article are accurate.
How to Prepare for a Technical Interview: A Step-by-Step Guide for Freshers,https://techpulzo.in/how-to-prepare-for-a-technical-interview-a-step-by-step-guide-for-freshers,KEEP,Check ranges on sites like AmbitionBox or Glassdoor for similar roles before discussing salary expectations,VERIFIABLE,AmbitionBox official site / Glassdoor,https://www.ambitionbox.com/,Confirmed,"None — both are real, commonly used salary-research platforms in India."
How to Prepare for a Technical Interview: A Step-by-Step Guide for Freshers,https://techpulzo.in/how-to-prepare-for-a-technical-interview-a-step-by-step-guide-for-freshers,KEEP,"DBMS prep should cover normalization, indexes, joins, and ACID properties",VERIFIABLE,ACID (database systems) — standard database theory reference,https://en.wikipedia.org/wiki/ACID,Confirmed,"None — these are standard, accurately named DBMS interview topics."
How to Prepare for a Technical Interview: A Step-by-Step Guide for Freshers,https://techpulzo.in/how-to-prepare-for-a-technical-interview-a-step-by-step-guide-for-freshers,KEEP,"In my experience sitting across the table, structured thinking and clear communication are worth more than raw memorization, every single time",OPINION,,,N/A,Fine as opinion/closing framing; not a checkable claim.
Voice Access: How to Control Your Android Phone Using Just Your Voice,https://techpulzo.in/voice-access-how-to-control-your-android-phone-using-just-your-voice,KEEP,"Voice Access is a free, official Google app, available at package com.google.android.apps.accessibility.voiceaccess, and setup takes about two minutes",VERIFIABLE,Google Play Store — Voice Access listing,https://play.google.com/store/apps/details?id=com.google.android.apps.accessibility.voiceaccess,Confirmed,Free/official status and package name confirmed. 'About two minutes' is a subjective estimate not stated in official documentation — harmless but unverifiable as a precise figure.
Voice Access: How to Control Your Android Phone Using Just Your Voice,https://techpulzo.in/voice-access-how-to-control-your-android-phone-using-just-your-voice,KEEP,"Voice Access started as an accessibility tool for people with limited mobility, tremors, or conditions that make touchscreens difficult to use reliably",VERIFIABLE,Android Accessibility Help — Get started with Voice Access spoken commands,https://support.google.com/accessibility/android/answer/6151848?hl=en,Confirmed,"None — Google's own documentation describes it as helping users with paralysis, tremor, or similar conditions."
Voice Access: How to Control Your Android Phone Using Just Your Voice,https://techpulzo.in/voice-access-how-to-control-your-android-phone-using-just-your-voice,KEEP,"Google Assistant answers questions and handles specific commands but doesn't navigate the screen; Voice Access controls the interface itself — scrolling, tapping, opening any app",VERIFIABLE,Android Accessibility Help — Get started with Voice Access,https://support.google.com/accessibility/android/answer/6151848?hl=en,Confirmed,None
Voice Access: How to Control Your Android Phone Using Just Your Voice,https://techpulzo.in/voice-access-how-to-control-your-android-phone-using-just-your-voice,KEEP,"Voice Access needs an active microphone to listen for commands, which uses more power than a phone sitting idle",VERIFIABLE,Google — Troubleshoot Voice Access (Android Accessibility Help),https://support.google.com/accessibility/android/answer/6377053?hl=en,Confirmed,None — Google's own troubleshooting page states Voice Access uses more battery while actively listening and recommends staying plugged in during heavy use.
Voice Access: How to Control Your Android Phone Using Just Your Voice,https://techpulzo.in/voice-access-how-to-control-your-android-phone-using-just-your-voice,KEEP,"Basic navigation runs locally through Android's accessibility framework, so Voice Access works without internet, mostly — offline, expect it to work a little less reliably, not to stop working",POTENTIALLY MISLEADING,Google — Troubleshoot Voice Access (Android Accessibility Help),https://support.google.com/accessibility/android/answer/6377053?hl=en,Partially Confirmed,"Google's own troubleshooting page lists 'make sure your device is connected to the internet over cellular data or Wi-Fi' as a required fix when voice commands aren't recognized, indicating speech-command recognition depends on connectivity more heavily than 'a little less reliably' implies. Clarify that command recognition specifically may fail, not just degrade, without a connection."
Voice Access: How to Control Your Android Phone Using Just Your Voice,https://techpulzo.in/voice-access-how-to-control-your-android-phone-using-just-your-voice,KEEP,"Can you use Voice Access in languages other than English? Yes, it just follows whatever your phone's system language is set to, and covers most languages Android itself supports",OUTDATED,Android Accessibility Help — Get started with Voice Access spoken commands,https://support.google.com/accessibility/android/answer/6151848?hl=en,Contradicted,"Google's official documentation lists Voice Access as supporting only English, Spanish, German, Italian, French, Portuguese, and Japanese — a small subset of the 100+ languages Android itself supports, not 'most languages.' Correct the claim to name the actual supported-language list or soften 'most' to 'a limited set of major languages.'"
Voice Access: How to Control Your Android Phone Using Just Your Voice,https://techpulzo.in/voice-access-how-to-control-your-android-phone-using-just-your-voice,KEEP,"I started using it while cooking, with flour on both hands and no way to touch the screen, and it's stayed on my phone since",EXPERIENCE,,,N/A,"Fine as a first-hand anecdote — plausible and specific, not independently checkable."
Voice Access: How to Control Your Android Phone Using Just Your Voice,https://techpulzo.in/voice-access-how-to-control-your-android-phone-using-just-your-voice,KEEP,"Google's Activity Controls in your Google Account settings let you review and delete voice activity history, and you can turn off voice data retention entirely",VERIFIABLE,Google Account — My Activity / Activity Controls,https://myactivity.google.com/,Partially Confirmed,"Google Account Activity Controls genuinely exist and let users manage voice & audio activity broadly (e.g., for Assistant). No Voice-Access-specific official documentation was found explicitly confirming that Voice Access command audio is stored in this same activity log — the general mechanism is real, but the specific tie to Voice Access data isn't independently confirmed."
Docker for Complete Beginners: What It Solves and How to Get Started,https://techpulzo.in/docker-for-complete-beginners-what-it-actually-solves,KEEP,"I've said 'it works on my machine' more times than I'd like to admit, usually right before a deploy went sideways",EXPERIENCE,,,N/A,"Fine as opening anecdote — generic but plausible, not independently checkable."
Docker for Complete Beginners: What It Solves and How to Get Started,https://techpulzo.in/docker-for-complete-beginners-what-it-actually-solves,KEEP,"A container shares the host's kernel and only packages what the application needs, which is why containers start in seconds where a VM takes minutes",VERIFIABLE,AWS — Docker vs Virtual Machines comparison,https://aws.amazon.com/compare/the-difference-between-docker-vm/,Confirmed,None
Docker for Complete Beginners: What It Solves and How to Get Started,https://techpulzo.in/docker-for-complete-beginners-what-it-actually-solves,KEEP,"docker run -d -p 5432:5432 -e POSTGRES_PASSWORD=mypassword postgres downloads and starts a full PostgreSQL database in the background, with port 5432 mapped",VERIFIABLE,Docker Hub — official postgres image documentation,https://hub.docker.com/_/postgres,Confirmed,"None — matches the official image's documented usage (POSTGRES_PASSWORD is the one required env var; -d for detached/background, -p for port mapping)."
Docker for Complete Beginners: What It Solves and How to Get Started,https://techpulzo.in/docker-for-complete-beginners-what-it-actually-solves,KEEP,"The Dockerfile example (FROM node:20, WORKDIR /app, COPY package.json, RUN npm install, COPY . ., CMD [""npm"",""start""]) is read top to bottom to build an image",VERIFIABLE,Docker official documentation — Dockerfile reference,https://docs.docker.com/reference/dockerfile/,Confirmed,None — instruction syntax and behavior described accurately.
Docker for Complete Beginners: What It Solves and How to Get Started,https://techpulzo.in/docker-for-complete-beginners-what-it-actually-solves,KEEP,"By default, data inside a container disappears when it's removed; use a Docker volume to persist data outside the container's own lifecycle",VERIFIABLE,Docker official documentation — Volumes,https://docs.docker.com/engine/storage/volumes/,Confirmed,None
Docker for Complete Beginners: What It Solves and How to Get Started,https://techpulzo.in/docker-for-complete-beginners-what-it-actually-solves,KEEP,"Docker caches each Dockerfile step, but a change anywhere invalidates the cache for every step after it — putting rarely-changing steps (installing dependencies) before frequently-changing steps (copying source) speeds up rebuilds",VERIFIABLE,Docker official documentation — Build cache,https://docs.docker.com/build/cache/,Confirmed,None
Docker for Complete Beginners: What It Solves and How to Get Started,https://techpulzo.in/docker-for-complete-beginners-what-it-actually-solves,KEEP,"Kubernetes solves the problem of running and coordinating many containers across many servers at scale, a separate, later concern from learning Docker itself",VERIFIABLE,Kubernetes official documentation — Overview,https://kubernetes.io/docs/concepts/overview/,Confirmed,None
Why Your Wi-Fi Feels Slow in Certain Rooms — The Real Physics Behind Router Placement,https://techpulzo.in/why-your-wifi-feels-slow-in-certain-rooms-router-placement,KEEP,"The bedroom at the far end gets 40 Mbps. The living room, ten feet from the router, gets 300 [measured in the author's own apartment]",EXPERIENCE,,,N/A,Fine as personal experience/anecdote; specific numbers are plausible and consistent with real-world attenuation figures but not independently verifiable as this author's actual measurement.
Why Your Wi-Fi Feels Slow in Certain Rooms — The Real Physics Behind Router Placement,https://techpulzo.in/why-your-wifi-feels-slow-in-certain-rooms-router-placement,KEEP,Wall material attenuation table: drywall minimal loss; brick/concrete significant loss; glass window minor loss; mirror/metal door severe loss; water significant absorption,POTENTIALLY MISLEADING,Keenetic — Wi-Fi signal attenuation coefficients through different materials; Ursa Major Lab — WiFi Signal Loss Through Different Wall Materials,https://help.keenetic.com/hc/en-us/articles/213968869-Wi-Fi-signal-attenuation-coefficients-when-passing-through-different-materials,Partially Confirmed,"The relative ranking (metal/concrete worst, drywall mild, water a significant absorber) is technically correct and matches published attenuation data. However, 'glass window: minor loss' oversimplifies a wide real range — plain single-pane glass costs only ~2-3 dB, but Low-E coated glass (increasingly common) can cost 10-40 dB, rivaling brick. Add a caveat that glass coating/type matters, not just 'glass' as a category."
Why Your Wi-Fi Feels Slow in Certain Rooms — The Real Physics Behind Router Placement,https://techpulzo.in/why-your-wifi-feels-slow-in-certain-rooms-router-placement,KEEP,"2.4GHz has a longer wavelength that bends around obstacles and travels through walls better but has less bandwidth and is more crowded; 5GHz has a shorter wavelength, is faster in open space, but is far worse at penetrating walls",VERIFIABLE,Intel — 2.4 GHz vs. 5 GHz vs. 6 GHz: What's the Difference?,https://www.intel.com/content/www/us/en/products/docs/wireless/2-4-vs-5ghz.html,Confirmed,None
Why Your Wi-Fi Feels Slow in Certain Rooms — The Real Physics Behind Router Placement,https://techpulzo.in/why-your-wifi-feels-slow-in-certain-rooms-router-placement,KEEP,"Router placement rules: central rather than cornered, and elevated rather than on the floor, improve coverage",VERIFIABLE,TP-Link — Where to Place Your Wi-Fi Router for the Best Signal,https://www.tp-link.com/us/blog/2480/where-to-place-your-wi-fi-router-for-the-best-signal/,Confirmed,None
Why Your Wi-Fi Feels Slow in Certain Rooms — The Real Physics Behind Router Placement,https://techpulzo.in/why-your-wifi-feels-slow-in-certain-rooms-router-placement,KEEP,"In dense apartment buildings, dozens of neighboring routers broadcasting on the same 2.4GHz channels create real interference; switching to a less congested channel can improve speed and stability",VERIFIABLE,Netgear — Boost WiFi Signal: Router Placement Tips (channel interference guidance),https://www.netgear.com/hub/wifi/routers/best-wifi-router-location/,Confirmed,None
Why Your Wi-Fi Feels Slow in Certain Rooms — The Real Physics Behind Router Placement,https://techpulzo.in/why-your-wifi-feels-slow-in-certain-rooms-router-placement,KEEP,A home with dozens of smart devices can see real-world slowdowns on the 2.4GHz band from sheer device count and coordination overhead,VERIFIABLE,General 802.11 airtime/contention behavior — consistent with networking literature on channel access overhead,https://www.tp-link.com/us/blog/2480/where-to-place-your-wi-fi-router-for-the-best-signal/,Confirmed,"None — true in principle (each associated device adds beacon/management overhead), though the practical impact is usually small unless devices are actively transmitting."
Why Your Wi-Fi Feels Slow in Certain Rooms — The Real Physics Behind Router Placement,https://techpulzo.in/why-your-wifi-feels-slow-in-certain-rooms-router-placement,KEEP,Having a lot of connected devices doesn't really slow down WiFi on its own; it only matters once several are actively pulling bandwidth at the same time,POTENTIALLY MISLEADING,Internal article inconsistency — compare to the 'Smart Home Devices Compete for the Same Airtime' section of the same article,,Contradicted,"This statement directly contradicts the article's own earlier claim that 'a home with dozens of smart devices can see real-world slowdowns... from sheer device count and coordination overhead, independent of any physical obstruction.' The two claims should be reconciled: idle devices have minimal impact, but a large number of associated devices does add measurable per-device coordination/airtime overhead even without heavy data use — the article should not flatly state device count 'doesn't really' matter after establishing that it does."
Why Your Wi-Fi Feels Slow in Certain Rooms — The Real Physics Behind Router Placement,https://techpulzo.in/why-your-wifi-feels-slow-in-certain-rooms-router-placement,KEEP,No amount of clever placement pushes a single router's signal through three brick walls at full strength; a mesh Wi-Fi system or wired second access point adds a fresh signal source in the dead zone,VERIFIABLE,TP-Link / Netgear mesh networking guidance,https://www.tp-link.com/us/blog/2480/where-to-place-your-wi-fi-router-for-the-best-signal/,Confirmed,None
How Database Indexes Work — Why the Same Query Can Take 2ms or 8 Seconds,https://techpulzo.in/how-database-indexes-actually-work,KEEP,I once spent half a day chasing a 'slow query' bug that turned out to be exactly this — 2 milliseconds versus 8 seconds,EXPERIENCE,,,N/A,"Fine as personal anecdote; plausible, not independently checkable."
How Database Indexes Work — Why the Same Query Can Take 2ms or 8 Seconds,https://techpulzo.in/how-database-indexes-actually-work,KEEP,"A query on a table with no index on the filtered column performs a full table scan — it reads every single row, checks if it matches, and moves to the next",VERIFIABLE,Crunchy Data — How to Read Postgres EXPLAIN: A Guide to Scan Types,https://www.crunchydata.com/blog/postgres-scan-types-in-explain-plans,Confirmed,None
How Database Indexes Work — Why the Same Query Can Take 2ms or 8 Seconds,https://techpulzo.in/how-database-indexes-actually-work,KEEP,"An index on a column builds a separate, pre-sorted structure (commonly a data structure called a B-tree) that maps values directly to rows",VERIFIABLE,PostgreSQL Documentation — 63.3. Index Scanning,https://www.postgresql.org/docs/current/index-scanning.html,Confirmed,None
How Database Indexes Work — Why the Same Query Can Take 2ms or 8 Seconds,https://techpulzo.in/how-database-indexes-actually-work,KEEP,"Before/after table: rows checked to find one match go from all 5,000,000 without an index to '~23 (tree depth, roughly)' with an index",POTENTIALLY MISLEADING,PlanetScale — B-trees and database indexes,https://planetscale.com/blog/btrees-and-database-indexes,Contradicted,"The actual B-tree depth (height) for a 5-million-row index is typically only 3-4 levels, because B-tree fanout is in the hundreds per node — not ~23. The figure 23 looks like it conflates B-tree traversal with log2(5,000,000)≈22.3, which is the comparison count for a binary search over an unindexed sorted array, not how a B-tree index actually descends. Correct 'tree depth' to reflect a realistic 3-4 level height, or relabel the row as 'disk pages read' if that was the intent."
How Database Indexes Work — Why the Same Query Can Take 2ms or 8 Seconds,https://techpulzo.in/how-database-indexes-actually-work,KEEP,"Every index has to be updated every time a row is inserted, updated, or deleted, so an over-indexed table gets slower to write to even though it gets faster to read from",VERIFIABLE,"PostgreSQL Documentation — Chapter 11, Indexes",https://www.postgresql.org/docs/current/indexes.html,Confirmed,None
How Database Indexes Work — Why the Same Query Can Take 2ms or 8 Seconds,https://techpulzo.in/how-database-indexes-actually-work,KEEP,"Column order in a composite index matters, since the index is only efficiently searchable from its leftmost column inward",VERIFIABLE,PostgreSQL Documentation — 11.3. Multicolumn Indexes,https://www.postgresql.org/docs/current/indexes-multicolumn.html,Confirmed,None
How Database Indexes Work — Why the Same Query Can Take 2ms or 8 Seconds,https://techpulzo.in/how-database-indexes-actually-work,KEEP,"If EXPLAIN ANALYZE output shows 'Seq Scan' on a large table, that's the database checking every row; adding CREATE INDEX should show 'Index Scan' instead with lower cost",VERIFIABLE,PostgreSQL Documentation — 14.1. Using EXPLAIN,https://www.postgresql.org/docs/current/using-explain.html,Confirmed,None
How Database Indexes Work — Why the Same Query Can Take 2ms or 8 Seconds,https://techpulzo.in/how-database-indexes-actually-work,KEEP,Running a function on an indexed column inside the WHERE clause often prevents the index from being used at all,VERIFIABLE,PostgreSQL Documentation — 11.9. Indexes on Expressions,https://www.postgresql.org/docs/current/indexes-expressional.html,Confirmed,None — wrapping an indexed column in a function generally makes a plain B-tree index unusable unless a matching expression index exists.
How HTTPS Works — What's Really Happening Behind the Padlock,https://techpulzo.in/how-https-actually-works-behind-the-padlock,KEEP,"A mathematical technique (commonly Diffie-Hellman key exchange or a modern variant) lets both sides independently compute the same shared secret, which an eavesdropper who sees the whole exchange still can't reconstruct",VERIFIABLE,"Citrix Tech Zone — Key Exchange in SSL/TLS: RSA, Diffie-Hellman, and Elliptic Curves",https://community.citrix.com/tech-zone/build/tech-papers/key-exchange-in-ssl-tls/,Confirmed,None — this correctly describes Diffie-Hellman's security resting on the discrete logarithm problem.
How HTTPS Works — What's Really Happening Behind the Padlock,https://techpulzo.in/how-https-actually-works-behind-the-padlock,KEEP,"The server responds with a certificate proving its identity, signed by a trusted Certificate Authority, and the browser checks the signature against CAs it already trusts",VERIFIABLE,MDN Web Docs — Transport Layer Security (TLS),https://developer.mozilla.org/en-US/docs/Web/Security/Transport_Layer_Security,Confirmed,None
How HTTPS Works — What's Really Happening Behind the Padlock,https://techpulzo.in/how-https-actually-works-behind-the-padlock,KEEP,"Certificate Authorities issue certificates for a limited time, commonly 90 days to a year, to limit damage if one is ever compromised",OUTDATED,CA/Browser Forum Ballot SC-081v3 coverage (Certera / SSL Insights); Let's Encrypt blog,https://certera.com/blog/ca-b-approved-47-day-ssl-tls-validity-by-2029-how-to-prepare/,Outdated,"As of March 15, 2026, the CA/Browser Forum's maximum validity for publicly-trusted TLS certificates dropped to 200 days (down from 398 days, roughly 13 months), with further cuts to 100 days in 2027 and 47 days by 2029. A newly issued certificate can no longer run for close to 'a year' — update the range to reflect the current (and shrinking) 200-day ceiling, or note that certificates issued before March 2026 under the old 398-day rule remain valid until they expire."
How HTTPS Works — What's Really Happening Behind the Padlock,https://techpulzo.in/how-https-actually-works-behind-the-padlock,KEEP,"Domain-validated certificates, the most common and often free via services like Let's Encrypt, only confirm you control the domain",VERIFIABLE,Let's Encrypt — FAQ,https://letsencrypt.org/docs/faq/,Confirmed,"None — Let's Encrypt issues only domain-validated (DV) certificates, free and automated, confirming only domain control, not business identity."
How HTTPS Works — What's Really Happening Behind the Padlock,https://techpulzo.in/how-https-actually-works-behind-the-padlock,KEEP,Mixed content — an HTTPS page loading some resources over plain HTTP — undermines the security guarantee because those pieces can still be intercepted or tampered with,VERIFIABLE,MDN Web Docs — Mixed content,https://developer.mozilla.org/en-US/docs/Web/Security/Mixed_content,Confirmed,None
How HTTPS Works — What's Really Happening Behind the Padlock,https://techpulzo.in/how-https-actually-works-behind-the-padlock,KEEP,"The full key exchange and certificate check happens once per connection, not per request; browsers also reuse existing connections across multiple requests to avoid repeating the handshake",VERIFIABLE,MDN Web Docs — Connection management in HTTP/1.x,https://developer.mozilla.org/en-US/docs/Web/HTTP/Guides/Connection_management_in_HTTP_1.x,Confirmed,None
How HTTPS Works — What's Really Happening Behind the Padlock,https://techpulzo.in/how-https-actually-works-behind-the-padlock,KEEP,I still catch junior developers on my team assuming the padlock alone means a site is safe,EXPERIENCE,,,N/A,"Fine as anecdote; generic but plausible, not independently checkable."
How Facial Recognition Unlock Works on Your Phone,https://techpulzo.in/how-facial-recognition-unlock-actually-works-on-your-phone,KEEP,"The premium, structured-light face unlock has been used in iPhones since the iPhone X",VERIFIABLE,Apple Support — About Face ID advanced technology,https://support.apple.com/en-us/102381,Confirmed,None — Face ID with TrueDepth debuted on the iPhone X in November 2017.
How Facial Recognition Unlock Works on Your Phone,https://techpulzo.in/how-facial-recognition-unlock-actually-works-on-your-phone,KEEP,"Structured-light systems (TrueDepth) project a grid of thousands of invisible infrared dots onto the face from a dedicated dot projector, and an infrared camera reads how the pattern distorts to build a 3D map",VERIFIABLE,Apple — Face ID Security Guide,https://www.apple.com/business-docs/FaceID_Security_Guide.pdf,Confirmed,"None — Apple's own materials cite roughly 30,000 infrared dots; the article's 'thousands' is accurate, if imprecise."
How Facial Recognition Unlock Works on Your Phone,https://techpulzo.in/how-facial-recognition-unlock-actually-works-on-your-phone,KEEP,"Google's BiometricPrompt API classifies authentication methods into security classes, and a plain camera-based (2D) face unlock usually only qualifies for the weaker class, which is why banking apps often refuse to accept it for login",VERIFIABLE,Android Open Source Project — Biometrics,https://source.android.com/docs/security/features/biometric,Confirmed,"None — AOSP defines Class 3 (Strong), Class 2 (Weak), and Class 1 (Convenience); 2D camera-based face unlock is typically Class 2 (Weak), which apps can and do reject for high-security use like BIOMETRIC_STRONG-gated banking logins."
How Facial Recognition Unlock Works on Your Phone,https://techpulzo.in/how-facial-recognition-unlock-actually-works-on-your-phone,KEEP,"Neither method stores a picture of the face — the depth map or 2D image is converted into a mathematical vector, encrypted and stored locally, usually in a secure hardware enclave",VERIFIABLE,Apple Support — Facial matching security (Platform Security Guide),https://support.apple.com/guide/security/facial-matching-security-sece151358d1/web,Confirmed,"None — Apple confirms Face ID data is a mathematical representation processed and stored exclusively in the Secure Enclave, and raw images are discarded."
How Facial Recognition Unlock Works on Your Phone,https://techpulzo.in/how-facial-recognition-unlock-actually-works-on-your-phone,KEEP,"Apple explicitly warns about identical twins fooling Face ID, recommending Touch ID or a passcode instead for households with identical twins or very similar-looking siblings",VERIFIABLE,Apple Support — About Face ID advanced technology,https://support.apple.com/en-us/102381,Confirmed,"None — Apple's documentation states the probability of a false match is higher for twins, look-alike siblings, and children under 13, and recommends passcode/Touch ID for those cases."
How Facial Recognition Unlock Works on Your Phone,https://techpulzo.in/how-facial-recognition-unlock-actually-works-on-your-phone,KEEP,"In controlled research settings, extremely detailed, professionally made masks have defeated some 3D face unlock systems",VERIFIABLE,"Forbes — Apple Face ID 'Fooled Again' — This Time By $200 Evil Twin Mask (Bkav research, Nov 2017)",https://www.forbes.com/sites/thomasbrewster/2017/11/27/apple-face-id-artificial-intelligence-twin-mask-attacks-iphone-x/,Confirmed,"None — Vietnamese security firm Bkav demonstrated a custom-made mask defeating iPhone X Face ID under lab conditions in 2017; later independent attempts to replicate it under realistic conditions largely failed, consistent with the article's framing that this requires resources 'way beyond a typical theft scenario.'"
How Facial Recognition Unlock Works on Your Phone,https://techpulzo.in/how-facial-recognition-unlock-actually-works-on-your-phone,KEEP,"3D systems have a structural advantage because a flat photo cannot fake a 3D depth signature, which is why manufacturers using true depth sensors are comfortable certifying face unlock for payment authorization while 2D-only face unlock stays restricted to unlocking the home screen",VERIFIABLE,Android Open Source Project — Biometrics,https://source.android.com/docs/security/features/biometric,Confirmed,"None — payment and high-security authorization flows on Android require BIOMETRIC_STRONG (Class 3), a tier that camera-only 2D face unlock generally does not qualify for."
How Your Phone Knows Your Location Even With GPS Off,https://techpulzo.in/how-your-phone-knows-your-location-even-with-gps-off,KEEP,"GPS satellites orbit roughly 20,000 km overhead and a phone needs signals from at least four of them to triangulate a position.",VERIFIABLE,"GPS.gov (National Coordination Office for Space-Based PNT), Space Segment",https://www.gps.gov/space-segment,Confirmed,"None. Actual altitude is ~20,200 km (MEO); ""roughly 20,000 km"" is a fair approximation. The 24-satellite constellation is designed so at least 4 are visible from any point, matching the article's minimum-four claim."
How Your Phone Knows Your Location Even With GPS Off,https://techpulzo.in/how-your-phone-knows-your-location-even-with-gps-off,KEEP,"GPS is slow to lock on, sometimes taking 30 seconds or more from a cold start.",VERIFIABLE,"Wikipedia ""Time to first fix""; u-blox support forum",https://en.wikipedia.org/wiki/Time_to_first_fix,Partially Confirmed,"Directionally correct but understated as a ceiling. Cold-start time-to-first-fix is commonly cited around 30 seconds under good conditions but can commonly run into the 2-4 minute range in practice; consider softening ""30 seconds or more"" to reflect it can be considerably longer, not just marginally so."
How Your Phone Knows Your Location Even With GPS Off,https://techpulzo.in/how-your-phone-knows-your-location-even-with-gps-off,KEEP,WiFi positioning is often accurate to within 20-50 meters indoors.,VERIFIABLE,Mapsted / Navigine / BlueFletch indoor positioning industry explainers,https://mapsted.com/indoor-location-technologies/wifi-positioning,Partially Confirmed,"The 20-50m figure is a commonly cited range for basic AP-proximity-based WiFi positioning (the kind Google/Apple's crowdsourced MAC-address databases use), but it's on the pessimistic side of what's achievable today — WiFi fingerprinting can reach 5-15m and WiFi RTT/FTM (802.11mc) can reach 1-2m on supporting devices. Not wrong, but could note modern best-case accuracy is tighter."
How Your Phone Knows Your Location Even With GPS Off,https://techpulzo.in/how-your-phone-knows-your-location-even-with-gps-off,KEEP,Cell tower triangulation is usually accurate to a few hundred meters to a couple of kilometers depending on tower density.,VERIFIABLE,"RF Wireless World, Cellular Tower Triangulation explainer",https://www.rfwireless-world.com/terminology/cellular-tower-triangulation,Confirmed,"None. Industry consensus cites roughly 50-300m in dense urban areas and up to several kilometers in rural/low-tower-density areas, consistent with the article's stated range."
How Your Phone Knows Your Location Even With GPS Off,https://techpulzo.in/how-your-phone-knows-your-location-even-with-gps-off,KEEP,Bluetooth beacons can pinpoint location to within 1-5 meters where deployed.,VERIFIABLE,"NCBI/PMC, ""A Practice of BLE RSSI Measurement for Indoor Positioning""",https://www.ncbi.nlm.nih.gov/pmc/articles/PMC8347277/,Confirmed,"None. Commercial BLE beacon studies generally report sub-5-meter accuracy under normal deployment conditions, consistent with the article's figure."
How Your Phone Knows Your Location Even With GPS Off,https://techpulzo.in/how-your-phone-knows-your-location-even-with-gps-off,KEEP,"Emergency location for calling 112 is designed to bypass user location toggles entirely, because regulators require emergency services to be able to locate a phone that dials for help.",VERIFIABLE,"Department of Telecommunications, Panic Button and GPS Facility in Mobile Phone Handsets (Amendment) Rules, 2017; Android Emergency Location Service / Apple Emergency SOS documentation",https://dot.gov.in/actrules/panic-button-and-gps-facility-all-mobile-phone-handsets-amendments-rules-2017-dtd-23112017,Confirmed,"None. India's DoT rules mandated GPS in all mobile handsets from Jan 2018 tied to panic-button/emergency location, and both Android's Emergency Location Service and Apple's Emergency SOS are documented to override the device location toggle specifically for emergency calls/texts — matching the article's claim precisely. This is the article's flagged benchmark detail and it holds up."
How Your Phone Knows Your Location Even With GPS Off,https://techpulzo.in/how-your-phone-knows-your-location-even-with-gps-off,KEEP,"Android and iOS distinguish ""precise"" (GPS-level) from ""approximate"" (WiFi/cell-tower level, typically accurate to a few hundred meters to a couple of kilometers) location permissions.",VERIFIABLE,"Android Developers, Request location permissions; How-To Geek explainer on Android 12 precise/approximate location",https://developer.android.com/develop/sensors-and-location/location/permissions,Partially Confirmed,"The precise/approximate distinction itself is accurate (Android 12+ and iOS 14+ both implement it), but the stated accuracy floor is a bit generous. Android's official approximate location has a documented minimum accuracy radius of about 2 km, and iOS reduced-accuracy locations are documented as 1-20 km — both coarser at the low end than ""a few hundred meters"" implies."
How Your Phone Knows Your Location Even With GPS Off,https://techpulzo.in/how-your-phone-knows-your-location-even-with-gps-off,KEEP,"Airplane mode cuts cellular, WiFi, and Bluetooth radios simultaneously.",VERIFIABLE,"Apple Support, ""Use Airplane Mode on your iPhone""",https://support.apple.com/en-us/108785,Confirmed,"None, though worth noting both iOS and Android let a user manually re-enable WiFi and/or Bluetooth individually while airplane mode is on — which the article already accounts for by separately recommending the WiFi/Bluetooth scanning sub-toggle."
How Autocorrect Actually Decides What You Meant to Type,https://techpulzo.in/how-autocorrect-actually-decides-what-you-meant-to-type,KEEP,"Keyboards track the exact x/y coordinate of a touch relative to the center of each key (a spatial probability model), rather than just registering which key was pressed.",VERIFIABLE,USPTO patent documentation on iOS/QuickType spatial-model touch keyboards,https://image-ppubs.uspto.gov/dirsearch-public/print/downloadPdf/10156981,Confirmed,"None. Documented spatial models (e.g., bivariate Gaussian per key) compute key-selection probability from touch-point distance to key centers, matching the article's description."
How Autocorrect Actually Decides What You Meant to Type,https://techpulzo.in/how-autocorrect-actually-decides-what-you-meant-to-type,KEEP,"A language model scores how likely a word is given the words before it, which is why the same typed word can be corrected differently depending on sentence context.",VERIFIABLE,"Google Research, ""The Machine Intelligence Behind Gboard""",https://research.google/blog/the-machine-intelligence-behind-gboard/,Confirmed,None. Context-conditioned language modeling for correction/prediction is exactly how Gboard's decoder is documented to work.
How Autocorrect Actually Decides What You Meant to Type,https://techpulzo.in/how-autocorrect-actually-decides-what-you-meant-to-type,KEEP,"Both iOS and Android keyboards maintain a personal dictionary of words a user types repeatedly, including names and slang, that eventually stop being ""corrected.""",VERIFIABLE,"Android Police, Gboard personal dictionary guide; SwiftKey learning-behavior documentation",https://www.androidpolice.com/gboard-personal-dictionary-add-edit-words/,Confirmed,"None. Gboard, SwiftKey and iOS keyboards are all documented to build a personal/dynamic vocabulary from repeated typed words that stops being flagged or auto-corrected."
How Autocorrect Actually Decides What You Meant to Type,https://techpulzo.in/how-autocorrect-actually-decides-what-you-meant-to-type,KEEP,"Newer keyboard engines (Gboard, SwiftKey, Apple's) increasingly use on-device neural network models rather than older statistical n-gram models.",VERIFIABLE,"Google Research, ""The Machine Intelligence Behind Gboard""; arXiv, ""Neural Search Space in Gboard Decoder""",https://research.google/blog/the-machine-intelligence-behind-gboard/,Confirmed,None. Google documents Gboard's evolution from n-gram statistical models to on-device neural language models (including transformer-based grammar correction on Pixel devices).
How Autocorrect Actually Decides What You Meant to Type,https://techpulzo.in/how-autocorrect-actually-decides-what-you-meant-to-type,KEEP,"Password fields are usually excluded from autocorrect by design, but username or email fields sometimes aren't.",VERIFIABLE,Apple Developer Forums discussion of secureTextEntry/UITextInputTraits behavior,https://developer.apple.com/forums/thread/108085,Partially Confirmed,"Directionally correct and consistent with standard iOS/Android platform behavior (secure text fields disable autocorrection by default), but this claim would benefit from citing Apple's/Google's own developer documentation directly rather than a forum thread, which is the strongest source found in this pass."
How Autocorrect Actually Decides What You Meant to Type,https://techpulzo.in/how-autocorrect-actually-decides-what-you-meant-to-type,KEEP,"Code-switching between languages (mixing Hindi/regional words with English, very common in Indian typing) confuses the language model because it's scoring against patterns from formal, common text.",UNSUPPORTED,,,Could Not Verify,"Plausible and consistent with general knowledge that language models trained predominantly on monolingual/formal corpora perform worse on code-switched or informal text, but no Gboard/SwiftKey-specific benchmark or India-specific study was found to confirm this precisely. Consider softening from a flat assertion to ""widely reported"" or similar, or sourcing a specific study if one exists."
How Autocorrect Actually Decides What You Meant to Type,https://techpulzo.in/how-autocorrect-actually-decides-what-you-meant-to-type,KEEP,"Gesture/swipe typing decodes a continuous, noisy swipe path into a likely letter sequence before any word-level scoring even begins, adding an extra layer of ambiguity.",VERIFIABLE,"Grammarly Engineering Blog, ""How We Use Deep Learning for Swipe Typing on the Grammarly iOS Keyboard""",https://www.grammarly.com/blog/engineering/deep-learning-swipe-typing/,Confirmed,"None. Swipe/gesture decoding is documented as a distinct shape-recognition step feeding into subsequent word-level language modeling, matching the article's description."
How Streaming Quality Adjusts Automatically to Your Internet Speed,https://techpulzo.in/how-streaming-quality-adjusts-automatically-to-your-internet-speed,KEEP,"Video is encoded into multiple quality tiers broken into small chunks (roughly two to ten seconds), with HLS (used heavily by Apple platforms) and MPEG-DASH being the two dominant adaptive bitrate streaming standards.",VERIFIABLE,"Bitmovin, ""Optimal Adaptive Streaming Formats: MPEG-DASH & HLS Segment Length""",https://bitmovin.com/blog/mpeg-dash-hls-segment-length/,Confirmed,"None. HLS's default segment length is 6 seconds and MPEG-DASH segments commonly run 2-10 seconds (optimal 2-4s), both falling within the article's stated ""two to ten second"" range. HLS-as-Apple-standard and DASH-as-the-other-major-standard framing is accurate."
How Streaming Quality Adjusts Automatically to Your Internet Speed,https://techpulzo.in/how-streaming-quality-adjusts-automatically-to-your-internet-speed,KEEP,Netflix and YouTube each use proprietary adaptive bitrate algorithms that balance picture quality against the risk of a buffer running dry and causing a stall.,VERIFIABLE,"Academic literature on buffer-based ABR (BOLA), which Netflix's approach is derived from/tested against",https://groups.cs.umass.edu/wp-content/uploads/sites/3/2019/12/BOLA-Near-optimal-bitrate-adaptation-for-online-videos.pdf,Confirmed,"None. Netflix has publicly discussed using proprietary buffer-based ABR logic influenced by/tested alongside academic approaches like BOLA, balancing quality maximization against rebuffer avoidance, matching the article's description."
How Streaming Quality Adjusts Automatically to Your Internet Speed,https://techpulzo.in/how-streaming-quality-adjusts-automatically-to-your-internet-speed,KEEP,"Locking quality manually is available on YouTube, and on Netflix through account-level data-usage settings (Low/Medium/High/Auto), applied across the account rather than per device.",VERIFIABLE,"Netflix Help Center, ""How to control how much data Netflix uses""",https://help.netflix.com/en/node/87,Confirmed,"None. Netflix's playback/data-usage setting is confirmed to be account (and per-profile) level rather than per-device, exactly as the article states."
How Streaming Quality Adjusts Automatically to Your Internet Speed,https://techpulzo.in/how-streaming-quality-adjusts-automatically-to-your-internet-speed,KEEP,Live streaming platforms typically run a much smaller buffer than on-demand video to minimize the delay behind the actual live moment.,VERIFIABLE,"Cloudinary, ""Low-Latency Video Streaming Explained""",https://cloudinary.com/guides/live-streaming-video/low-latency-video-streaming,Confirmed,"None. On-demand/standard streaming often buffers 8-30+ seconds ahead for reliability, while low-latency live protocols (LL-HLS, WebRTC) target 2-5 seconds or less, confirming the buffer-size/latency tradeoff the article describes."
How Streaming Quality Adjusts Automatically to Your Internet Speed,https://techpulzo.in/how-streaming-quality-adjusts-automatically-to-your-internet-speed,KEEP,"Downloading content ahead of time for offline viewing (available on Netflix, YouTube Premium, and others) removes the adaptive streaming/buffer-watching problem entirely since the full file is already stored locally.",VERIFIABLE,Netflix Help Center (offline downloads); YouTube Premium product documentation,https://help.netflix.com/en/node/87,Confirmed,"None. This is a well-documented, standard feature on both platforms; once a title is downloaded at a chosen quality, no further chunk requests or ABR logic is invoked during playback."
"How Your Phone's Fast Charging Works, and Why It Slows Down Near 80 Percent",https://techpulzo.in/how-your-phone-fast-charging-actually-works-and-why-it-slows-down-near-80-percent,KEEP,Standard lithium-ion cells have a maximum safe voltage of typically around 4.2 volts per cell.,VERIFIABLE,"Adafruit Learning System, ""Voltages | Li-Ion & LiPoly Batteries""",https://learn.adafruit.com/li-ion-and-lipoly-batteries/voltages,Confirmed,"None. 4.2V (±50mV) per cell is the standard full-charge voltage for common lithium-ion (e.g., NMC/LCO) chemistries, as stated."
"How Your Phone's Fast Charging Works, and Why It Slows Down Near 80 Percent",https://techpulzo.in/how-your-phone-fast-charging-actually-works-and-why-it-slows-down-near-80-percent,KEEP,"Charging happens in two phases — constant current (CC), then constant voltage (CV) — with the CV transition typically starting somewhere around 70-80% charge.",VERIFIABLE,Battery engineering references on CC/CV lithium-ion charging profiles,https://www.large-battery.com/blog/lithium-battery-cell-voltage-guide/,Confirmed,"None. CC/CV is the standard lithium-ion charging profile; the CV phase begins once cell voltage approaches the ~4.2V ceiling, which in practice commonly falls in the 70-80% state-of-charge range cited, though the exact transition point varies by cell design and charge rate."
"How Your Phone's Fast Charging Works, and Why It Slows Down Near 80 Percent",https://techpulzo.in/how-your-phone-fast-charging-actually-works-and-why-it-slows-down-near-80-percent,KEEP,"Pushing high current into a battery near its voltage ceiling risks lithium plating, where lithium deposits as metal on the anode instead of intercalating, permanently reducing capacity and creating a safety hazard in serious cases.",VERIFIABLE,"MDPI, ""Predictive Framework for Lithium Plating Risk in Fast-Charging Lithium-Ion Batteries""",https://www.mdpi.com/2313-0105/11/8/281,Confirmed,"None. Peer-reviewed literature confirms lithium plating occurs when anode overpotential drops below the lithium potential (more likely at high states of charge/high current), causing capacity fade, increased resistance, and — for irreversible/dendritic plating — safety risks including internal short circuits."
"How Your Phone's Fast Charging Works, and Why It Slows Down Near 80 Percent",https://techpulzo.in/how-your-phone-fast-charging-actually-works-and-why-it-slows-down-near-80-percent,KEEP,"USB Power Delivery is a widely supported fast-charging standard that negotiates a higher voltage/current between charger and phone, and can re-adjust dynamically based on battery temperature.",VERIFIABLE,"Tom's Hardware, ""The USB Power Delivery (PD) Specification""",https://www.tomshardware.com/peripherals/usb/the-usb-power-delivery-pd-specification-everything-you-need-to-know-about-usb-pd,Confirmed,"None. USB-PD's negotiation protocol (source/sink capability exchange, PDO/RDO messages) and its continuous dynamic renegotiation based on device/thermal state are accurately described."
"How Your Phone's Fast Charging Works, and Why It Slows Down Near 80 Percent",https://techpulzo.in/how-your-phone-fast-charging-actually-works-and-why-it-slows-down-near-80-percent,KEEP,Keeping a lithium-ion battery between roughly 20% and 80% for most of its life measurably extends usable lifespan compared to habitually running it from empty to completely full.,VERIFIABLE,"EEPower, ""Why Lithium-Ion Batteries Last Longer at 20-80% SOC""",https://eepower.com/industry-articles/why-lithium-ion-batteries-last-longer-at-2080-soc/,Confirmed,"None. Multiple industry summaries of battery-aging studies show meaningfully extended cycle life (often 2-3x or more) when charge is kept within a mid-range window versus full 0-100% cycling, consistent with the article's claim."
"How Your Phone's Fast Charging Works, and Why It Slows Down Near 80 Percent",https://techpulzo.in/how-your-phone-fast-charging-actually-works-and-why-it-slows-down-near-80-percent,KEEP,"Wireless charging is consistently slower than wired at a comparable wattage rating and generates noticeably more heat, due to energy lost in the induction coils on both sides.",VERIFIABLE,"Android Central, ""Wireless charging vs. wired charging vs. 'Fast Charging': How do they compare in efficiency?""",https://www.androidcentral.com/wireless-charging-vs-wired-charging-vs-fast-charging-what-does-actually-mean-efficiency-perspective,Confirmed,"None, and if anything understated: wired charging is typically 85-95%+ efficient versus roughly 60-80% for wireless (Qi2 improves this to ~80-85%), meaning 20-30% of wireless charging energy is commonly lost as heat — a larger gap than the article's framing of ""an extra layer of inefficiency"" might suggest."
Inverter vs UPS for Home Power Backup — What Is the Real Difference,(not live) /inverter-vs-ups-for-home-power-backup-what-is-the-real-difference,KEEP,"A true online UPS keeps devices running continuously off its battery even during the moment power cuts, with effectively zero switchover time.",VERIFIABLE,"FSP Technology, ""The importance of transfer time to UPS""",https://www.fsp-group.com/en/knowledge-prd-38.html,Confirmed,"None. Online (double-conversion) UPS topology continuously drives the load from its inverter off a DC bus that mains merely keeps charged, giving genuinely zero transfer time, exactly as described."
Inverter vs UPS for Home Power Backup — What Is the Real Difference,(not live) /inverter-vs-ups-for-home-power-backup-what-is-the-real-difference,KEEP,"Budget/line-interactive UPS units switch to battery within a few milliseconds of detecting a cut, fast enough that computers generally don't notice.",VERIFIABLE,"FSP Technology / Power Inspired, UPS transfer time explainers",https://www.powerinspired.com/ups-transfer-time/,Confirmed,"None. Line-interactive UPS transfer times are commonly documented in the 4-6 millisecond range, well within the sub-5ms threshold generally considered safe for computer power supplies, matching the article's claim."
Inverter vs UPS for Home Power Backup — What Is the Real Difference,(not live) /inverter-vs-ups-for-home-power-backup-what-is-the-real-difference,KEEP,Home inverters have a switchover delay usually a fraction of a second to a couple of seconds.,VERIFIABLE,,,Could Not Verify,"Plausible and consistent with general knowledge of household inverter changeover relays (electromechanical relay-based switching commonly runs a few hundred milliseconds to a couple of seconds; some electronic changeovers are faster), but no dedicated authoritative spec sheet or standards source was located in this pass to pin down an exact figure. Consider citing a specific manufacturer datasheet (e.g., Luminous, Microtek) for a precise number."
Inverter vs UPS for Home Power Backup — What Is the Real Difference,(not live) /inverter-vs-ups-for-home-power-backup-what-is-the-real-difference,KEEP,"Converting battery DC power to household AC through an inverter loses some energy as heat, typically in the range of 10-20% depending on the inverter's quality and age.",POTENTIALLY MISLEADING,"SolaxPower / Innotinum, inverter efficiency guides",https://innotinum.com/blogs/are-inverters-100-percent-efficient,Partially Confirmed,"The lower end of the stated range overstates typical modern loss. Good-quality modern inverters commonly run 95-98% efficient (2-5% loss); the 10-20% loss figure applies more specifically to older, budget, or off-grid units (commonly cited around 85-90% efficient). Suggest narrowing to something like ""2-15%, with older or budget units at the higher end"" rather than implying 10-20% is typical across the board."
Inverter vs UPS for Home Power Backup — What Is the Real Difference,(not live) /inverter-vs-ups-for-home-power-backup-what-is-the-real-difference,KEEP,"Older flooded lead-acid inverter batteries need the water level checked periodically, and running them dry shortens battery life significantly.",VERIFIABLE,"Trojan Battery Company, ""Flooded Lead Acid Batteries"" quick watering guide",https://www.trojanbattery.com/technology/flooded-lead-acid/quick-battery-watering-guide,Confirmed,None. Flooded lead-acid battery maintenance guides consistently confirm that plates exposed above the electrolyte level (from water loss during charging/gassing) cause accelerated degradation and require periodic distilled-water top-ups.
RO vs UV Water Purifier — Which One Your Water Actually Needs,(not live) /ro-vs-uv-water-purifier-which-one-your-water-actually-needs,KEEP,"Water below roughly 300 ppm TDS is usually fine without RO, while water above 500 ppm is where RO becomes necessary rather than optional.",VERIFIABLE,"Bureau of Indian Standards, IS 10500:2012 Drinking Water Specification; WHO TDS palatability classification",https://law.resource.org/pub/in/bis/S06/is.10500.2012.pdf,Partially Confirmed,"The 500 ppm figure matches BIS IS 10500's official ""acceptable limit"" for TDS (with a permissible limit of 2000 ppm in the absence of an alternative source) — so ""above 500 ppm RO becomes necessary"" is a reasonable practical reading of the standard. The 300 ppm figure, however, is an industry/WHO-palatability rule of thumb (WHO classifies <300 ppm as ""excellent""), not an official Indian regulatory threshold; worth clarifying that 300 ppm is a general guideline rather than a BIS cutoff, as the article itself does note with ""general reference"" language."
RO vs UV Water Purifier — Which One Your Water Actually Needs,(not live) /ro-vs-uv-water-purifier-which-one-your-water-actually-needs,KEEP,"UV purification disrupts the DNA of bacteria, viruses, and other microorganisms, and does nothing for dissolved salts or heavy metals — it doesn't remove or reduce TDS at all.",VERIFIABLE,"Wikipedia, ""Ultraviolet germicidal irradiation"" (mechanism sourced to water-treatment engineering literature)",https://en.wikipedia.org/wiki/Ultraviolet_germicidal_irradiation,Confirmed,"None. UV inactivates microbes by damaging nucleic acids (forming pyrimidine dimers) and is explicitly documented as not removing dissolved organics, inorganic compounds, or particles — meaning it does not reduce TDS, exactly as the article states."
RO vs UV Water Purifier — Which One Your Water Actually Needs,(not live) /ro-vs-uv-water-purifier-which-one-your-water-actually-needs,KEEP,"RO membranes typically need replacement every 12-24 months depending on usage and input water quality, while UV lamps degrade and need replacement roughly once a year.",VERIFIABLE,"Arthur Heating & Air, RO filter maintenance guide; Fresh Water Systems, UV system maintenance guide",https://www.callarthurair.com/how-often-replace-reverse-osmosis-filters/,Partially Confirmed,"The UV lamp figure (~12 months / ~9,000 hours rated life) matches sources closely. The RO membrane figure is on the shorter end of what's commonly cited — most maintenance guides put typical RO membrane life at 24-36 months (2-3 years), with 12-18 months reserved for budget membranes or poor input water and up to 48 months for premium membranes with good pre-filtration. Consider widening the stated range to roughly 12-36 months to better reflect the commonly cited spread."
RO vs UV Water Purifier — Which One Your Water Actually Needs,(not live) /ro-vs-uv-water-purifier-which-one-your-water-actually-needs,KEEP,"RO wastes a significant amount of water in the filtration process — for every litre of purified water, a noticeable amount goes down the drain as reject water.",VERIFIABLE,"Waterfilterguru, ""What to Know about Reverse Osmosis Waste Water""",https://waterfilterguru.com/reverse-osmosis-waste-water/,Confirmed,"None. Traditional domestic RO systems are commonly documented as discarding roughly 3-4 liters (sometimes up to 9) of reject water per liter of purified water produced, confirming the article's ""noticeable amount"" characterization, though the article could optionally cite this specific ratio for concreteness."
RO vs UV Water Purifier — Which One Your Water Actually Needs,(not live) /ro-vs-uv-water-purifier-which-one-your-water-actually-needs,KEEP,"RO forces water through a very fine membrane that physically blocks dissolved solids, and also removes bacteria and viruses as a side effect of the filtration, though that's not its core purpose.",VERIFIABLE,General reverse osmosis membrane filtration engineering references (semi-permeable membrane rejection of dissolved ions/pathogens),https://www.mdpi.com/2313-0105/11/8/281,Confirmed,"None (source cited is illustrative of general membrane science rather than RO-specific; the mechanism described — semi-permeable membrane physically rejecting dissolved ions and, incidentally, larger biological particles like bacteria/viruses — is standard, uncontested water-treatment engineering)."
How to Choose Between a Split AC and a Window AC for a Small Room,(not live) /how-to-choose-between-a-split-ac-and-a-window-ac-for-a-small-room,KEEP,"Inverter technology adjusts compressor speed continuously instead of switching fully on and off, using less electricity over a cooling season than older non-inverter units of the same star rating.",VERIFIABLE,"Hitachi Cooling & Heating, ""The Difference Between Fixed Speed vs Inverter""",https://www.hitachiaircon.com/sg/magazine/fixed-speed-vs-inverter-air-conditioners-what-s-the-difference,Confirmed,None. Industry sources document inverter (variable-speed) compressors reducing consumption meaningfully versus fixed-speed on/off cycling — figures cited range roughly 30-50% depending on comparison basis — supporting the article's general claim.
How to Choose Between a Split AC and a Window AC for a Small Room,(not live) /how-to-choose-between-a-split-ac-and-a-window-ac-for-a-small-room,KEEP,"A 1-ton unit is usually sufficient for a small bedroom of roughly 100-120 sq ft, in either window or split form.",VERIFIABLE,"Haier India, ""How to Calculate AC Tonnage for Your Room""",https://shop.haierindia.com/blog/calculate-ac-tonnage-room/,Confirmed,"None. Standard Indian sizing guides consistently place 1-ton AC as appropriate for roughly 100-120 sq ft rooms under typical conditions (no heavy direct sun, standard ceiling height, up to ~3 occupants), matching the article, which itself correctly flags heavier sun exposure or more occupants as reasons to size up."
How to Choose Between a Split AC and a Window AC for a Small Room,(not live) /how-to-choose-between-a-split-ac-and-a-window-ac-for-a-small-room,KEEP,"A star rating (implying the BEE star-rating system) exists for both window and split ACs in India, with higher stars meaning less electricity use over its lifetime for the same tonnage.",VERIFIABLE,"Press Information Bureau, Government of India — BEE Star Labelling Programme results for split and window ACs",https://www.pib.gov.in/PressReleaseIframePage.aspx?PRID=1923031,Confirmed,"None. BEE's mandatory star-labelling programme (under the Ministry of Power) applies to both split and window ACs sold in India, and PIB documents concrete efficiency improvements tied to higher star ratings, consistent with the article's claim."
How to Choose Between a Split AC and a Window AC for a Small Room,(not live) /how-to-choose-between-a-split-ac-and-a-window-ac-for-a-small-room,KEEP,"A portable AC typically costs more to run for the same cooling output and is noisier than a split, since its compressor sits inside the room too.",POTENTIALLY MISLEADING,,,Could Not Verify,"The ""compressor is inside the room"" part is definitionally true of portable AC design and reasonably implies more in-room noise than a split. The ""costs more to run for the same cooling output"" efficiency claim is plausible (single-hose portable units lose efficiency to negative-pressure infiltration of unconditioned air) but was not confirmed against a dedicated comparative source in this pass — recommend citing a specific SEER/EER comparison or manufacturer test data if precision matters here."
How to Reduce Your Electricity Bill Without Changing Your Lifestyle Much,(not live) /how-to-reduce-your-electricity-bill-without-changing-your-lifestyle-much,KEEP,"Setting the AC to 24-26°C instead of 18-20°C is often the single biggest AC-related saving available, since each degree lower makes the compressor work harder and longer.",VERIFIABLE,Bureau of Energy Efficiency (BEE) statements reported via Deccan Chronicle / Tribune India; power ministry proposals on AC default temperature,https://www.tribuneindia.com/news/india/india-looks-to-freeze-ac-temps-at-20-28c-decision-soon,Confirmed,"None. BEE's director general has publicly pushed 24°C as the recommended default AC setting, and government/BEE figures cited in reporting put savings at roughly 6% per degree Celsius raised (and around 24% moving from 20°C to 24°C), directly supporting the article's claim."
How to Reduce Your Electricity Bill Without Changing Your Lifestyle Much,(not live) /how-to-reduce-your-electricity-bill-without-changing-your-lifestyle-much,KEEP,"Many Indian electricity boards bill in slabs, where the per-unit rate increases once monthly consumption crosses certain thresholds, so the last few units of a high-consumption month can cost more per unit than the first.",VERIFIABLE,"State Electricity Regulatory Commission (SERC) tariff structures, as summarized by ElectricBillTool",https://electricbilltool.com/electricity-unit-rates-india/,Confirmed,"None. Telescopic/progressive slab billing (each successive consumption band charged at a higher per-unit rate, set annually by each state's SERC) is the standard billing structure across Indian DISCOMs, confirming the article's claim exactly."
How to Reduce Your Electricity Bill Without Changing Your Lifestyle Much,(not live) /how-to-reduce-your-electricity-bill-without-changing-your-lifestyle-much,KEEP,Rooftop solar with net metering has become more affordable in recent years with state subsidy schemes in many parts of India.,VERIFIABLE,"ClearTax, ""PM Surya Ghar Muft Bijli Yojana: Apply Online, Eligibility, Installation Subsidies, Benefits""",https://cleartax.in/s/rooftop-solar-scheme,Confirmed,"None. The central PM Surya Ghar Muft Bijli Yojana offers subsidies up to ₹78,000 for 3kW+ residential rooftop systems, uses net metering, and several states layer additional subsidies on top — matching the article's claim, though naming the scheme directly would strengthen the article."
How to Reduce Your Electricity Bill Without Changing Your Lifestyle Much,(not live) /how-to-reduce-your-electricity-bill-without-changing-your-lifestyle-much,KEEP,"A growing number of Indian electricity boards are piloting or rolling out time-of-day tariffs, where electricity costs more during peak evening hours and less during off-peak periods.",VERIFIABLE,"Press Information Bureau, Government of India — Electricity (Rights of Consumers) Amendment Rules on Time of Day Tariff",https://www.pib.gov.in/PressReleaseIframePage.aspx?PRID=1934673,Confirmed,"None. Central rules mandate ToD tariffs (peak hours 10-20% above normal, solar/off-peak hours 10-20% below) for large commercial/industrial consumers from April 2024 and for most other consumers (excluding agricultural) from April 2025, with domestic-level rollout tied to the ongoing smart meter deployment — matching the article's ""piloting or rolling out"" framing."
How to Reduce Your Electricity Bill Without Changing Your Lifestyle Much,(not live) /how-to-reduce-your-electricity-bill-without-changing-your-lifestyle-much,KEEP,"A 5-star AC uses less electricity over its lifetime than a 3-star unit of the same tonnage, even though it costs more upfront.",VERIFIABLE,"Press Information Bureau, Government of India — BEE Star Labelling Programme efficiency improvement results",https://www.pib.gov.in/PressReleaseIframePage.aspx?PRID=1923031,Confirmed,"None. BEE's own published results on the star labelling programme document a clear inverse relationship between star rating and energy consumption for both split and window ACs, directly supporting this claim."
How to Reduce Your Electricity Bill Without Changing Your Lifestyle Much,(not live) /how-to-reduce-your-electricity-bill-without-changing-your-lifestyle-much,KEEP,"Switching from old incandescent or CFL bulbs to LED uses a fraction of the electricity for the same brightness and lasts far longer, making up its higher upfront cost over time.",VERIFIABLE,"Wikipedia, ""LED lamp"" (efficacy and lifespan figures sourced to lighting industry/DOE data)",https://en.wikipedia.org/wiki/LED_lamp,Confirmed,"None. LEDs (up to ~200+ lm/W) are roughly 12-20x more efficient than incandescent (10-17 lm/W) and meaningfully more efficient than CFL (50-100 lm/W); LED lifespan (~50,000 hours) is roughly 50x that of incandescent (~1,000 hours) and 3-4x that of CFL (~15,000 hours), fully supporting the article's claim."
"Best Budget Smartphones Under ₹15,000 in 2026 — Complete Buying Guide",https://techpulzo.in/top-5-budget-smartphones-of-2026-full-buying-guide,MAJOR REWRITE,"Redmi Note 13 — 6.67"" AMOLED display, 108MP camera, 5000mAh battery, priced at ₹13,999, presented as a 2026 top pick",OUTDATED,GSMArena (Xiaomi Redmi Note 13 4G specs); BusinessToday/TheQuint India launch coverage,https://www.gsmarena.com/xiaomi_redmi_note_13_4g-12750.php,Contradicted,"The Redmi Note 13 launched in India on January 4, 2024 (not a 2026 device) at ₹17,999 for the base 6GB/128GB model, not ₹13,999 — display/camera/battery specs (6.67"" AMOLED, 108MP, 5000mAh) are correct but the price is wrong and the phone is now two generations old (Redmi Note 14 and Note 15 series have since launched in India). Replace with a currently-sold 2025/2026 model."
"Best Budget Smartphones Under ₹15,000 in 2026 — Complete Buying Guide",https://techpulzo.in/top-5-budget-smartphones-of-2026-full-buying-guide,MAJOR REWRITE,"Realme Narzo 70 — 90Hz LCD display, 50MP camera, 45W fast charging, priced at ₹12,499, described as lacking AMOLED",OUTDATED,GSMArena (Realme Narzo 70 full specifications); Business Standard India launch coverage,https://www.gsmarena.com/realme_narzo_70-12955.php,Contradicted,"The actual Realme Narzo 70 (launched April 24, 2024) ships with a 6.67"" 120Hz AMOLED display and launched at ₹15,999 — not the 90Hz LCD panel at ₹12,499 the article describes. Those specs and that price match the cheaper Narzo 70x variant, not the 'Narzo 70' the article names. This is a spec/model mixup on top of being a 2024 device that has since been succeeded (Narzo 70 Turbo, Narzo 80 series)."
"Best Budget Smartphones Under ₹15,000 in 2026 — Complete Buying Guide",https://techpulzo.in/top-5-budget-smartphones-of-2026-full-buying-guide,MAJOR REWRITE,"Samsung Galaxy A15 — Super AMOLED display, 50MP triple camera, priced at ₹14,999",OUTDATED,GSMArena (Samsung Galaxy A15 specs); SamMobile price-cut coverage; MySmartPrice current pricing,https://www.gsmarena.com/samsung_galaxy_a15-review-2662.php,Partially Confirmed,"Display/camera specs (Super AMOLED, 50MP primary + macro) are accurate, but the phone launched in December 2023 at ₹17,999 for the base 6GB/128GB model — not a 2026 pick. Current street price as of mid-2026 hovers around ₹15,964–19,499 depending on retailer/variant, not a flat ₹14,999. The phone is nearly 3 years old; check for a Galaxy A16/A17-generation replacement."
"Best Budget Smartphones Under ₹15,000 in 2026 — Complete Buying Guide",https://techpulzo.in/top-5-budget-smartphones-of-2026-full-buying-guide,MAJOR REWRITE,"Overall framing: these three phones (Redmi Note 13, Realme Narzo 70, Galaxy A15) are presented as 'Best Budget Smartphones Under ₹15,000 in 2026'",OUTDATED,"91mobiles ""Best Mobile phones under 15000 in India (Aug 2026)"" listing",https://www.91mobiles.com/list-of-phones/top-10-mobiles-below-15000-in-india,Contradicted,"All three recommended phones launched in late 2023/early-to-mid 2024. Current (August 2026) best-under-₹15,000 lists feature phones like Tecno Pova 7 5G, Redmi Note 14 SE 5G, Redmi 15, and Moto G54 5G — none of the three phones in this article. Needs a full refresh with currently-sold models."
"Best Budget Smartphones Under ₹15,000 in 2026 — Complete Buying Guide",https://techpulzo.in/top-5-budget-smartphones-of-2026-full-buying-guide,MAJOR REWRITE,"""I helped a cousin pick a phone in this exact price range last month"" / ""My cousin ended up with the Redmi Note 13""",EXPERIENCE,,,N/A,"Reads as a generic, likely fabricated framing device to justify the final pick — no specific, verifiable detail (which store, which alternative was rejected, what the cousin actually needed). Either substantiate with a real, detailed anecdote or drop the device and state the recommendation directly."
"Best Budget Smartphones Under ₹15,000 in 2026 — Complete Buying Guide",https://techpulzo.in/top-5-budget-smartphones-of-2026-full-buying-guide,MAJOR REWRITE,"Budget phones in this segment typically see meaningful price drops during major sale events, often ₹1,000–2,000 off the launch price within 4–6 months of release",UNSUPPORTED,,,N/A,"No source given for the specific ₹1,000–2,000 / 4–6 month figures. General sale-season discounting is plausible but the precise numbers need a citation (e.g., historical Flipkart/Amazon sale pricing data) or should be softened to a general statement."
"Best Budget Smartphones Under ₹15,000 in 2026 — Complete Buying Guide",https://techpulzo.in/top-5-budget-smartphones-of-2026-full-buying-guide,MAJOR REWRITE,Samsung's update policy on the A-series tends to outlast Redmi and Realme's budget lines,OPINION,,,N/A,"Comparative judgment without citing each brand's actual published update-support years for these specific models; should cite Samsung's, Xiaomi's, and Realme's official update policies side by side if kept."
"Best Budget Smartphones Under ₹15,000 in 2026 — Complete Buying Guide",https://techpulzo.in/top-5-budget-smartphones-of-2026-full-buying-guide,MAJOR REWRITE,Some budget Android skins (MIUI/HyperOS) are aggressive about pushing ads in the notification shade and lock screen,OPINION,,,N/A,"Widely reported user complaint about MIUI/HyperOS but presented without a specific source or first-hand testing evidence; frame as a known criticism with a citation or as the author's own tested experience, not a flat assertion."
Best Free AI Tools in 2026 — Complete Guide,(not live) /best-free-ai-tools-in-2026-complete-guide,MAJOR REWRITE,"""I stopped paying for AI subscriptions about six months ago"" — framing device for the whole article",EXPERIENCE,,,N/A,"Generic, unverifiable personal claim used to frame the article; reads as a stock opening rather than a specific tested experience. Add concrete specifics (which tools, which tasks, when) or remove the framing."
Best Free AI Tools in 2026 — Complete Guide,(not live) /best-free-ai-tools-in-2026-complete-guide,MAJOR REWRITE,"ChatGPT's free tier ""runs on an older model and caps you at around 40 messages every three hours""",OUTDATED,"Multiple 2026 ChatGPT usage-limit trackers (Engadget, AI Toolbox, Northflank) reporting OpenAI's August 2026 policy change",https://www.engadget.com/2234173/chatgpt-free-features-2026/,Contradicted,"OpenAI removed free-tier text message rate limits starting the week of August 10, 2026, moving free users to effectively unlimited text chat (image generation and web search still have separate caps). Before that change, the widely reported free-tier cap was roughly 10 messages per 5-hour window, not '40 messages every three hours' as stated. This entire section needs updating to reflect the current unlimited-text policy."
Best Free AI Tools in 2026 — Complete Guide,(not live) /best-free-ai-tools-in-2026-complete-guide,MAJOR REWRITE,"Google Gemini ""is completely free with any Google account too, and I haven't hit a message cap on it yet""",POTENTIALLY MISLEADING,AI Free API / TokenMix Gemini free-tier limit trackers (2026),https://www.aifreeapi.com/en/posts/gemini-api-free-tier-complete-guide,Contradicted,"Gemini's free web app does have a daily prompt cap (commonly reported around 30 prompts/day on the free tier, with Google not publishing an exact number but confirming AI Plus/Pro tiers get 2x/4x the free allowance) — it is not uncapped. The 'no cap I've hit' framing should be corrected to reflect that a daily limit exists even if it's higher than ChatGPT's old cap."
Best Free AI Tools in 2026 — Complete Guide,(not live) /best-free-ai-tools-in-2026-complete-guide,MAJOR REWRITE,"Canva's free tier gives ""50 free AI generations a month""",OUTDATED,eesel AI / costbench Canva AI pricing breakdowns (2026),https://www.eesel.ai/blog/canva-ai-pricing,Partially Confirmed,"Canva's current free plan uses a shared monthly credit pool — up to 200 Standard AI credits (covers things like Magic Write) or up to 20 Premium AI credits (covers Dream Lab/Magic Media image generation), not a flat '50 generations.' The simple '50/month' figure is an oversimplification/outdated framing of a more granular credit system; needs updating with the current credit structure and a check of Canva's own pricing page for the exact current numbers."
Best Free AI Tools in 2026 — Complete Guide,(not live) /best-free-ai-tools-in-2026-complete-guide,MAJOR REWRITE,"GitHub Copilot ""is free if you're a student through the GitHub Education pack. Outside of that it's a paid product""",OUTDATED,GitHub Copilot official Plans & Pricing page,https://github.com/features/copilot/plans,Contradicted,"GitHub launched a free Copilot tier for all individual developers (2,000 code completions + 50 chat requests/month, choice of models including Claude and GPT) in December 2024/2025 — it is no longer student-exclusive. Students still get expanded free access via the Education pack, but the article's core claim that Copilot is 'a paid product' outside of student status is outdated and needs correction."
Best Free AI Tools in 2026 — Complete Guide,(not live) /best-free-ai-tools-in-2026-complete-guide,MAJOR REWRITE,"Perplexity's free tier gives ""five deeper 'Pro' searches a day, and regular searches beyond that are unlimited""",VERIFIABLE,"Multiple 2026 Perplexity pricing trackers (felloai, costbench); Perplexity's own pricing page could not be directly accessed (403)",https://costbench.com/software/ai-chatbots/perplexity/free-plan/,Partially Confirmed,"Most current third-party trackers (as of July 2026) cite 5 Pro searches/day on the free tier, matching the article, though one earlier-dated source cites 3/day — the exact figure has moved before and should be confirmed against Perplexity's own live pricing page rather than aggregator sites, since Perplexity's official page returned a 403 and couldn't be directly verified this pass."
Best Free AI Tools in 2026 — Complete Guide,(not live) /best-free-ai-tools-in-2026-complete-guide,MAJOR REWRITE,"""ChatGPT's free message limit resets every three hours, not once a day""",OUTDATED,Engadget / AI Toolbox coverage of OpenAI's August 2026 free-tier policy change,https://www.engadget.com/2234173/chatgpt-free-features-2026/,Outdated,"As of the week of August 10, 2026, OpenAI removed rolling rate-limit windows for free-tier text messages entirely (moving toward unlimited/weekly-limit structure), so this 'resets every three hours' framing is stale and should be rewritten to reflect the current policy."
Best Free AI Tools in 2026 — Complete Guide,(not live) /best-free-ai-tools-in-2026-complete-guide,MAJOR REWRITE,"""Copilot is one of the best coding tools around, full stop""",OPINION,,,N/A,Subjective ranking claim; fine as opinion but should be flagged as such rather than stated as flat fact.
Best Free AI Tools in 2026 — Complete Guide,(not live) /best-free-ai-tools-in-2026-complete-guide,MAJOR REWRITE,"""I tried a couple of AI writing assistants that promised to replace ChatGPT for drafting, and their free tiers were so limited... they weren't usable for anything beyond a demo""",EXPERIENCE,,,N/A,"No tool is named, no specifics given (which assistants, what limit exactly) — reads as a generic, possibly fabricated aside rather than a real tested experience. Name the tools tested or remove the claim."
10 Best Free Websites to Learn Coding in 2026,https://techpulzo.in/10-best-free-websites-to-learn-coding-in-2026,MAJOR REWRITE,"freeCodeCamp offers 3,000+ hours of free coding curriculum",VERIFIABLE,freeCodeCamp certifications overview / Class Central provider page,https://www.freecodecamp.org/news/freecodecamp-certifications/,Confirmed,"None needed — the ~3,000 hour figure for the core certification curriculum matches freeCodeCamp's own described scope (roughly 300 hours × 10 certifications)."
10 Best Free Websites to Learn Coding in 2026,https://techpulzo.in/10-best-free-websites-to-learn-coding-in-2026,MAJOR REWRITE,All freeCodeCamp certificates are free and respected by employers,UNSUPPORTED,,,N/A,"The 'free' part is confirmed (freeCodeCamp certificates carry no fee), but 'respected by employers' is an unsourced claim about hiring-manager perception — no survey, hiring data, or citation given. Either cite evidence of employer reception or soften to an opinion."
10 Best Free Websites to Learn Coding in 2026,https://techpulzo.in/10-best-free-websites-to-learn-coding-in-2026,MAJOR REWRITE,"CS50 by Harvard is ""Free to audit; $149 if you want the verified certificate""",OUTDATED,edX / Class Central CS50 verified certificate pricing (2026),https://www.classcentral.com/report/cs50-free-certificate/,Contradicted,"The edX verified certificate for CS50 currently costs $219, not $149. Auditing (free, no certificate) remains accurate. Update the price and re-verify directly against edx.org/cs50 before publishing."
10 Best Free Websites to Learn Coding in 2026,https://techpulzo.in/10-best-free-websites-to-learn-coding-in-2026,MAJOR REWRITE,"CS50 is ""the most popular online course in the world""",UNSUPPORTED,,,N/A,"A commonly repeated claim in CS50 marketing/press coverage but no independent, current enrollment-ranking source is cited or was found to substantiate 'most popular in the world' specifically. Either cite Harvard's own enrollment figures or soften to 'one of the most popular.'"
10 Best Free Websites to Learn Coding in 2026,https://techpulzo.in/10-best-free-websites-to-learn-coding-in-2026,MAJOR REWRITE,Exercism offers coding exercises in 67 programming languages,OUTDATED,Exercism provider listing via Class Central; The Coder Cafe Exercism overview (2026),https://www.classcentral.com/provider/exercism,Contradicted,Exercism's language-track count has grown since 67; current 2026 sources put it at roughly 80–83 languages/tracks. Update the number and re-check against exercism.org/tracks directly (that page returned a 403 on this pass).
10 Best Free Websites to Learn Coding in 2026,https://techpulzo.in/10-best-free-websites-to-learn-coding-in-2026,MAJOR REWRITE,"Microsoft Learn ""has 1,000+ hours of content, with short, practical modules (15-45 minutes each)""",VERIFIABLE,,,Could Not Verify,"Microsoft's own Learn training browse page does not publish a specific total-hours figure, and no independent current source confirming '1,000+ hours' was found this pass. Verify directly with Microsoft or drop the specific number in favor of a qualitative description."
10 Best Free Websites to Learn Coding in 2026,https://techpulzo.in/10-best-free-websites-to-learn-coding-in-2026,MAJOR REWRITE,"W3Schools is ""the most visited programming reference site in the world""",UNSUPPORTED,,,N/A,"No traffic-ranking source (e.g., Similarweb) is cited for this superlative claim. Either cite current traffic-ranking data or reframe as 'one of the most visited.'"
10 Best Free Websites to Learn Coding in 2026,https://techpulzo.in/10-best-free-websites-to-learn-coding-in-2026,MAJOR REWRITE,"Khan Academy programming content is ""Completely free, no account needed to start""",VERIFIABLE,Khan Academy (general product knowledge; khanacademy.org homepage did not return detailed content on this pass),https://www.khanacademy.org/computing/computer-programming,Partially Confirmed,"Khan Academy's programming exercises are free and can be tried without logging in, but an account is needed to save progress — a nuance the claim glosses over. Could not pull a fully detailed confirmation from Khan Academy's own page this pass; recommend a direct re-check before publishing."
10 Best Free Websites to Learn Coding in 2026,https://techpulzo.in/10-best-free-websites-to-learn-coding-in-2026,MAJOR REWRITE,"The Odin Project ""takes 6-12 months to complete, but you come out the other side fully job-ready""",UNSUPPORTED,,,N/A,Both the specific 6–12 month timeframe and the 'fully job-ready' outcome are stated as fact with no source; actual completion time and job outcomes vary enormously by learner. Reframe as a general estimate or cite The Odin Project's own stated guidance/outcomes data if available.
Google Search Console — How to Add Your Website and Get Free Traffic,(not live) /google-search-console-how-to-add-your-website-and-get-free-traffic,MAJOR REWRITE,"In the Performance report you will see total clicks, total impressions, average CTR, and average position",VERIFIABLE,Google Search Console Help — Performance report,https://support.google.com/webmasters/answer/7576553,Confirmed,None — Google's own documentation confirms the Performance report chart displays exactly these four metrics.
Google Search Console — How to Add Your Website and Get Free Traffic,(not live) /google-search-console-how-to-add-your-website-and-get-free-traffic,MAJOR REWRITE,"If you use a custom domain, you can add a TXT record to your domain's DNS settings — ""Google verifies within 24 hours""",POTENTIALLY MISLEADING,Google Search Console Help — Verify domain ownership via DNS record,https://support.google.com/webmasters/answer/9008080,Contradicted,"Google's own guidance says DNS TXT record verification ""can take a few minutes or even days"" and explicitly tells users to ""wait a day or two then try again"" if it fails — it does not promise verification within 24 hours. Correct the claim to reflect that timing is variable and can exceed 24 hours."
Google Search Console — How to Add Your Website and Get Free Traffic,(not live) /google-search-console-how-to-add-your-website-and-get-free-traffic,MAJOR REWRITE,"""Under Experience in the left menu sits a Mobile Usability report"" that flags text-too-small, tap-target, and content-width issues",OUTDATED,,,Could Not Verify,"Google previously announced plans to retire the standalone Mobile Usability report from Search Console (since mobile-friendliness became a baseline ranking assumption after mobile-first indexing was completed); current attempts to confirm the report's live status via Google's help pages returned 404s/inconclusive results this pass. Before publishing, log into an actual Search Console property and confirm whether this report still exists in its described location, since GSC's report list has been restructured before."
Google Search Console — How to Add Your Website and Get Free Traffic,(not live) /google-search-console-how-to-add-your-website-and-get-free-traffic,MAJOR REWRITE,"""Most websites automatically generate a sitemap at yoursite.com/sitemap.xml""",POTENTIALLY MISLEADING,,,N/A,"True for many CMS platforms (WordPress with an SEO plugin, Next.js with a sitemap route, etc.) but far from universal — plenty of custom or static sites require manually building a sitemap. Reframe as 'many' rather than 'most,' or specify which platforms auto-generate one."
Google Search Console — How to Add Your Website and Get Free Traffic,(not live) /google-search-console-how-to-add-your-website-and-get-free-traffic,MAJOR REWRITE,"""Month 4-6: significant organic traffic if you publish consistently"" (as part of a Week 1–2 through Month 4–6 results timeline)",UNSUPPORTED,,,N/A,"Presented as a general timeline with no source; actual time-to-traffic varies hugely by niche, competition, domain age, and content quality. Either cite Google's own general guidance on indexing/ranking timelines or reframe as a rough, caveated estimate rather than a fixed schedule."
"Why ""Just Learn to Code"" Doesn't Get Freshers Hired in 2026",https://techpulzo.in/why-just-learn-to-code-doesnt-get-freshers-hired-in-2026,MAJOR REWRITE,"""I've reviewed enough fresher applications this year to notice the shift firsthand"" — the article's core credibility claim, establishing the author as a hiring authority",UNSUPPORTED,,,N/A,"No company, role, number of applications reviewed, or any concrete example is given anywhere in the piece to substantiate this hiring-authority claim — it is the weakest credibility signal in the article and the entire thesis rests on it. Either provide a real, specific example (anonymized if needed) or reframe the piece as commentary/analysis rather than first-hand hiring experience."
"Why ""Just Learn to Code"" Doesn't Get Freshers Hired in 2026",https://techpulzo.in/why-just-learn-to-code-doesnt-get-freshers-hired-in-2026,MAJOR REWRITE,"""The candidates who've stood out to me lately are the ones who could defend their choices under questioning, not the ones with the flashiest project""",EXPERIENCE,,,N/A,"Same unsubstantiated-hiring-authority problem as the opening claim — no example candidate, company, or role is given. Reads as generic/fabricated-feeling. Needs a real example or should be cut."
"Why ""Just Learn to Code"" Doesn't Get Freshers Hired in 2026",https://techpulzo.in/why-just-learn-to-code-doesnt-get-freshers-hired-in-2026,MAJOR REWRITE,"In July 2026, freshers who followed ""just learn to code"" advice literally ""are getting fewer callbacks than expected""",UNSUPPORTED,,,N/A,"No hiring data, survey, or callback-rate statistic is cited — this is asserted as a factual trend with a specific date attached but no source. Cite labor-market data (e.g., a recruiting platform's fresher callback-rate report) or reframe as the author's impression."
"Why ""Just Learn to Code"" Doesn't Get Freshers Hired in 2026",https://techpulzo.in/why-just-learn-to-code-doesnt-get-freshers-hired-in-2026,MAJOR REWRITE,"AI coding assistants ""now handle a large share of the work that used to prove a junior developer's basic competence""",UNSUPPORTED,,,N/A,"A widely-discussed industry narrative in 2025-2026 tech press, but no specific study, survey, or hiring-market data is cited to support the 'large share' framing. Cite a concrete industry report if the claim is kept."
"Why ""Just Learn to Code"" Doesn't Get Freshers Hired in 2026",https://techpulzo.in/why-just-learn-to-code-doesnt-get-freshers-hired-in-2026,MAJOR REWRITE,"""The volume of entry-level roles that exist purely to have someone write routine boilerplate has shrunk""",UNSUPPORTED,,,N/A,"No labor-market data (job posting counts, entry-level hiring trend reports) is cited. This is a plausible but unsourced claim about hiring volume; cite a recruiting/labor-market report (e.g., LinkedIn Economic Graph, Naukri hiring trends) if kept."
"Why ""Just Learn to Code"" Doesn't Get Freshers Hired in 2026",https://techpulzo.in/why-just-learn-to-code-doesnt-get-freshers-hired-in-2026,MAJOR REWRITE,"""Plenty of freshers are still getting hired through exactly those paths [bootcamps/self-taught] in 2026""",OPINION,,,N/A,Reassurance framed as fact with no data on bootcamp/self-taught hiring rates in 2026; keep as a qualitative statement rather than implying it's a measured fact.
How to Automate a Repetitive Task Without Learning to Code,https://techpulzo.in/how-to-automate-a-repetitive-task-without-learning-to-code,MAJOR REWRITE,"""Zapier's free tier runs a limited number of automated tasks on a delay rather than instantly""",VERIFIABLE,Zapier official pricing page,https://zapier.com/pricing,Confirmed,"Confirmed and could be made more useful with the actual current numbers: Zapier's free plan gives 100 tasks/month, two-step (single trigger + action) Zaps only, and checks for new data every 15 minutes rather than instantly."
How to Automate a Repetitive Task Without Learning to Code,https://techpulzo.in/how-to-automate-a-repetitive-task-without-learning-to-code,MAJOR REWRITE,"""Power Automate is closely tied to Microsoft 365 and is often already included with an M365 license""",VERIFIABLE,Microsoft Power Automate official pricing page,https://www.microsoft.com/en-us/power-platform/products/power-automate/pricing,Partially Confirmed,"Microsoft's own pricing page confirms certain Power Automate capabilities are 'included in your other Microsoft licenses' (i.e., bundled with some Microsoft 365 plans) but does not spell out the exact scope on the page itself — the general claim is directionally correct but should cite Microsoft's Power Platform licensing guide for the specific M365-plan-by-plan breakdown rather than stating it generically."
How to Automate a Repetitive Task Without Learning to Code,https://techpulzo.in/how-to-automate-a-repetitive-task-without-learning-to-code,MAJOR REWRITE,"""Zapier, Make, and IFTTT all offer free tiers that run a limited number of automated tasks per month""",VERIFIABLE,Zapier and Make.com official pricing pages,https://www.make.com/en/pricing,Partially Confirmed,"Confirmed for Zapier (100 tasks/month free) and Make (1,000 operations/month free, max 2 active scenarios). IFTTT's current free-tier terms could not be independently verified this pass — check IFTTT's own pricing page directly, as their free-plan limits have changed multiple times in recent years."
How to Automate a Repetitive Task Without Learning to Code,https://techpulzo.in/how-to-automate-a-repetitive-task-without-learning-to-code,MAJOR REWRITE,"In the worked Zapier example, ""the entire setup takes under fifteen minutes for someone who has never used Zapier before""",UNSUPPORTED,,,N/A,"Specific time estimate for a first-time user with no testing evidence or source cited — presented as fact. Should either be based on actual user testing (screen-recorded, as the editorial note requests) or softened to an approximate range."
How to Automate a Repetitive Task Without Learning to Code,https://techpulzo.in/how-to-automate-a-repetitive-task-without-learning-to-code,MAJOR REWRITE,"""Tasker (paid) or routines inside Google Home settings cover similar ground"" for automating Android phones",VERIFIABLE,,,Could Not Verify,"Directionally accurate general knowledge (Tasker is indeed a long-standing paid Android automation app, and Google Home has routines), but current pricing/feature scope for Tasker was not independently re-verified this pass. Confirm against Tasker's current Play Store listing before publishing."
How to Automate a Repetitive Task Without Learning to Code,https://techpulzo.in/how-to-automate-a-repetitive-task-without-learning-to-code,MAJOR REWRITE,"This is an 18-section article on a topic the editorial team says needs only 6-8 sections, padded with sections like ""Why Sharing an Automation With a Colleague Multiplies Its Value"" and ""A Quick Word on Data Privacy When Connecting Apps""",OPINION,,,N/A,"Structural/editorial issue rather than a factual claim — flagged here per the editorial reason. Needs a full trim to 6-8 substantive sections built around a real worked automation with screenshots, per the editorial note, rather than more generic advice padding."
How to Turn a Spreadsheet Into a Simple Budget Tracker,(not live) /how-to-turn-a-spreadsheet-into-a-simple-budget-tracker,MAJOR REWRITE,"A SUMIF formula referencing the category column, a category name, and the amount column ""gives you total spend for that category instantly, updating itself the moment you add a row""",VERIFIABLE,Google Docs Editors Help — SUMIF function,https://support.google.com/docs/answer/3093583,Confirmed,Core function behavior confirmed by Google's own documentation (SUMIF returns a conditional sum across a range). The 'updates the moment you add a row' claim is accurate only if the new row falls within the range the formula already references — worth a one-line caveat about using full-column or sufficiently large ranges.
How to Turn a Spreadsheet Into a Simple Budget Tracker,(not live) /how-to-turn-a-spreadsheet-into-a-simple-budget-tracker,MAJOR REWRITE,"The vague mental estimate most people rely on instead of tracking ""studies on personal finance behavior consistently show is off by a wide margin from actual spending, often by a surprising amount""",UNSUPPORTED,,,N/A,"Classic unsupported 'studies show' claim — no study is named, no figure given, no link. Either cite a specific personal-finance behavioral study or drop the claim entirely rather than gesturing at unnamed research."
How to Turn a Spreadsheet Into a Simple Budget Tracker,(not live) /how-to-turn-a-spreadsheet-into-a-simple-budget-tracker,MAJOR REWRITE,"""Over-engineering the template is the single most common reason people abandon budget trackers before month two""",UNSUPPORTED,,,N/A,Stated as the definitive top cause of budget-tracker abandonment with no survey or data source. Reframe as the author's opinion/observation rather than an established 'most common reason.'
How to Turn a Spreadsheet Into a Simple Budget Tracker,(not live) /how-to-turn-a-spreadsheet-into-a-simple-budget-tracker,MAJOR REWRITE,"The entire article never shows an actual formula screenshot, worked spreadsheet, or downloadable template despite describing SUMIF formulas, pivot tables, and conditional formatting in detail",POTENTIALLY MISLEADING,,,N/A,"Per the editorial note, a spreadsheet tutorial that never shows a real formula, screenshot, or downloadable template fails on its own central promise — readers are told exactly what to build but given nothing to copy or verify against. Needs a real worked Google Sheets template linked/embedded, not just prose description."
How to Find Freelance Work in India Without Bidding to the Bottom,(not live) /how-to-find-freelance-work-in-india-without-bidding-to-the-bottom,MAJOR REWRITE,"""If your freelance income crosses ₹20 lakh a year (₹10 lakh in some special-category states), GST registration becomes mandatory""",VERIFIABLE,CBIC (Central Board of Indirect Taxes and Customs) GST FAQ,https://cbic-gst.gov.in/faq.html,Confirmed,None needed — CBIC's own FAQ confirms the ₹20 lakh general threshold and ₹10 lakh threshold for special category states for GST registration of service providers.
How to Find Freelance Work in India Without Bidding to the Bottom,(not live) /how-to-find-freelance-work-in-india-without-bidding-to-the-bottom,MAJOR REWRITE,"""Exporting services to foreign clients through an LUT filing lets you bill without charging GST on top""",VERIFIABLE,CBIC GST sectoral FAQ,https://cbic-gst.gov.in/sectoral-faq.html,Partially Confirmed,"CBIC's FAQ confirms the underlying mechanism — export of services is zero-rated when proceeds are realized in convertible foreign exchange — which is consistent with the LUT (Letter of Undertaking) export route described, though the specific term 'LUT' wasn't found in the exact FAQ text pulled this pass. Confirm directly against the CGST Rules/LUT circular before publishing."
How to Find Freelance Work in India Without Bidding to the Bottom,(not live) /how-to-find-freelance-work-in-india-without-bidding-to-the-bottom,MAJOR REWRITE,"""For international payments, Wise and Payoneer typically beat direct bank wire transfers on both fees and exchange rate""",UNSUPPORTED,,,N/A,"This is the article's own stated angle per the editorial note, yet no actual fee percentages, exchange-rate margins, or a comparison table are given for Wise, Payoneer, and bank wire transfers. Needs real, current numbers (e.g., Wise's published mid-market-rate fee vs. a named bank's wire fee and FX markup) to be a genuinely useful comparison rather than a vague claim."
How to Find Freelance Work in India Without Bidding to the Bottom,(not live) /how-to-find-freelance-work-in-india-without-bidding-to-the-bottom,MAJOR REWRITE,"""Scroll any open project on Upwork or in an Indian freelance Facebook group and you'll see the same thing: a ₹15,000 job pulling forty bids, half of them under ₹2,000""",EXPERIENCE,,,N/A,"Presented as a directly observed, specific example but no actual job posting, screenshot, or link is given — reads as a plausible but generic/fabricated-feeling illustrative stat. Replace with a real screenshotted example or reframe as an illustrative hypothetical rather than implied direct observation."
How to Find Freelance Work in India Without Bidding to the Bottom,(not live) /how-to-find-freelance-work-in-india-without-bidding-to-the-bottom,MAJOR REWRITE,"""Referrals from past clients are still the highest-converting channel there is""",OPINION,,,N/A,"Widely believed in freelance/sales circles but no conversion-rate data or source is cited for 'highest-converting.' Fine as stated opinion, but should not be read as a measured statistic."
How to Find Freelance Work in India Without Bidding to the Bottom,(not live) /how-to-find-freelance-work-in-india-without-bidding-to-the-bottom,MAJOR REWRITE,"The entire article gives generic marketplace/positioning advice with no named case study, no named freelancer, and no real Wise/Payoneer fee numbers despite promising exactly that comparison in its own framing",UNSUPPORTED,,,N/A,"Per the editorial note, this is generic marketplace advice with no case study or named freelancer, and the Wise/Payoneer comparison — the article's own stated angle — is never given real numbers. Needs at least one concrete, named example (a real or realistic detailed case study) and an actual fee/exchange-rate comparison table."
How to Write a Portfolio That Gets Replies When You Have No Client Work Yet,(not live) /how-to-write-a-portfolio-that-gets-replies-when-you-have-no-client-work-yet,MAJOR REWRITE,"""A recruiter or founder looking at portfolios spends seconds per project, not minutes.""",UNSUPPORTED,,,N/A,"Presented as a hard behavioral fact with no citation (no eye-tracking study, hiring-manager survey, or named source). Either attribute to a specific study/source or reframe as the author's estimate."
How to Write a Portfolio That Gets Replies When You Have No Client Work Yet,(not live) /how-to-write-a-portfolio-that-gets-replies-when-you-have-no-client-work-yet,MAJOR REWRITE,"""Two strong, well-documented pieces of work are enough to start reaching out and applying — you don't need to wait for five or six before you're 'ready.'""",OPINION,,,N/A,"Subjective career advice, not a checkable fact. No correction needed beyond labeling it as guidance rather than a rule."
How to Write a Portfolio That Gets Replies When You Have No Client Work Yet,(not live) /how-to-write-a-portfolio-that-gets-replies-when-you-have-no-client-work-yet,MAJOR REWRITE,"""Most cold outreach, even good outreach, gets more silence than replies, that's normal, not a sign the approach is wrong.""",UNSUPPORTED,,,N/A,Plausible but stated as fact with no response-rate data (e.g. cold-outreach benchmark studies exist and could be cited). Add a source or soften to opinion.
How to Write a Portfolio That Gets Replies When You Have No Client Work Yet,(not live) /how-to-write-a-portfolio-that-gets-replies-when-you-have-no-client-work-yet,MAJOR REWRITE,"""A two-to-three-minute screen recording where you talk through your reasoning does more work than a wall of text ... it also filters for confidence.""",OPINION,,,N/A,"Subjective judgment about format effectiveness; not independently checkable. No correction required, but should not be phrased as settled fact."
How to Write a Portfolio That Gets Replies When You Have No Client Work Yet,(not live) /how-to-write-a-portfolio-that-gets-replies-when-you-have-no-client-work-yet,MAJOR REWRITE,"The entire article is built on scripted hypothetical dialogue and abstract advice (e.g. the teardown method, case-study framing, one-page portfolio) without ever showing one real, worked portfolio example, screenshot, or before/after.",UNSUPPORTED,,,N/A,"This is the core gap flagged by the editorial decision: replace invented dialogue with one real, shown teardown example (an actual screen, actual before/after copy, an actual case-study writeup) so the advice has a demonstrated referent instead of remaining purely hypothetical."
How to Write a Portfolio That Gets Replies When You Have No Client Work Yet,(not live) /how-to-write-a-portfolio-that-gets-replies-when-you-have-no-client-work-yet,MAJOR REWRITE,"""Real work with a real client's context, even a small one, generally outweighs a self-initiated project in credibility.""",OPINION,,,N/A,"Reasonable hiring-industry opinion, not independently verifiable. No correction required."
"How to Answer ""Why Are You Leaving Your Current Job"" Honestly and Well",(not live) /how-to-answer-why-are-you-leaving-your-current-job-honestly-and-well,MAJOR REWRITE,"""Many interviewers ask this within the first few minutes deliberately, before you've had time to fully settle in.""",UNSUPPORTED,,,N/A,"Asserted as deliberate interviewer strategy with no source (no hiring-manager survey, no named interview-technique reference). Attribute to a source or reframe as the author's observation."
"How to Answer ""Why Are You Leaving Your Current Job"" Honestly and Well",(not live) /how-to-answer-why-are-you-leaving-your-current-job-honestly-and-well,MAJOR REWRITE,"""In many Indian corporate interviews, a slightly more formal, measured tone is expected for this specific question compared to some other markets, and openly criticizing a current employer ... tends to land worse here than a neutral, growth-framed answer.""",UNSUPPORTED,,,N/A,"This is exactly the unsupported cultural generalization flagged by the editorial decision. No cross-cultural interview research, HR survey, or named source is cited for a claimed difference between Indian and other markets' interview norms. Either cite real research/practitioner sourcing (e.g. Indian HR association guidance, recruiter interviews) or remove the claim; do not present a stereotype-adjacent generalization as settled fact."
"How to Answer ""Why Are You Leaving Your Current Job"" Honestly and Well",(not live) /how-to-answer-why-are-you-leaving-your-current-job-honestly-and-well,MAJOR REWRITE,"""Interviewers often circle back to your stated reason for leaving later in the conversation, comparing it against how you describe your current responsibilities ... an inconsistency here reads as a bigger red flag than the original reason ever would have.""",UNSUPPORTED,,,N/A,Plausible interviewing behavior stated as universal fact with no source. Reframe as common practitioner advice rather than a verified pattern.
"How to Answer ""Why Are You Leaving Your Current Job"" Honestly and Well",(not live) /how-to-answer-why-are-you-leaving-your-current-job-honestly-and-well,MAJOR REWRITE,"""This question is one where nervous body language ... gets noticed more on video than in person, since a static camera frame makes small shifts in posture and expression more visible.""",UNSUPPORTED,,,N/A,No cited research on video-interview perception vs in-person; presented as established fact. Needs a source (e.g. HR/communication research on video interviews) or should be softened to opinion.
"How to Answer ""Why Are You Leaving Your Current Job"" Honestly and Well",(not live) /how-to-answer-why-are-you-leaving-your-current-job-honestly-and-well,MAJOR REWRITE,"The entire article is template/script content (long lists of quoted sample lines for every scenario) with no real interview transcript, hiring-manager quote, or grounded anecdote behind any of it.",EXPERIENCE,,,N/A,"Fabricated/generic-sounding — reads as invented sample dialogue rather than a real interview or first-hand account. Needs a genuine grounding example (real interview scenario, HR practitioner input) per the editorial decision, not more scripted lines."
"How to Answer ""Why Are You Leaving Your Current Job"" Honestly and Well",(not live) /how-to-answer-why-are-you-leaving-your-current-job-honestly-and-well,MAJOR REWRITE,"""most interviewers have seen enough of them across the industry by now to not treat it as a red flag by default"" (referring to layoffs).",OPINION,,,N/A,"Reasonable but subjective assessment of interviewer attitudes; not independently checkable. No correction required beyond noting it is opinion, not fact."
How to Get a Duplicate PAN Card Online,(not live) /how-to-get-a-duplicate-pan-card-online,MAJOR REWRITE,"""Fees are modest — typically in the range of ₹50 for the e-PAN and closer to ₹100 or more for a physical card with delivery, though exact amounts are set on the portal at the time of application and can change.""",OUTDATED,Protean eGov (NSDL) PAN Reprint portal; UTIITSL PAN Reprint portal,https://onlineservices.proteantech.in/paam/ReprintEPan.html ; https://www.pan.utiitsl.com/PAN/reprint.html,Contradicted,"Current official fees are the reverse of what's stated and different in amount. Per Protean eGov and UTIITSL: physical PAN card reprint dispatched within India costs ₹50 (inclusive of taxes), and ₹959 for dispatch outside India. e-PAN delivered to the registered email is free (up to 3 times) if requested within 30 days of PAN allotment/data change, or ₹8.26 (inclusive of taxes) if requested after 30 days — not '~₹50 for e-PAN and ~₹100+ for physical' as the article states. The article correctly flags its own numbers as possibly outdated; replace with these verified current figures and cite the portals directly, since fees are government-set and can change."
How to Get a Duplicate PAN Card Online,(not live) /how-to-get-a-duplicate-pan-card-online,MAJOR REWRITE,"""a physical card mailed to your address ... costs somewhat more and takes about two to three weeks depending on India Post delivery timelines.""",VERIFIABLE,UTIITSL PAN Reprint portal,https://www.pan.utiitsl.com/PAN/reprint.html,Partially Confirmed,"UTIITSL states a reprinted physical card typically reaches the registered address within 15-20 working days via India Post Speed Post — roughly two-and-a-half to three weeks including weekends, which is in the right range but slightly longer than the article's low end. Tighten to '15-20 working days' with the source cited, rather than a vaguer 'two to three weeks.'"
How to Get a Duplicate PAN Card Online,(not live) /how-to-get-a-duplicate-pan-card-online,MAJOR REWRITE,"e-PAN (PDF) delivery is ""near-instant once processed.""",VERIFIABLE,UTIITSL PAN services,https://www.pan.utiitsl.com/PAN/reprint.html,Confirmed,Consistent with official guidance that e-PAN is typically available within minutes to a few hours of a successful request. No correction needed beyond citing the source.
How to Get a Duplicate PAN Card Online,(not live) /how-to-get-a-duplicate-pan-card-online,MAJOR REWRITE,"""Since PAN and Aadhaar are linked, verification is done via an OTP sent to your Aadhaar-registered mobile number.""",VERIFIABLE,Protean eGov / UTIITSL PAN reprint process,https://onlineservices.proteantech.in/paam/ReprintEPan.html,Confirmed,Matches the official reprint flow (PAN + Aadhaar + DOB entry followed by Aadhaar-linked OTP authentication). No correction needed.
How to Get a Duplicate PAN Card Online,(not live) /how-to-get-a-duplicate-pan-card-online,MAJOR REWRITE,"""the instant e-PAN download on the income tax e-filing portal itself. It's a separate, free facility for anyone with a valid Aadhaar and no existing PAN issues.""",VERIFIABLE,Income Tax e-filing portal (incometax.gov.in) — Instant e-PAN facility,https://www.incometax.gov.in/iec/foservices/#/pre-login/instant-e-pan,Could Not Verify,"The official incometax.gov.in Instant e-PAN page returned a server error (HTTP 503) and the incometaxindia.gov.in mirror returned 403 during verification, so the current fee/eligibility text could not be directly confirmed from the primary source at this time. Third-party finance sites consistently describe this Aadhaar-based instant e-PAN facility as free, but before publishing, re-check the live incometax.gov.in page directly (it is also worth noting this instant e-PAN facility is really for those without an existing PAN, or to link Aadhaar to an already-issued PAN — it is not the standard route for a lost/damaged card reprint, which is the article's actual topic)."
How to Get a Duplicate PAN Card Online,(not live) /how-to-get-a-duplicate-pan-card-online,MAJOR REWRITE,"""a printed color copy of the e-PAN PDF is generally accepted"" by banks that ask for a physical copy.",UNSUPPORTED,,,N/A,"No bank policy, RBI KYC circular, or other source is cited for this claim about bank acceptance of printed e-PAN copies. Bank practices vary by branch; cite RBI KYC guidance or remove the generalized claim."
How to Get a Duplicate PAN Card Online,(not live) /how-to-get-a-duplicate-pan-card-online,MAJOR REWRITE,"""most institutions accepting PAN as identification now accept the digital PDF version just as readily as the physical card for verification purposes.""",UNSUPPORTED,,,N/A,"Stated as a broad institutional fact with no source. While e-PAN is legally valid, 'most institutions accept it just as readily' is an unverified generalization about real-world practice; needs a survey/source or should be softened."
How to Say No to Extra Work Without Damaging the Relationship,(not live) /how-to-say-no-to-extra-work-without-damaging-the-relationship,MAJOR REWRITE,"""A fast, clear no is read as more respectful than a slow, agonized one, even though it feels harder to deliver in the moment.""",UNSUPPORTED,,,N/A,Presented as a settled behavioral finding with no workplace-psychology source cited. Reframe as opinion or attribute to actual research on communication/decisiveness.
How to Say No to Extra Work Without Damaging the Relationship,(not live) /how-to-say-no-to-extra-work-without-damaging-the-relationship,MAJOR REWRITE,"""Most people overestimate how much a reasonable no damages a working relationship ... a well-reasoned no rarely gets remembered past the week it happened.""",UNSUPPORTED,,,N/A,"No workplace study or survey is cited for this claim about memory/perception of declined requests. Needs a source or should be clearly framed as the author's belief, not a measured finding."
How to Say No to Extra Work Without Damaging the Relationship,(not live) /how-to-say-no-to-extra-work-without-damaging-the-relationship,MAJOR REWRITE,"The article has no India-specific workplace context (hierarchy norms, manager expectations, typical office dynamics) despite the site's general focus on Indian readers, and is built entirely as a generic, placeless template.",UNSUPPORTED,,,N/A,"This is the core gap flagged by the editorial decision. Rebuild around real Indian workplace norms (e.g. hierarchy-sensitive phrasing, how 'no' is typically received across common Indian corporate/startup structures) rather than a placeless, generic script — ideally grounded in real accounts rather than invented scenarios."
How to Say No to Extra Work Without Damaging the Relationship,(not live) /how-to-say-no-to-extra-work-without-damaging-the-relationship,MAJOR REWRITE,"""Colleagues and managers who see someone decline selectively but consistently, always with a real reason, tend to trust that person's eventual yes more, not less.""",UNSUPPORTED,,,N/A,Plausible workplace dynamic but asserted without any citation. Needs a source (management research) or should read as opinion.
How to Say No to Extra Work Without Damaging the Relationship,(not live) /how-to-say-no-to-extra-work-without-damaging-the-relationship,MAJOR REWRITE,"The recommended 'sandwich structure' (acknowledge, state the no with a reason, offer a real alternative) is the best way to decline work without damaging a relationship.",OPINION,,,N/A,"A subjective communication-technique recommendation, not independently checkable. No correction required."
How to Organize Your Email Inbox in Under 30 Minutes,(not live) /how-to-organize-your-email-inbox-in-under-30-minutes,MAJOR REWRITE,"""past a few hundred emails, browsing a folder tree takes longer than typing two or three keywords into search ever would.""",UNSUPPORTED,,,N/A,Presented as a measured threshold ('a few hundred emails') with no usability study or source cited. Either cite real UX research on search vs. folder navigation or remove the false precision.
How to Organize Your Email Inbox in Under 30 Minutes,(not live) /how-to-organize-your-email-inbox-in-under-30-minutes,MAJOR REWRITE,"""This is usually where the majority of daily inbox volume disappears from — not from better filing, but from fewer emails arriving at all"" (referring to unsubscribing from newsletters).",UNSUPPORTED,,,N/A,No data is cited on what share of inbox volume is typically promotional/newsletter mail. Plausible but unverified; needs a source or should be softened to 'often' rather than presented as a general rule.
How to Organize Your Email Inbox in Under 30 Minutes,(not live) /how-to-organize-your-email-inbox-in-under-30-minutes,MAJOR REWRITE,"""Most inboxes, even ones with years of neglect, don't need more than the two or three passes described here to reach a manageable state.""",UNSUPPORTED,,,N/A,Asserted as a general fact about 'most inboxes' with no data or real example behind it. Needs a source or a real demonstrated case; otherwise reframe as the author's expectation.
How to Organize Your Email Inbox in Under 30 Minutes,(not live) /how-to-organize-your-email-inbox-in-under-30-minutes,MAJOR REWRITE,The three-state (Action/Waiting/Reference) system takes under 30 minutes to set up 'even with years of backlog' and the whole article structure (20 H2 sections) is presented as organically derived advice.,UNSUPPORTED,,,N/A,"Per the editorial decision, this reads as programmatic long-tail keyword expansion (20 sections, 1,532 words) with zero sourcing and no concrete anecdote demonstrating the 30-minute claim on a real inbox. Needs a real, shown example (e.g. an actual before/after inbox count) rather than an assumed universal timeframe."
How to Organize Your Email Inbox in Under 30 Minutes,(not live) /how-to-organize-your-email-inbox-in-under-30-minutes,MAJOR REWRITE,"""the adjustment period is normal and short ... usually within the first week or two of consistent use"" (habit formation timeline).",UNSUPPORTED,,,N/A,"A specific habit-formation timeframe stated as fact with no behavioral-science citation (there is real research on habit formation timelines that could be cited, e.g. studies on habit automaticity). Needs a source or should be reframed as anecdotal expectation."
How to Batch Small Tasks So They Stop Interrupting Deep Work,(not live) /how-to-batch-small-tasks-so-they-stop-interrupting-deep-work,MAJOR REWRITE,"""If that cost is, conservatively, a couple of minutes per switch, then twenty scattered small tasks across a day cost you far more in lost focus than the tasks themselves take to do.""",UNSUPPORTED,,,N/A,"This is exactly the invented-sounding precise number flagged by the editorial decision — 'a couple of minutes per switch' is presented as measured but has no citation. There is real published research on attention residue and task-switching costs (e.g. Sophie Leroy's 2009 'Why is it so hard to do my work?' study, or Gloria Mark's task-interruption research at UC Irvine) that should be cited with its actual figures instead of an invented round number."
How to Batch Small Tasks So They Stop Interrupting Deep Work,(not live) /how-to-batch-small-tasks-so-they-stop-interrupting-deep-work,MAJOR REWRITE,"""Most people notice the difference in their focus within the first day or two, well before the small tasks themselves start to feel like a burden.""",UNSUPPORTED,,,N/A,"Specific timeframe ('first day or two') presented as a general outcome with no study, survey, or real user account behind it. Needs a source or a real anecdote; otherwise remove the false precision."
How to Batch Small Tasks So They Stop Interrupting Deep Work,(not live) /how-to-batch-small-tasks-so-they-stop-interrupting-deep-work,MAJOR REWRITE,"""Most people who try it stick with some version of it afterward, even if the exact window timing shifts to fit their own schedule better.""",UNSUPPORTED,,,N/A,No data on adoption/retention rates for task batching is cited. Needs a source or should be reframed as the author's expectation rather than an observed outcome.
How to Batch Small Tasks So They Stop Interrupting Deep Work,(not live) /how-to-batch-small-tasks-so-they-stop-interrupting-deep-work,MAJOR REWRITE,"The entire article's supporting numbers (re-entry cost per switch, window lengths of 15-20 minutes, 'under five seconds' capture time) are presented with specific figures but with no company, tool, or person-specific example, study citation, or real measurement anywhere in the piece.",UNSUPPORTED,,,N/A,"Per the editorial decision, needs real sourcing (cite actual attention-residue/context-switching research with real figures) or a full illustrative reframe with a real, named example of someone using this system — not more invented-sounding precise numbers."
How to Batch Small Tasks So They Stop Interrupting Deep Work,(not live) /how-to-batch-small-tasks-so-they-stop-interrupting-deep-work,MAJOR REWRITE,"Three fixed daily batch windows (mid-morning, after lunch, end of day) of 15-20 minutes each is a workable pattern for most people.",OPINION,,,N/A,"A subjective scheduling recommendation, not independently checkable. No correction required beyond framing it as one suggested pattern rather than a proven optimum."
JavaScript Basics: The Concepts Every Beginner Actually Needs,https://techpulzo.in/javascript-basics-the-concepts-every-beginner-actually-needs,MAJOR REWRITE,"""You'll still see var in older code; avoid it in anything new, since it behaves inconsistently with scope"" — var is function-scoped (not block-scoped) and leaks out of blocks like if/for, unlike let/const.",VERIFIABLE,MDN Web Docs — var statement reference,https://developer.mozilla.org/en-US/docs/Web/JavaScript/Reference/Statements/var,Confirmed,"Accurate: MDN confirms var is function/global-scoped and that block constructs (if, for, try/catch, switch) do not create a scope for var, so a var declared inside a block remains accessible outside it — unlike let, which is block-scoped. No correction needed; optionally name the specific behavior (block-leaking, hoisting to function top) rather than the vaguer 'behaves inconsistently.'"
JavaScript Basics: The Concepts Every Beginner Actually Needs,https://techpulzo.in/javascript-basics-the-concepts-every-beginner-actually-needs,MAJOR REWRITE,"Arrow functions and function declarations ""do the same thing here — the difference matters more in specific situations (like handling this inside objects).""",VERIFIABLE,MDN Web Docs — Arrow function expressions,https://developer.mozilla.org/en-US/docs/Web/JavaScript/Reference/Functions/Arrow_functions,Confirmed,"Accurate: MDN confirms arrow functions do not have their own `this` binding and instead inherit it lexically from the enclosing scope, unlike regular functions where `this` depends on how the function is called — exactly the distinction the article gestures at without naming it directly. No correction needed; could be made more concrete with a short example."
JavaScript Basics: The Concepts Every Beginner Actually Needs,https://techpulzo.in/javascript-basics-the-concepts-every-beginner-actually-needs,MAJOR REWRITE,"""Confusing = and === — a single = assigns a value; === compares two values. Using the wrong one is one of the most common beginner bugs.""",VERIFIABLE,MDN Web Docs — Equality operators reference,https://developer.mozilla.org/en-US/docs/Web/JavaScript/Reference/Operators/Equality,Partially Confirmed,"The = vs === distinction is correct per MDN. However, the article's 'Where Beginners Usually Get Stuck' section skips == (loose equality) entirely — a common source of real beginner bugs (e.g. ""1"" == 1 is true due to type coercion, but ""1"" === 1 is false). Add a brief note on == vs === specifically, not just = vs ===, since confusing those two is at least as common a beginner trap."
JavaScript Basics: The Concepts Every Beginner Actually Needs,https://techpulzo.in/javascript-basics-the-concepts-every-beginner-actually-needs,MAJOR REWRITE,"""map transforms every item and returns a new array of the same length. filter keeps only items that pass a test. reduce combines everything into a single value.""",VERIFIABLE,MDN Web Docs — Array.prototype.map(),https://developer.mozilla.org/en-US/docs/Web/JavaScript/Reference/Global_Objects/Array/map,Confirmed,"Accurate: MDN confirms map() creates a new array of the same length with each element transformed by the callback, leaving the original array unchanged. filter() and reduce() descriptions in the article also match their standard MDN definitions. No correction needed."
JavaScript Basics: The Concepts Every Beginner Actually Needs,https://techpulzo.in/javascript-basics-the-concepts-every-beginner-actually-needs,MAJOR REWRITE,"""await pauses execution of that specific function until the operation finishes, without freezing the whole page.""",VERIFIABLE,MDN Web Docs — async function reference,https://developer.mozilla.org/en-US/docs/Web/JavaScript/Reference/Operators/async_function,Confirmed,"Accurate: MDN confirms await suspends execution of the enclosing async function only, while the main thread and other code continue running; the async function resumes once the awaited Promise settles. No correction needed."
JavaScript Basics: The Concepts Every Beginner Actually Needs,https://techpulzo.in/javascript-basics-the-concepts-every-beginner-actually-needs,MAJOR REWRITE,"""Number — no separate type for integers vs decimals: 42, 3.14"" (JavaScript has a single Number type).",VERIFIABLE,MDN Web Docs — JavaScript data types and structures,https://developer.mozilla.org/en-US/docs/Web/JavaScript/Guide/Data_structures,Confirmed,"Accurate for practical beginner purposes: standard JavaScript Number is a single double-precision floating-point type covering both integers and decimals (BigInt is a separate, more advanced type not needed at this stage). No correction needed; BigInt could optionally be mentioned as an advanced aside."
JavaScript Basics: The Concepts Every Beginner Actually Needs,https://techpulzo.in/javascript-basics-the-concepts-every-beginner-actually-needs,MAJOR REWRITE,"The article never gives beginners a genuinely distinctive teaching angle or real project context — it is textbook JS-101 content localized only by using Indian names (Amit, Priya) in otherwise generic examples.",POTENTIALLY MISLEADING,,,N/A,"Per the editorial decision, this needs a genuinely distinctive teaching angle or real project context (e.g. building one small real feature end-to-end) rather than swapping names into an otherwise interchangeable generic tutorial, which could mislead readers into thinking they've learned something India/context-specific when the content is generic."
"How to Choose Budget Wireless Earbuds Under ₹2,000 — What Actually Matters",https://techpulzo.in/how-to-choose-budget-wireless-earbuds-under-2000-what-actually-matters,MAJOR REWRITE,"""SBC — The bare minimum, present on every Bluetooth device — noticeably compressed sound.""",VERIFIABLE,Bluetooth SIG-derived reporting on A2DP mandatory codec (via SoundGuys/Android Authority coverage of the Bluetooth A2DP spec),https://www.soundguys.com/understanding-bluetooth-codecs-15352/,Confirmed,"Accurate: SBC is the mandatory baseline codec required of all Bluetooth A2DP audio devices per the Bluetooth Advanced Audio Distribution Profile spec, and is widely reported as producing noticeably compressed sound relative to higher-bitrate codecs. The Bluetooth SIG's own public-facing pages do not itself publish a consumer-friendly codec comparison, so this is sourced via reputable technical audio press describing the spec rather than a direct Bluetooth.com codec page. No correction needed."
"How to Choose Budget Wireless Earbuds Under ₹2,000 — What Actually Matters",https://techpulzo.in/how-to-choose-budget-wireless-earbuds-under-2000-what-actually-matters,MAJOR REWRITE,"""AAC — Better quality, especially on iPhones — check that both your phone and the earbuds support it.""",VERIFIABLE,Apple Developer Forums technical discussion on iOS Bluetooth A2DP codec support,https://developer.apple.com/forums/thread/660855,Confirmed,"Accurate: iOS supports SBC and AAC for Bluetooth A2DP and does not support aptX; Apple's implementation is widely reported to favor/optimize AAC, making it the best-quality option on iPhones specifically. No correction needed."
"How to Choose Budget Wireless Earbuds Under ₹2,000 — What Actually Matters",https://techpulzo.in/how-to-choose-budget-wireless-earbuds-under-2000-what-actually-matters,MAJOR REWRITE,"""aptX — Common on Android, better than SBC — needs both the phone and earbuds to support it to matter.""",VERIFIABLE,Reporting on Qualcomm aptX codec support (Android Authority / TechRadar coverage); confirmed absent on iOS via Apple Developer Forums,https://www.androidauthority.com/bluetooth-codecs-997074/,Confirmed,"Accurate: aptX is a Qualcomm-licensed codec widely supported on Android devices (not universal — depends on chipset/OEM) and is not supported on iPhones at all; it requires support on both the source device and the earbuds to be used. No correction needed, though the article could clarify aptX support varies by specific Android phone rather than being universal on Android."
"How to Choose Budget Wireless Earbuds Under ₹2,000 — What Actually Matters",https://techpulzo.in/how-to-choose-budget-wireless-earbuds-under-2000-what-actually-matters,MAJOR REWRITE,"""An IP rating like IPX4 means splash and sweat resistant ... It does not mean submersible.""",VERIFIABLE,IEC 60529 Ingress Protection code standard,https://en.wikipedia.org/wiki/IP_code,Confirmed,"Accurate per IEC 60529: IPX4 certifies protection against water splashing from any direction, not submersion (submersion ratings start at IPX7). No correction needed."
"How to Choose Budget Wireless Earbuds Under ₹2,000 — What Actually Matters",https://techpulzo.in/how-to-choose-budget-wireless-earbuds-under-2000-what-actually-matters,MAJOR REWRITE,"""The battery life on the box is almost always measured at 50% volume with no calls and no active noise cancellation ... expect 60-70% of the advertised figure in daily use.""",UNSUPPORTED,,,N/A,"No manufacturer standard, testing-lab methodology document, or specific source is cited for the '50% volume, no calls, no ANC' measurement claim or the '60-70% of advertised' real-world discount rule. These read as plausible industry rules of thumb but are presented as verified facts. Needs a cited source (e.g. a specific manufacturer's testing disclosure, or an independent lab's methodology like RTINGS) or should be reframed as an estimate."
"How to Choose Budget Wireless Earbuds Under ₹2,000 — What Actually Matters",https://techpulzo.in/how-to-choose-budget-wireless-earbuds-under-2000-what-actually-matters,MAJOR REWRITE,"""Bluetooth 5.0 and above is standard on virtually every budget pair released in the last few years, and the difference between 5.0, 5.1, 5.2, and 5.3 in practice is marginal for typical use.""",VERIFIABLE,Bluetooth SIG core specification version history (as summarized in technical audio press),https://www.soundguys.com/understanding-bluetooth-codecs-15352/,Partially Confirmed,"Broadly accurate for classic A2DP audio streaming (5.1-5.3's headline additions — direction finding, LE Audio/Isochronous Channels, improved channel classification — mainly benefit Bluetooth Low Energy use cases and LE Audio-capable devices, not classic BR/EDR audio used by most sub-₹2,000 earbuds). Should be cited directly to a Bluetooth SIG spec summary rather than left as an unsourced generalization, and could note that 5.2+ matters more once LE Audio/Auracast earbuds become common in this price bracket."
"How to Choose Budget Wireless Earbuds Under ₹2,000 — What Actually Matters",https://techpulzo.in/how-to-choose-budget-wireless-earbuds-under-2000-what-actually-matters,MAJOR REWRITE,"The article never names a single real brand, model, or specific price anywhere in the piece, despite being a buying guide for a market segment intensely dominated by a handful of well-known Indian brands (e.g. boAt, Noise, Realme, OnePlus Buds, Boult).",POTENTIALLY MISLEADING,,,N/A,"This is the fatal gap flagged by the editorial decision: a 'buying guide' for a segment this brand-concentrated that never names one real product or price gives readers no way to actually apply the checklist to a real purchase decision, and implicitly reads as more authoritative/specific than it is. Rewrite with real named models, current prices, and brand-specific notes (e.g. which named budget models actually ship multiple ear-tip sizes, support aptX, or carry IPX4) rather than staying entirely abstract."
How to Learn Python in 30 Days — Complete Beginner Roadmap,(not live) /how-to-learn-python-in-30-days-complete-beginner-roadmap,REBUILD,Average Python developer salary in India: ₹5 – 18 LPA.,VERIFIABLE,Indeed India — Python Developer Salaries,https://in.indeed.com/career/python-developer/salaries,Partially Confirmed,"Salary aggregators (Indeed, Glassdoor, WSCubeTech) place the national average around ₹5.8 LPA, with freshers closer to ₹3–5 LPA and only senior/specialized (AI/ML) roles reaching ₹15–18+ LPA. The article's ₹5–18 LPA framing reads as a single 'average' when it is really the low-to-high spread across experience levels; reframe accordingly and note there is no official government wage survey for this specific role, so all figures are industry estimates."
How to Learn Python in 30 Days — Complete Beginner Roadmap,(not live) /how-to-learn-python-in-30-days-complete-beginner-roadmap,REBUILD,Python is the most beginner-friendly programming language in the world.,OPINION,,,N/A,Subjective ranking claim (some educators would point to Scratch or JavaScript for absolute beginners). Fine to keep as framing/opinion but should not be presented as a settled fact.
How to Learn Python in 30 Days — Complete Beginner Roadmap,(not live) /how-to-learn-python-in-30-days-complete-beginner-roadmap,REBUILD,"FreeCodeCamp Python course on YouTube — 4.5 hours, covers everything",VERIFIABLE,freeCodeCamp — Ultimate Beginner's Python Course,https://www.freecodecamp.org/news/ultimate-beginners-python-course/,Confirmed,"freeCodeCamp's 'Learn Python – Full Course for Beginners' YouTube video runs about 4 hours 26 minutes, consistent with the ~4.5-hour claim. Note freeCodeCamp also publishes longer Python courses (6–13+ hours) under similar branding on the same channel, so the article should name the exact video title to avoid readers landing on the wrong one."
How to Learn Python in 30 Days — Complete Beginner Roadmap,(not live) /how-to-learn-python-in-30-days-complete-beginner-roadmap,REBUILD,"Thirty minutes doesn't feel like much in the moment, but over 30 days it's 15 hours of focused practice.",VERIFIABLE,Self-verified arithmetic (0.5 hr × 30 days = 15 hr),,Confirmed,"Arithmetic is correct, no factual error. Internal consistency note: the Week 1 section earlier tells readers to budget 1–2 hours/day, so this later '30 minutes a day' framing contradicts the roadmap's own stated daily commitment."
How to Learn Python in 30 Days — Complete Beginner Roadmap,(not live) /how-to-learn-python-in-30-days-complete-beginner-roadmap,REBUILD,"The most common drop-off point is around day 10 to 12, right as loops and functions start combining into slightly more complex logic.",UNSUPPORTED,,,Could Not Verify,"Stated as an established pattern but no learning-platform completion data, study, or citation supports the specific 'day 10–12' figure. Either cite real completion-rate data from a MOOC/course provider or reframe as the author's own observation/opinion rather than fact."
How to Learn Python in 30 Days — Complete Beginner Roadmap,(not live) /how-to-learn-python-in-30-days-complete-beginner-roadmap,REBUILD,Learning alongside even one other person... measurably improves follow-through compared to studying entirely alone.,UNSUPPORTED,,,Could Not Verify,"The word 'measurably' implies a specific study or statistic, but none is cited. General accountability/peer-learning research exists in education literature, but this article references none. Soften to opinion/experience framing or add a real citation."
Credit Score in India: How It Works and How to Fix a Bad One,https://techpulzo.in/credit-score-in-india-how-it-works-and-how-to-fix-it,REBUILD,"Fifty to seventy points — that's roughly what a single credit card bill, paid just five days late, can cost you.",POTENTIALLY MISLEADING,Bajaj Housing Finance — Impact of Late Payment on CIBIL Score; Tata Capital — Late Payments Impact Credit Score,https://www.bajajhousingfinance.in/resources/impact-of-late-payment-on-cibil-score,Contradicted,"The 50–100 point drop figures repeated across lender resources are tied to a payment reported as delinquent to the bureau, which generally means the account is roughly 30+ days past due — most card issuers do not report a missed payment to CIBIL until around the 30-day mark. A bill paid 5 days late may incur a late fee/interest but typically is not even reported as a missed payment, so it would not plausibly cause a 50–70 point drop. Correct the article to tie the point-loss figure to a payment still unpaid at ~30 days past due, not 'five days late.'"
Credit Score in India: How It Works and How to Fix a Bad One,https://techpulzo.in/credit-score-in-india-how-it-works-and-how-to-fix-it,REBUILD,Your credit score (most commonly your CIBIL score) ranges 300-900.,VERIFIABLE,TransUnion CIBIL — What is CIBIL Score?,https://www.cibil.com/blog/what-is-cibil-score,Confirmed,None needed — the 300–900 range for CIBIL TransUnion scores is accurate and matches CIBIL's own published documentation.
Credit Score in India: How It Works and How to Fix a Bad One,https://techpulzo.in/credit-score-in-india-how-it-works-and-how-to-fix-it,REBUILD,Above 750 is generally considered good and unlocks better rates; below 650 makes approval harder and more expensive.,VERIFIABLE,TransUnion CIBIL — Free CIBIL Score and Report,https://www.cibil.com/freecibilscore,Confirmed,"Consistent with widely published lender score bands (750+ generally treated as good/prime, below 650 as higher-risk). No correction needed, though exact bank-by-bank cutoffs vary and aren't fixed by CIBIL itself."
Credit Score in India: How It Works and How to Fix a Bad One,https://techpulzo.in/credit-score-in-india-how-it-works-and-how-to-fix-it,REBUILD,"Factor weight table: Payment history ~35%, Credit utilization ~30%, Credit history length ~15%, Credit mix ~10%, New credit inquiries ~10%.",POTENTIALLY MISLEADING,"TransUnion CIBIL (official position: methodology is proprietary, exact weights not published) vs. myFICO — How FICO Scores Are Calculated",https://www.myfico.com/credit-education/whats-in-your-credit-score,Contradicted,"This exact 35/30/15/10/10 breakdown is the U.S. FICO score model's published weighting, not CIBIL's. TransUnion CIBIL has publicly stated that its scoring algorithm and exact factor weightings are proprietary and not disclosed — it confirms payment history and utilization are the most influential factors but does not publish precise percentages (third-party finance blogs give varying, unofficial estimates such as 30/25/25/20, which also don't match this table). The article must stop presenting FICO's exact U.S. figures as CIBIL's documented India-specific methodology. Replace with: CIBIL considers payment history, utilization, credit age, credit mix, and inquiries as the main factors, but does not publish exact weights — and if illustrative percentages are used, they must be explicitly attributed to FICO's U.S. model, not CIBIL's."
Credit Score in India: How It Works and How to Fix a Bad One,https://techpulzo.in/credit-score-in-india-how-it-works-and-how-to-fix-it,REBUILD,Keep the amount you owe below 30% of your total available credit limit; below 10% is even better if trying to raise your score before a big loan application.,VERIFIABLE,Bajaj Finserv Markets — CIBIL Score Calculation,https://www.bajajfinservmarkets.in/cibil-score/cibil-score-calculation,Partially Confirmed,"The sub-30% utilization guideline is a widely repeated industry rule of thumb across Indian lender/fintech resources, but — like the weight table — it is not an official CIBIL-published threshold. Keep as practical guidance but frame it as a common recommendation, not a documented CIBIL rule. The under-10% 'ideal' figure is even less standardized and should be flagged as an aggressive personal target rather than an official benchmark."
Credit Score in India: How It Works and How to Fix a Bad One,https://techpulzo.in/credit-score-in-india-how-it-works-and-how-to-fix-it,REBUILD,"CIBIL, Experian, or Equifax all offer at least one free credit report check per year.",VERIFIABLE,"RBI-mandated Free Full Credit Report (FFCR) rule, effective January 1, 2017, reported by Business Standard",https://www.business-standard.com/article/economy-policy/cibil-to-provide-one-free-credit-report-a-year-raghuram-rajan-116072200201_1.html,Confirmed,"Accurate — RBI mandated in 2016 (effective Jan 1, 2017) that every Credit Information Company provide one free full credit report per calendar year to individuals with a credit history on file. Minor gap: India has a fourth CIC, CRIF High Mark, also covered by this mandate, which the article omits alongside CIBIL, Experian, and Equifax."
Credit Score in India: How It Works and How to Fix a Bad One,https://techpulzo.in/credit-score-in-india-how-it-works-and-how-to-fix-it,REBUILD,A single late payment typically recovers within 3-6 months of consistent on-time payments; a pattern of missed payments or a default takes 12-24 months to rebuild.,UNSUPPORTED,Freed — Late Payment Impact on Credit Score; CreditMantri — Does Making Late Payments Affect the CIBIL Score,https://freed.care/blog/the-impact-of-a-late-payment-on-your-credit-score-explained,Partially Confirmed,"Fintech/lender resources generally cite 6-12 months for recovery from a single late payment (somewhat longer than the article's 3-6 month claim), and there is no consistent published figure for the 12-24 month default-recovery timeline — estimates vary widely across sources and none are officially published by CIBIL. Flag both ranges in the article as rough approximations rather than precise, sourced timelines."
Credit Score in India: How It Works and How to Fix a Bad One,https://techpulzo.in/credit-score-in-india-how-it-works-and-how-to-fix-it,REBUILD,A serious default can remain visible on your credit report for years.,VERIFIABLE,Tata Capital — Late Payments Impact Credit Score: Effect on CIBIL & Fixes,https://www.tatacapital.com/blog/credit-score/does-credit-card-late-payment-affect-cibil-score/,Confirmed,Accurate but imprecise — CIBIL retains default/delinquency records for approximately 7 years from the date of first default. The article could be strengthened by stating the specific 7-year figure instead of the vaguer 'for years.'
Credit Score in India: How It Works and How to Fix a Bad One,https://techpulzo.in/credit-score-in-india-how-it-works-and-how-to-fix-it,REBUILD,Checking your own score through a credit bureau's official free-check service or most banking apps is a 'soft inquiry' and has no effect on the score.,VERIFIABLE,TransUnion CIBIL — Free CIBIL Score and Report,https://www.cibil.com/freecibilscore,Confirmed,Accurate and well-established: self-initiated checks are soft inquiries that do not affect the score; only lender-initiated hard inquiries (as part of a credit application) can. No correction needed.
Credit Score in India: How It Works and How to Fix a Bad One,https://techpulzo.in/credit-score-in-india-how-it-works-and-how-to-fix-it,REBUILD,"Your salary has nothing to do with your credit score directly — Indian credit scores are built entirely from borrowing and repayment behavior, not income.",VERIFIABLE,TransUnion CIBIL — All You Need to Know About Your CIBIL Score,https://www.cibil.com/blog/all-you-need-to-know-about-cibil-score,Confirmed,"Accurate — CIBIL scores are derived purely from credit bureau data (loan/card accounts and repayment history reported by lenders), not income. Income is assessed separately by lenders when deciding loan amount/eligibility, but it is not a bureau score input. No correction needed."
How to Set Up Parental Controls Without Making a Teenager Furious,(not live) /how-to-set-up-parental-controls-without-making-a-teenager-furious,REBUILD,"Google's Family Link on Android and Apple's Screen Time on iOS both let you set daily app time limits, downtime windows, app-specific blocks, and content filtering by age rating on app stores.",VERIFIABLE,Google Families Help — Manage your child's Google Play apps; Apple Support — Use Screen Time to manage your child's iPhone or iPad,https://support.google.com/families/answer/7103028?hl=en,Confirmed,"Accurate description of both platforms' core feature sets (app time limits, downtime/schedules, content filtering by age rating). No correction needed."
How to Set Up Parental Controls Without Making a Teenager Furious,(not live) /how-to-set-up-parental-controls-without-making-a-teenager-furious,REBUILD,Both Family Link and Screen Time also show a weekly activity report to the parent.,VERIFIABLE,Google Guidebooks — Set App Limits with Family Link,https://guidebooks.google.com/family-link/supervision/set-app-limits?hl=en-us,Confirmed,Accurate — both platforms generate a periodic (weekly) screen-time activity summary visible to the parent. No correction needed.
How to Set Up Parental Controls Without Making a Teenager Furious,(not live) /how-to-set-up-parental-controls-without-making-a-teenager-furious,REBUILD,"Both require setting the child's account up as supervised initially, a one-time setup, not an ongoing hassle.",VERIFIABLE,Google Families Help — Add & manage supervision on a current Google Account,https://support.google.com/families/answer/9055704?hl=en,Confirmed,"Accurate for Family Link's supervised-account setup; Apple's equivalent runs through Family Sharing/Child Accounts. Minor overstatement: calling it strictly 'one-time' understates that supervision settings can and often need to be revisited as the child ages, which the article's own later sections (on scaling down controls) actually acknowledge — worth reconciling the two sections."
How to Set Up Parental Controls Without Making a Teenager Furious,(not live) /how-to-set-up-parental-controls-without-making-a-teenager-furious,REBUILD,"Family Link and Screen Time are built around a single primary user per device, so shared family tablets/computers need separate user profiles for controls to apply correctly.",VERIFIABLE,,,Could Not Verify,"Plausible given both platforms' per-account design, but this specific claim about shared-device behavior could not be independently confirmed against current Google/Apple documentation within available research. Verify against current Family Link and Screen Time support docs before publishing, since device-sharing behavior is the kind of detail that changes across OS updates."
How to Set Up Parental Controls Without Making a Teenager Furious,(not live) /how-to-set-up-parental-controls-without-making-a-teenager-furious,REBUILD,Escalating restrictions without a conversation tends to produce a more determined workaround next time instead of actual behavior change.,OPINION,,,N/A,Reasonable parenting/behavioral judgment but not an independently checkable claim — no child-development study is cited. Fine as opinion; should not be implied to be research-backed.
How to Set Up Parental Controls Without Making a Teenager Furious,(not live) /how-to-set-up-parental-controls-without-making-a-teenager-furious,REBUILD,"Most teenagers already know, and often admit privately, that late-night scrolling affects their own sleep and mood the next day.",UNSUPPORTED,,,Could Not Verify,"Presented as an established fact about teen self-awareness with no citation. Sleep-science literature does link screen use to sleep disruption generally, but the specific claim that teens 'often admit privately' this is anecdotal framing with no source — either cite an actual survey/study or reframe as the author's assumption."
How to Set Up Parental Controls Without Making a Teenager Furious,(not live) /how-to-set-up-parental-controls-without-making-a-teenager-furious,REBUILD,"Scripted dialogue sections (e.g., 'What to Say When They Ask Don't You Trust Me?', the group-chat/social-pressure response) presented as practical advice.",EXPERIENCE,,,N/A,"Reads as generic, template-style advice with no first-hand attribution (no named parent, no specific situation) — likely fabricated/generic rather than genuine lived experience. Should be clearly framed as suggested scripts/general guidance, not implied as tested, real-world dialogue from an actual parent."
How to Verify a Company Is Real Before Accepting a Job Offer,(not live) /how-to-verify-a-company-is-real-before-accepting-a-job-offer,REBUILD,Go to the Ministry of Corporate Affairs website (mca.gov.in) and use the 'Check Company/LLP Master Data' search under the MCA Services section.,VERIFIABLE,Vakilsearch — MCA Master Data: Check Company & LLP Details on V3 Portal,https://vakilsearch.com/article/mca-master-data/,Partially Confirmed,"mca.gov.in is the correct domain and the master-data lookup is a real, free government service, but the current official menu item on the MCA V3 portal is labeled 'View Company/LLP Master Data,' not 'Check Company/LLP Master Data.' Update the exact menu wording so readers can locate it."
How to Verify a Company Is Real Before Accepting a Job Offer,(not live) /how-to-verify-a-company-is-real-before-accepting-a-job-offer,REBUILD,"The MCA search returns the company's CIN, date of incorporation, registered office address, and current status (active, dormant, or struck off).",VERIFIABLE,"ebizfiling — MCA Master Data: Company Search, ROC Records & Usage Guide",https://ebizfiling.com/blog/mca-master-data-company-search-roc-records-guide/,Confirmed,Accurate — these are the standard fields returned by the MCA master data search. No correction needed.
How to Verify a Company Is Real Before Accepting a Job Offer,(not live) /how-to-verify-a-company-is-real-before-accepting-a-job-offer,REBUILD,"If the company mentions a GSTIN, verify it on the GST portal (services.gst.in) under Search Taxpayer.",VERIFIABLE,Goods & Services Tax (GST) official government portal — Search Taxpayer service,https://services.gst.gov.in/services/searchtp,Contradicted,"CRITICAL ERROR at the center of a fraud-prevention article: 'services.gst.in' is not the real GST portal — the domain does not even resolve (DNS lookup returns ENOTFOUND; it is not a live, registered site at all). The actual official GST Search Taxpayer service is at https://services.gst.gov.in/services/searchtp, part of the government's gst.gov.in domain operated by GSTN. Directing readers who are trying to verify a potential scam employer to a dead/wrong domain is especially damaging given the article's entire premise is fraud prevention — this must be corrected to services.gst.gov.in before publishing, and the article should also warn readers to double-check they are on a *.gst.gov.in domain generally, since lookalike GST domains are a known phishing pattern."
How to Verify a Company Is Real Before Accepting a Job Offer,(not live) /how-to-verify-a-company-is-real-before-accepting-a-job-offer,REBUILD,"Google the exact office address given — does it map to a real, occupied commercial space, or a residential flat, or nothing at all?",OPINION,,,N/A,"Practical due-diligence advice/heuristic, not itself a checkable factual assertion. No source needed."
How to Verify a Company Is Real Before Accepting a Job Offer,(not live) /how-to-verify-a-company-is-real-before-accepting-a-job-offer,REBUILD,"The EPFO member portal lets you check an establishment's registration status by name, and checking whether a company actively remits provident fund contributions is a strong, hard-to-fake signal.",VERIFIABLE,"EPFO — Establishment Search (Unified Portal, Employer)",https://unifiedportal-emp.epfindia.gov.in/publicPortal/no-auth/misReport/home/loadEstSearchHome,Partially Confirmed,"The establishment search tool does exist and is genuinely useful for this purpose, but the article's label 'EPFO member portal' is imprecise — this lookup lives on EPFO's employer/establishment search tool (unifiedportal-emp.epfindia.gov.in), distinct from the member/UAN portal (unifiedportal-mem.epfindia.gov.in) that employees use for their own PF passbook. Correct the terminology so readers land on the right tool."
How to Verify a Company Is Real Before Accepting a Job Offer,(not live) /how-to-verify-a-company-is-real-before-accepting-a-job-offer,REBUILD,Check how long the domain has existed using any public WHOIS lookup tool.,VERIFIABLE,ICANN — WHOIS Lookup,https://lookup.icann.org/,Confirmed,Accurate — public WHOIS/RDAP lookup tools do show domain registration/creation dates (subject to WHOIS privacy redaction in some cases). No correction needed.
How to Verify a Company Is Real Before Accepting a Job Offer,(not live) /how-to-verify-a-company-is-real-before-accepting-a-job-offer,REBUILD,A company that runs a formal background verification on you is usually a positive signal rather than a red flag.,OPINION,,,N/A,"Reasonable heuristic but a subjective judgment call about what a given practice signals, not an independently checkable fact."
How to Verify a Company Is Real Before Accepting a Job Offer,(not live) /how-to-verify-a-company-is-real-before-accepting-a-job-offer,REBUILD,"Fake job offers tend to spike whenever hiring activity in a sector is picking up, since scammers deliberately mimic real hiring surges.",UNSUPPORTED,,,Could Not Verify,"Presented as an established pattern with no data, study, or fraud-report citation. Plausible but unverified in available research — either cite a real fraud statistics source (e.g., India's Cyber Crime Coordination Centre/I4C reports) or reframe as the author's inference rather than established fact."
How to Verify a Company Is Real Before Accepting a Job Offer,(not live) /how-to-verify-a-company-is-real-before-accepting-a-job-offer,REBUILD,Verifying a company before you accept its offer takes about fifteen minutes and doesn't require any special access.,UNSUPPORTED,,,Could Not Verify,"Specific time estimate stated as fact with no basis given. The number of checks the article itself lists (MCA, GST, WHOIS, LinkedIn, Glassdoor/AmbitionBox, EPFO, calling HR) would plausibly take considerably longer than 15 minutes if done thoroughly. Remove the precise figure or soften to a rough range."
How to Turn Off Ads in Free Android Apps — What Is Legal and What Is Not,(not live) /how-to-turn-off-ads-in-free-android-apps-what-is-legal-and-what-is-not,REBUILD,"Downloading a 'mod APK' that claims to have ads pre-removed is copyright infringement on the developer's side, and violates the terms of service you agreed to when you first installed the real app.",POTENTIALLY MISLEADING,law.asia — Reverse Engineering and India's Copyright Act; SpicyIP — Is Decompilation of Software Legal Under the Indian Copyright Act,https://law.asia/reverse-engineering-and-indias-copyright-act/,Partially Confirmed,"Directionally correct — unauthorized reverse-engineering and redistribution of a copyrighted app likely infringes under India's Copyright Act, 1957 (as amended in 2012 to add anti-circumvention/technological-protection-measure provisions), and separately breaches the app's ToS as a contract matter. But the article asserts this as flat legal fact with zero citation to any actual statute or case. It should name the legal basis (Copyright Act 1957, the 2012 anti-circumvention amendment) and note that Indian law does recognize a fair-use/interoperability exception for reverse engineering — which does not cover redistributing a modified app to others, a distinction the article never draws."
How to Turn Off Ads in Free Android Apps — What Is Legal and What Is Not,(not live) /how-to-turn-off-ads-in-free-android-apps-what-is-legal-and-what-is-not,REBUILD,"Using root access to patch out an app's ad SDK for personal use is a gray area, but distributing that patch or the patched app to others crosses clearly into copyright and platform policy violation.",POTENTIALLY MISLEADING,law.asia — Reverse Engineering and India's Copyright Act,https://law.asia/reverse-engineering-and-indias-copyright-act/,Partially Confirmed,"Broadly consistent with how Indian copyright law treats unauthorized reproduction/distribution vs. narrower personal-use reverse engineering, but again stated with no citation to the actual statute. Reference the Copyright Act 1957 (as amended) directly instead of asserting the legal conclusion as if self-evident."
How to Turn Off Ads in Free Android Apps — What Is Legal and What Is Not,(not live) /how-to-turn-off-ads-in-free-android-apps-what-is-legal-and-what-is-not,REBUILD,"Network-level ad blocking (apps/Private DNS blocking ad domains) doesn't alter the app's code or violate copyright, and is generally treated as acceptable personal use in India.",UNSUPPORTED,,,Could Not Verify,"No Indian statute, regulation, or case law specifically addressing the legality of DNS/network-level ad blocking could be located. The underlying logic (no code is modified, nothing copyrighted is redistributed) is reasonable, but 'generally treated as acceptable... legal' is stated as settled law with zero citation — the same unsupported-legal-claim pattern flagged for the whole article. Either find a real source discussing ad-blocker legality in India specifically, or reframe this section as informed inference rather than a legal conclusion."
How to Turn Off Ads in Free Android Apps — What Is Legal and What Is Not,(not live) /how-to-turn-off-ads-in-free-android-apps-what-is-legal-and-what-is-not,REBUILD,"Google's Play Store developer policies cap how intrusive ads are allowed to be, restricting full-screen interstitials at certain moments and banning ads that mimic system notifications.",VERIFIABLE,Google Play Console Help — Understanding Google Play's Better Ads Experiences policy,https://support.google.com/googleplay/android-developer/answer/12271244?hl=en,Confirmed,"Accurate — Google's Better Ads Experiences policy (effective September 30, 2022) restricts full-screen interstitial ads at app launch/level transitions (with a rewarded, opt-in ad exception) and prohibits ads disguised as system UI/notifications. No correction needed; citing the specific policy name would strengthen the article."
How to Turn Off Ads in Free Android Apps — What Is Legal and What Is Not,(not live) /how-to-turn-off-ads-in-free-android-apps-what-is-legal-and-what-is-not,REBUILD,"Android lets you delete or reset your advertising ID under Settings > Privacy > Ads, and separately opt out of ads personalization.",VERIFIABLE,Google Play Console Help — Advertising ID,https://support.google.com/googleplay/android-developer/answer/6048248?hl=en,Confirmed,"Accurate for Android 12+ devices. Minor note: the exact menu depth/label varies by Android version and OEM skin (e.g., newer stock Android nests it under Settings > Privacy & security > Ads, some OEM skins under Settings > Google > Ads), so this path may drift out of date and should be periodically re-verified against the current Android version."
How to Turn Off Ads in Free Android Apps — What Is Legal and What Is Not,(not live) /how-to-turn-off-ads-in-free-android-apps-what-is-legal-and-what-is-not,REBUILD,"Modified/cracked APKs are a common vector for malware, since there's no verification process behind these files the way there is on the Play Store.",VERIFIABLE,Google Play Protect / general Android security industry reporting on sideloaded APK risk,,Confirmed,"Well-established in security research and Google's own Play Protect reporting that apps distributed outside official stores (including modified/cracked APKs) carry substantially higher malware rates, since they bypass Play Protect's automated scanning. No correction needed, though citing a specific Google Android security transparency report would strengthen the claim's sourcing."
"How to Build a Second Brain With Just Notes and Folders, No App Needed",(not live) /how-to-build-a-second-brain-with-just-notes-and-folders-no-app-needed,REBUILD,"The article presents a four-folder note-organizing system (Active/Reference/Someday/Archive) and the 'second brain' framing as original site advice, without naming or crediting Tiago Forte's PARA method (Projects/Areas/Resources/Archives) or his 'Building a Second Brain' concept, which this structure closely mirrors.",POTENTIALLY MISLEADING,"Forte Labs — ""The PARA Method"" (Tiago Forte)",https://fortelabs.com/blog/para/,Confirmed,"Explicitly credit Tiago Forte's PARA method / Building a Second Brain as the origin of this organizing framework, or clearly explain how the site's Active/Reference/Someday/Archive variant differs from PARA, rather than presenting it as original advice."
"How to Build a Second Brain With Just Notes and Folders, No App Needed",(not live) /how-to-build-a-second-brain-with-just-notes-and-folders-no-app-needed,REBUILD,"""A lot of people have tried building a 'second brain' by downloading Notion, spending a weekend setting up databases and templates, and abandoning it a month later with nothing to show for it.""",EXPERIENCE,,,N/A,"Reads as a generic, unattributed composite scenario rather than a real first-hand account. Replace with a specific, sourced example or reframe as a general observation rather than implied experience."
"How to Build a Second Brain With Just Notes and Folders, No App Needed",(not live) /how-to-build-a-second-brain-with-just-notes-and-folders-no-app-needed,REBUILD,"Notes stored as plain text or a basic native app format ""remain readable regardless of what happens to the app itself years from now,"" while proprietary app formats become hard to migrate.",OPINION,,,N/A,"A defensible but subjective technology recommendation (data portability/vendor lock-in concerns), not a specific checkable factual claim. No correction needed beyond noting it as opinion, not verified fact."
"How to Build a Second Brain With Just Notes and Folders, No App Needed",(not live) /how-to-build-a-second-brain-with-just-notes-and-folders-no-app-needed,REBUILD,"""If you can't find [a filed note] within thirty seconds, that's a signal your naming habit needs tightening, not a sign you need a more complicated system.""",UNSUPPORTED,,,Could Not Verify,"The 'thirty seconds' benchmark is presented as a diagnostic rule but has no cited source, study, or usability research behind it. Reframe as a rough personal heuristic rather than an established standard."
"How to Build a Second Brain With Just Notes and Folders, No App Needed",(not live) /how-to-build-a-second-brain-with-just-notes-and-folders-no-app-needed,REBUILD,"A note that's just ""deposit issue landlord"" is far harder to find with natural-language search months later than one written as a full sentence, even though both take the same few seconds to write.",UNSUPPORTED,,,Could Not Verify,"Plausible given how keyword/semantic search generally works, but no research, testing, or search-engine documentation is cited to support the specific comparison. Note as an untested assertion."
"How to Build a Second Brain With Just Notes and Folders, No App Needed",(not live) /how-to-build-a-second-brain-with-just-notes-and-folders-no-app-needed,REBUILD,"""The search for a perfect tool is itself a form of procrastination on the actual habit that matters.""",OPINION,,,N/A,"Subjective framing/judgment, not a factual claim. No correction needed."
"How to Actually Stick to a Morning Routine, Based on What Derails Most People",(not live) /how-to-actually-stick-to-a-morning-routine-based-on-what-derails-most-people,REBUILD,"""Cortisol naturally rises shortly after waking as part of a normal daily rhythm.""",VERIFIABLE,"Wikipedia, summarizing peer-reviewed research — ""Cortisol awakening response""",https://en.wikipedia.org/wiki/Cortisol_awakening_response,Confirmed,"The cortisol awakening response (CAR) — a documented rise of roughly 38-75% in cortisol peaking 30-45 minutes after waking — is well established in sleep science. No correction to the core fact needed, though see next claim for the unsupported causal extension built on top of it."
"How to Actually Stick to a Morning Routine, Based on What Derails Most People",(not live) /how-to-actually-stick-to-a-morning-routine-based-on-what-derails-most-people,REBUILD,"Building in a short buffer before effortful tasks ""works with this natural curve rather than fighting it, and explains why routines that demand peak performance immediately on waking tend to fail more often than ones that ease in.""",POTENTIALLY MISLEADING,"PMC / NIH — ""The cortisol awakening response: Fact or fiction?""",https://pmc.ncbi.nlm.nih.gov/articles/PMC12035071/,Partially Confirmed,"The cortisol awakening response itself is real, but there is active scientific debate about whether it is specifically triggered by the act of waking versus circadian timing alone, and no cited research ties CAR directly to morning-routine failure rates. This is an unsupported causal leap dressed up as settled physiology; soften to a hypothesis, not an explanation."
"How to Actually Stick to a Morning Routine, Based on What Derails Most People",(not live) /how-to-actually-stick-to-a-morning-routine-based-on-what-derails-most-people,REBUILD,"""'After I boil the water, I do two minutes of stretching' borrows the reliability of an already-automatic behavior instead of asking a brand-new habit to survive on its own.""",POTENTIALLY MISLEADING,"James Clear — ""Habit Stacking: How to Build New Habits by Taking Advantage of Old Ones""",https://jamesclear.com/habit-stacking,Confirmed,"This is James Clear's named 'habit stacking' technique from Atomic Habits, using his exact formula ('After [CURRENT HABIT], I will [NEW HABIT]'), itself building on BJ Fogg's Tiny Habits research. The article presents the formula as original advice without crediting Clear or the named technique."
"How to Actually Stick to a Morning Routine, Based on What Derails Most People",(not live) /how-to-actually-stick-to-a-morning-routine-based-on-what-derails-most-people,REBUILD,"""Even a casual, low-pressure check-in measurably improves follow-through for most people.""",UNSUPPORTED,,,Could Not Verify,Presented as an established behavioral-science finding ('measurably improves') but no study is cited. Either cite actual accountability/habit-formation research or reframe as opinion/anecdotal advice.
"How to Actually Stick to a Morning Routine, Based on What Derails Most People",(not live) /how-to-actually-stick-to-a-morning-routine-based-on-what-derails-most-people,REBUILD,"""'I'll do my routine if I wake up feeling good' is not a plan, because motivation on waking is unreliable and mostly a function of sleep stage, not commitment.""",VERIFIABLE,"Sleep Foundation — ""Sleep Inertia: How to Combat Morning Grogginess""",https://www.sleepfoundation.org/how-sleep-works/sleep-inertia,Partially Confirmed,"Sleep inertia is real and is affected by which sleep stage a person wakes from, but it is also strongly driven by sleep debt and chronotype misalignment, not sleep stage alone. The article oversimplifies a multi-factor phenomenon into a single cause."
"How to Actually Stick to a Morning Routine, Based on What Derails Most People",(not live) /how-to-actually-stick-to-a-morning-routine-based-on-what-derails-most-people,REBUILD,"""A bright light lamp, inexpensive and widely available, substitutes reasonably well for actual sunlight during the darker months.""",VERIFIABLE,"Sleep Foundation — ""Light Therapy for Insomnia""",https://www.sleepfoundation.org/bedroom-environment/light-therapy,Confirmed,"Confirmed as a legitimate substitute when used correctly (a 10,000-lux light box, 16-24 inches from the face, used in the morning for 20-40 minutes), but the article's vague 'a bright light lamp' omits the lux/duration specifics needed for the advice to actually be actionable."
The Two-Minute Rule for Getting Through a Long To-Do List,(not live) /the-two-minute-rule-for-getting-through-a-long-to-do-list,REBUILD,"The entire article describes and builds on ""the two-minute rule"" (if a task takes under two minutes, do it now instead of writing it down) without ever naming or crediting David Allen or Getting Things Done (GTD), the concept's originator.",POTENTIALLY MISLEADING,"Getting Things Done — ""Episode #79: David Allen with a Two-minute Tip — The Two-minute Rule""",https://gettingthingsdone.com/2020/05/the-two-minute-rule-2/,Confirmed,"The rule as described in the article matches David Allen's GTD two-minute rule almost exactly ('Anything you can do in less than two minutes, if you need to do it at all then do it right then'), including the same efficiency rationale (managing the task later costs more time than doing it). The article should credit David Allen/GTD by name rather than presenting it as original site advice. Note: this is Allen's GTD rule, not James Clear's differently-scoped 'two-minute rule' from Atomic Habits (which is about starting new habits in under two minutes), so crediting GTD specifically is correct."
The Two-Minute Rule for Getting Through a Long To-Do List,(not live) /the-two-minute-rule-for-getting-through-a-long-to-do-list,REBUILD,"Running the two-minute filter as a first pass ""typically clears a third to half of a long list in under ten minutes.""",UNSUPPORTED,,,Could Not Verify,"Specific-sounding statistic ('a third to half,' 'under ten minutes') with no cited source, study, or data behind it. Either attribute to a real source or reword as a rough, unverified expectation."
The Two-Minute Rule for Getting Through a Long To-Do List,(not live) /the-two-minute-rule-for-getting-through-a-long-to-do-list,REBUILD,"""The cutoff isn't arbitrary politeness; it's a break-even point where 'do it now' becomes objectively faster than 'manage it as a task.'""",OPINION,,,N/A,"Restates GTD's own rationale for the two-minute threshold (time cost of tracking a task exceeds the time to just do it) as if it were the site's own analysis. Not independently checkable as a specific 'break-even point' figure; frame as GTD's stated rationale, attributed."
The Two-Minute Rule for Getting Through a Long To-Do List,(not live) /the-two-minute-rule-for-getting-through-a-long-to-do-list,REBUILD,"""If you notice yourself finding an unusual number of 'quick' two-minute items right when a difficult task is due, that's avoidance, not efficiency.""",OPINION,,,N/A,Reasonable behavioral observation but not a checkable factual claim. No correction needed beyond labeling as opinion/advice rather than established fact.
The Two-Minute Rule for Getting Through a Long To-Do List,(not live) /the-two-minute-rule-for-getting-through-a-long-to-do-list,REBUILD,"A two-minute physical task ""often has a hidden setup and cleanup cost around it that makes the two-minute estimate optimistic,"" so the cutoff should be applied more generously to physical tasks.",UNSUPPORTED,,,Could Not Verify,"Plausible extension of GTD logic but not part of Allen's original formulation and not independently sourced here. Present as the site's own reasonable inference, not an established rule."
The Two-Minute Rule for Getting Through a Long To-Do List,(not live) /the-two-minute-rule-for-getting-through-a-long-to-do-list,REBUILD,"""'Send a message asking X' is two minutes, but the underlying task isn't done until they reply, so it still needs a placeholder on the real list.""",OPINION,,,N/A,"A reasonable practical clarification of the rule, not an independently checkable fact. No correction needed."
Best Time of Year to Buy Electronics in India: What the Sales Calendar Shows,(not live) /best-time-of-year-to-buy-electronics-in-india-what-the-sales-calendar-shows,REBUILD,Indian e-commerce platforms run a Republic Day period sale in January.,VERIFIABLE,India.com / Zingoy — Amazon Great Republic Day Sale & Flipkart Republic Day Sale 2026 coverage,https://www.zingoy.com/blog/amazon-flipkart-republic-sale-end-date-timing-2026/,Confirmed,"Confirmed: Amazon's Great Republic Day Sale 2026 runs from January 16, and Flipkart's Republic Day Sale from January 17 (January 16 for Plus/Black members), both ending around January 22-26. Timing matches the article's claim; no correction needed."
Best Time of Year to Buy Electronics in India: What the Sales Calendar Shows,(not live) /best-time-of-year-to-buy-electronics-in-india-what-the-sales-calendar-shows,REBUILD,An Independence Day sale runs in August.,VERIFIABLE,Sundayguardianlive / Cashify — Amazon Great Freedom Sale & Flipkart Freedom Sale 2026 coverage,https://www.cashify.in/news/amazon-flipkart-freedom-sale-dates-announced-on-aug-7-8-huge-offers-await,Confirmed,Confirmed: Amazon's Great Freedom Sale 2026 opens August 7 and Flipkart's Freedom Sale opens August 8 (in 2025 these ran late July/early August). Timing matches the article; no correction needed.
Best Time of Year to Buy Electronics in India: What the Sales Calendar Shows,(not live) /best-time-of-year-to-buy-electronics-in-india-what-the-sales-calendar-shows,REBUILD,"The festive season cluster around September and October (preceding Diwali) ""is generally the deepest and widest discount window of the year"" — repeated in the article's summary table as ""Deepest and widest discounts of the year.""",UNSUPPORTED,,,Could Not Verify,"The September-October festive timing itself is confirmed (Amazon Great Indian Festival and Flipkart Big Billion Days both started Sept 23, 2025, extending into early October), and news coverage describes it as India's biggest sales period by overall retail revenue (₹6.05 lakh crore in 2025, per CAIT) and cites individual deep discounts (e.g., Reliance Digital up to 84% off appliances). However, no source directly compares average discount depth across Republic Day/Independence Day/festive windows specifically for electronics, so the flat claim that festive is 'the deepest and widest' discount window — stated as established fact with no data, exactly as flagged in the editorial review — remains unsupported and should either cite comparative discount data or be softened to reflect that festive season has the highest sales volume, not necessarily the deepest per-item discounts."
Best Time of Year to Buy Electronics in India: What the Sales Calendar Shows,(not live) /best-time-of-year-to-buy-electronics-in-india-what-the-sales-calendar-shows,REBUILD,"""Import duty changes announced in the Union Budget, usually presented in early February, can shift prices on electronics.""",VERIFIABLE,Goodreturns / News on Air — Union Budget presentation date coverage,https://www.goodreturns.in/news/why-india-s-union-budget-is-always-presented-on-february-1-at-11am-know-history-behind-budget-speec-1485701.html,Confirmed,"Confirmed: since 2016, India's Union Budget has been presented on February 1 every year at 11am, which the article rounds to 'early February.' The general point that budget-linked customs/import duty changes affect imported electronics pricing is a well-known and recurring pattern (e.g., component/PCB duty changes in past budgets). No correction needed to the timing claim."
Best Time of Year to Buy Electronics in India: What the Sales Calendar Shows,(not live) /best-time-of-year-to-buy-electronics-in-india-what-the-sales-calendar-shows,REBUILD,"""Buy a flagship phone three weeks before its successor launches and you pay full price for a device that is about to become last year's model overnight. That single timing mistake costs more than most coupon codes will ever save.""",OPINION,,,N/A,"Directionally reasonable (buying right before a refresh is a known bad-value pattern) but the comparative magnitude claim ('costs more than most coupon codes will ever save') is a subjective framing device, not a checkable statistic. No correction needed beyond noting it as opinion."
Best Time of Year to Buy Electronics in India: What the Sales Calendar Shows,(not live) /best-time-of-year-to-buy-electronics-in-india-what-the-sales-calendar-shows,REBUILD,"""Laptops and large appliances often see their deepest cuts during the festive season specifically, while smaller accessories and audio devices sometimes get better standalone deals during mid-year sales.""",UNSUPPORTED,,,Could Not Verify,"Plausible category-level pattern but no specific sale-event data, retailer report, or price-tracking source is cited to support the category comparison. Should cite historical price-tracker data (e.g., from PriceHistory-type tools) or be reframed as a general impression rather than a factual claim."
Prepaid vs Postpaid Mobile Plans: Which Actually Costs Less Over a Year,(not live) /prepaid-vs-postpaid-mobile-plans-which-actually-costs-less-over-a-year,REBUILD,"""For a single user with similar data and calling limits, prepaid unlimited plans from major Indian telecom operators are generally priced lower per month than the closest equivalent individual postpaid plan... a disciplined prepaid user... usually ends up paying somewhat less than an individual postpaid user on a comparable plan.""",OUTDATED,"VoiceNData — ""Jio vs Airtel Postpaid and Prepaid Plans 2026""; TelecomTalk — ""Reliance Jio Rs 349 Recharge vs Bill Plan""",https://www.voicendata.com/mobile/jio-vs-airtel-recharge-plans-2026-which-mobile-plan-gives-better-value-11894934,Partially Confirmed,"The direction is currently correct — at the same ~Rs 349 price point, Jio's prepaid plan gives roughly 56GB (2GB/day for 28 days) vs. the postpaid Rs 349 tier's 30GB, and postpaid additionally attracts 18% GST that prepaid pricing already includes, pushing the effective postpaid cost higher for similar data. But the article gives zero actual rupee figures anywhere (as flagged in the editorial review) despite being titled a cost comparison, and telecom tariffs change frequently (rates shift every few months), so any specific comparison written today will read as outdated within a year unless the article is restructured to reference current published tariffs with a stated 'as of' date."
Prepaid vs Postpaid Mobile Plans: Which Actually Costs Less Over a Year,(not live) /prepaid-vs-postpaid-mobile-plans-which-actually-costs-less-over-a-year,REBUILD,"""The effective per-line cost on a family postpaid plan can undercut everyone on that family being on separate prepaid recharges, especially once you add up multiple individual annual prepaid plan costs... If your household already needs three or four connections, running the comparison per family rather than per person often flips the result in postpaid's favor.""",VERIFIABLE,"Cashify / earticleblog — ""JioPlus Postpaid: Family Plans for up to 4 members""",https://www.cashify.in/jioplus-postpaid-plan-jio-family-plan-validity-offers-explained,Confirmed,"Confirmed directionally: Jio's JioPlus family postpaid plans cover up to 4 connections on one bill starting around Rs 749/month total (or add-on lines from roughly Rs 150-450/month each depending on the base plan), which can undercut the combined cost of 3-4 separate prepaid recharges (each commonly Rs 200-350+/month). The article should include these actual published figures rather than leaving the comparison figure-free."
Prepaid vs Postpaid Mobile Plans: Which Actually Costs Less Over a Year,(not live) /prepaid-vs-postpaid-mobile-plans-which-actually-costs-less-over-a-year,REBUILD,"""Prepaid numbers deactivate if you do not recharge before the validity runs out, and after a grace period the number can be recycled to someone else entirely.""",VERIFIABLE,India TV News / ETV Bharat — TRAI rules on prepaid SIM deactivation after non-recharge,https://www.indiatvnews.com/technology/news/trai-rule-how-many-days-will-jio-airtel-vi-and-bsnl-sims-work-without-recharge-2025-01-18-971927,Confirmed,"Confirmed under TRAI's Telecom Consumer Protection Regulations: prepaid SIMs get roughly 90 days of inactivity tolerance (with a minimum balance rule), then a 15-day grace period, after which the number is deactivated and eventually recycled to a new user (BSNL allows up to 180 days). Article's claim is accurate but could be strengthened by citing the specific ~90-day TRAI window."
Prepaid vs Postpaid Mobile Plans: Which Actually Costs Less Over a Year,(not live) /prepaid-vs-postpaid-mobile-plans-which-actually-costs-less-over-a-year,REBUILD,"""An unpaid or late postpaid bill can affect your credit history through reporting to credit bureaus in some cases, and repeated late payments can lead to service suspension along with late fees.""",VERIFIABLE,"Paytm Blog — ""What If I Don't Pay My Postpaid Bill? Impact 2026""",https://paytm.com/blog/bill-payments/mobile-bills/what-if-i-dont-pay-postpaid-bill/,Partially Confirmed,"Directionally accurate but understated as of 2026: unpaid postpaid bills, particularly larger outstanding amounts (commentary cites thresholds around Rs 5,000) or bills sent to recovery, are increasingly reported to credit bureaus like CIBIL and can lower scores; telecoms typically move to suspension after roughly 30-45 days of non-payment. This practice has expanded significantly since telcos began actively reporting defaults, so the article's cautious 'in some cases' hedge undersells a real and growing risk."
Prepaid vs Postpaid Mobile Plans: Which Actually Costs Less Over a Year,(not live) /prepaid-vs-postpaid-mobile-plans-which-actually-costs-less-over-a-year,REBUILD,"""For anyone who travels internationally with any regularity, postpaid plans typically offer smoother international roaming activation and billing, often just a call or app toggle away. Prepaid international roaming packs need to be purchased and activated separately each trip.""",OPINION,,,N/A,"General industry pattern (postpaid roaming is typically simpler to activate) but no specific operator data or roaming-pack pricing is cited, so it's an unverified generalization rather than a hard fact. Reasonable as written but should be paired with actual roaming pack examples for the rebuild."
Prepaid vs Postpaid Mobile Plans: Which Actually Costs Less Over a Year,(not live) /prepaid-vs-postpaid-mobile-plans-which-actually-costs-less-over-a-year,REBUILD,"""Many employers provide a postpaid connection with a portion of the bill reimbursed or covered entirely, which changes the personal cost calculation completely.""",OPINION,,,N/A,Plausible and widely known corporate practice but not a specific checkable statistic (no data on how common this is). Reasonable as general advice; no correction needed beyond noting it's unverified how 'many' employers actually do this.